r,t,y,AnnualFixedOperatingCost
RE1,MINSOL,2020,0.0024
RE1,MINSOL,2021,0.0024
RE1,MINSOL,2022,0.0024
RE1,MINSOL,2023,0.0024
RE1,MINSOL,2024,0.0024
RE1,MINSOL,2025,0.0024
RE1,MINSOL,2026,0.0025
RE1,MINSOL,2027,0.0025
RE1,MINSOL,2028,0.0025
RE1,MINSOL,2029,0.0025
RE1,MINSOL,2030,0.0025
RE1,PWRSOL,2020,11166.694
RE1,PWRSOL,2021,12283.195
RE1,PWRSOL,2022,12397.062
RE1,PWRSOL,2023,12510.929
RE1,PWRSOL,2024,12624.796
RE1,PWRSOL,2025,12738.663
RE1,PWRSOL,2026,12852.53
RE1,PWRSOL,2027,12966.396
RE1,PWRSOL,2028,12966.396
RE1,PWRSOL,2029,12966.396
RE1,PWRSOL,2030,12966.396
RE1,MINWND,2020,0.0013
RE1,MINWND,2021,0.0013
RE1,MINWND,2022,0.0013
RE1,MINWND,2023,0.0013
RE1,MINWND,2024,0.0013
RE1,MINWND,2025,0.0013
RE1,MINWND,2026,0.0013
RE1,MINWND,2027,0.0013
RE1,MINWND,2028,0.0013
RE1,MINWND,2029,0.0013
RE1,MINWND,2030,0.0013
RE1,PWRWND,2020,10000.0
RE1,PWRWND,2021,10000.0
RE1,PWRWND,2022,10000.0
RE1,PWRWND,2023,10000.0
RE1,PWRWND,2024,10000.0
RE1,PWRWND,2025,10000.0
RE1,PWRWND,2026,10000.0
RE1,PWRWND,2027,10000.0
RE1,PWRWND,2028,10000.0
RE1,PWRWND,2029,10000.0
RE1,PWRWND,2030,10000.0
RE1,MINCOA,2020,0.0006
RE1,MINCOA,2021,0.0008
RE1,MINCOA,2022,0.0013
RE1,MINCOA,2023,0.0018
RE1,MINCOA,2024,0.0022
RE1,MINCOA,2025,0.0027
RE1,MINCOA,2026,0.0032
RE1,MINCOA,2027,0.0036
RE1,MINCOA,2028,0.0036
RE1,MINCOA,2029,0.0036
RE1,MINCOA,2030,0.0036
RE1,PWRCOA,2020,3150.1661
RE1,PWRCOA,2021,4719.1053
RE1,PWRCOA,2022,7332.934
RE1,PWRCOA,2023,9946.7626
RE1,PWRCOA,2024,12560.591
RE1,PWRCOA,2025,15174.42
RE1,PWRCOA,2026,17788.249
RE1,PWRCOA,2027,20402.077
RE1,PWRCOA,2028,20402.077
RE1,PWRCOA,2029,20402.077
RE1,PWRCOA,2030,20402.077
RE1,PWRTRN,2020,18.791
RE1,PWRTRN,2021,20.6701
RE1,PWRTRN,2022,22.5492
RE1,PWRTRN,2023,24.4283
RE1,PWRTRN,2024,26.3074
RE1,PWRTRN,2025,28.1865
RE1,PWRTRN,2026,30.0656
RE1,PWRTRN,2027,31.9447
RE1,PWRTRN,2028,31.9447
RE1,PWRTRN,2029,31.9447
RE1,PWRTRN,2030,31.9447
RE1,PWRDIST,2020,18.791
RE1,PWRDIST,2021,20.6701
RE1,PWRDIST,2022,22.5492
RE1,PWRDIST,2023,24.4283
RE1,PWRDIST,2024,26.3074
RE1,PWRDIST,2025,28.1865
RE1,PWRDIST,2026,30.0656
RE1,PWRDIST,2027,31.9447
RE1,PWRDIST,2028,31.9447
RE1,PWRDIST,2029,31.9447
RE1,PWRDIST,2030,31.9447
RE1,PWRDEM,2020,0.0019
RE1,PWRDEM,2021,0.0021
RE1,PWRDEM,2022,0.0023
RE1,PWRDEM,2023,0.0024
RE1,PWRDEM,2024,0.0026
RE1,PWRDEM,2025,0.0028
RE1,PWRDEM,2026,0.003
RE1,PWRDEM,2027,0.0032
RE1,PWRDEM,2028,0.0032
RE1,PWRDEM,2029,0.0032
RE1,PWRDEM,2030,0.0032
RE1,PWRBATIN,2020,2969.3534
RE1,PWRBATIN,2021,3333.935
RE1,PWRBATIN,2022,3333.935
RE1,PWRBATIN,2023,3333.935
RE1,PWRBATIN,2024,3333.935
RE1,PWRBATIN,2025,3333.935
RE1,PWRBATIN,2026,3333.935
RE1,PWRBATIN,2027,3333.935
RE1,PWRBATIN,2028,3333.935
RE1,PWRBATIN,2029,3333.935
RE1,PWRBATIN,2030,3333.935
