r,t,y,AnnualVariableOperatingCost
RE1,MINSOL,2020,0.0219
RE1,MINSOL,2021,0.024
RE1,MINSOL,2022,0.0243
RE1,MINSOL,2023,0.0245
RE1,MINSOL,2024,0.0247
RE1,MINSOL,2025,0.0249
RE1,MINSOL,2026,0.0252
RE1,MINSOL,2027,0.0254
RE1,MINSOL,2028,0.0254
RE1,MINSOL,2029,0.0254
RE1,MINSOL,2030,0.0254
RE1,PWRSOL,2020,0.0219
RE1,PWRSOL,2021,0.024
RE1,PWRSOL,2022,0.0243
RE1,PWRSOL,2023,0.0245
RE1,PWRSOL,2024,0.0247
RE1,PWRSOL,2025,0.0249
RE1,PWRSOL,2026,0.0252
RE1,PWRSOL,2027,0.0254
RE1,PWRSOL,2028,0.0254
RE1,PWRSOL,2029,0.0254
RE1,PWRSOL,2030,0.0254
RE1,MINWND,2020,0.0265
RE1,MINWND,2021,0.0265
RE1,MINWND,2022,0.0265
RE1,MINWND,2023,0.0265
RE1,MINWND,2024,0.0265
RE1,MINWND,2025,0.0265
RE1,MINWND,2026,0.0265
RE1,MINWND,2027,0.0265
RE1,MINWND,2028,0.0265
RE1,MINWND,2029,0.0265
RE1,MINWND,2030,0.0265
RE1,PWRWND,2020,0.0265
RE1,PWRWND,2021,0.0265
RE1,PWRWND,2022,0.0265
RE1,PWRWND,2023,0.0265
RE1,PWRWND,2024,0.0265
RE1,PWRWND,2025,0.0265
RE1,PWRWND,2026,0.0265
RE1,PWRWND,2027,0.0265
RE1,PWRWND,2028,0.0265
RE1,PWRWND,2029,0.0265
RE1,PWRWND,2030,0.0265
RE1,MINCOA,2020,1829.9699
RE1,MINCOA,2021,4790.9545
RE1,MINCOA,2022,9812.2229
RE1,MINCOA,2023,14833.491
RE1,MINCOA,2024,19854.76
RE1,MINCOA,2025,24876.028
RE1,MINCOA,2026,29897.297
RE1,MINCOA,2027,34918.565
RE1,MINCOA,2028,34918.565
RE1,MINCOA,2029,34918.565
RE1,MINCOA,2030,34918.565
RE1,PWRCOA,2020,17.4283
RE1,PWRCOA,2021,45.6281
RE1,PWRCOA,2022,93.4497
RE1,PWRCOA,2023,141.2714
RE1,PWRCOA,2024,189.093
RE1,PWRCOA,2025,236.9146
RE1,PWRCOA,2026,284.7362
RE1,PWRCOA,2027,332.5578
RE1,PWRCOA,2028,332.5578
RE1,PWRCOA,2029,332.5578
RE1,PWRCOA,2030,332.5578
RE1,PWRTRN,2020,0.05
RE1,PWRTRN,2021,0.0551
RE1,PWRTRN,2022,0.0601
RE1,PWRTRN,2023,0.0651
RE1,PWRTRN,2024,0.0701
RE1,PWRTRN,2025,0.0751
RE1,PWRTRN,2026,0.0801
RE1,PWRTRN,2027,0.0851
RE1,PWRTRN,2028,0.0851
RE1,PWRTRN,2029,0.0851
RE1,PWRTRN,2030,0.0851
RE1,PWRDIST,2020,0.05
RE1,PWRDIST,2021,0.0551
RE1,PWRDIST,2022,0.0601
RE1,PWRDIST,2023,0.0651
RE1,PWRDIST,2024,0.0701
RE1,PWRDIST,2025,0.0751
RE1,PWRDIST,2026,0.0801
RE1,PWRDIST,2027,0.0851
RE1,PWRDIST,2028,0.0851
RE1,PWRDIST,2029,0.0851
RE1,PWRDIST,2030,0.0851
RE1,PWRDEM,2020,0.05
RE1,PWRDEM,2021,0.0551
RE1,PWRDEM,2022,0.0601
RE1,PWRDEM,2023,0.0651
RE1,PWRDEM,2024,0.0701
RE1,PWRDEM,2025,0.0751
RE1,PWRDEM,2026,0.0801
RE1,PWRDEM,2027,0.0851
RE1,PWRDEM,2028,0.0851
RE1,PWRDEM,2029,0.0851
RE1,PWRDEM,2030,0.0851
RE1,PWRBATIN,2020,0.0073
RE1,PWRBATIN,2021,0.0079
RE1,PWRBATIN,2022,0.0068
RE1,PWRBATIN,2023,0.0062
RE1,PWRBATIN,2024,0.0061
RE1,PWRBATIN,2025,0.0061
RE1,PWRBATIN,2026,0.0061
RE1,PWRBATIN,2027,0.0062
RE1,PWRBATIN,2028,0.0062
RE1,PWRBATIN,2029,0.0062
RE1,PWRBATIN,2030,0.0062
RE1,PWRBATOUT,2020,0.0073
RE1,PWRBATOUT,2021,0.0079
RE1,PWRBATOUT,2022,0.0068
RE1,PWRBATOUT,2023,0.0062
RE1,PWRBATOUT,2024,0.0061
RE1,PWRBATOUT,2025,0.0061
RE1,PWRBATOUT,2026,0.0061
RE1,PWRBATOUT,2027,0.0062
RE1,PWRBATOUT,2028,0.0062
RE1,PWRBATOUT,2029,0.0062
RE1,PWRBATOUT,2030,0.0062
