r,l,f,y,Demand
RE1,TSM01H001,DEM,2020,11.0
RE1,TSM01H001,DEM,2021,12.1
RE1,TSM01H001,DEM,2022,13.2
RE1,TSM01H001,DEM,2023,14.3
RE1,TSM01H001,DEM,2024,15.4
RE1,TSM01H001,DEM,2025,16.5
RE1,TSM01H001,DEM,2026,17.6
RE1,TSM01H001,DEM,2027,18.7
RE1,TSM01H001,DEM,2028,18.7
RE1,TSM01H001,DEM,2029,18.7
RE1,TSM01H001,DEM,2030,18.7
RE1,TSM01H002,DEM,2020,11.0
RE1,TSM01H002,DEM,2021,12.1
RE1,TSM01H002,DEM,2022,13.2
RE1,TSM01H002,DEM,2023,14.3
RE1,TSM01H002,DEM,2024,15.4
RE1,TSM01H002,DEM,2025,16.5
RE1,TSM01H002,DEM,2026,17.6
RE1,TSM01H002,DEM,2027,18.7
RE1,TSM01H002,DEM,2028,18.7
RE1,TSM01H002,DEM,2029,18.7
RE1,TSM01H002,DEM,2030,18.7
RE1,TSM01H003,DEM,2020,12.5
RE1,TSM01H003,DEM,2021,13.75
RE1,TSM01H003,DEM,2022,15.0
RE1,TSM01H003,DEM,2023,16.25
RE1,TSM01H003,DEM,2024,17.5
RE1,TSM01H003,DEM,2025,18.75
RE1,TSM01H003,DEM,2026,20.0
RE1,TSM01H003,DEM,2027,21.25
RE1,TSM01H003,DEM,2028,21.25
RE1,TSM01H003,DEM,2029,21.25
RE1,TSM01H003,DEM,2030,21.25
RE1,TSM01H004,DEM,2020,14.0
RE1,TSM01H004,DEM,2021,15.4
RE1,TSM01H004,DEM,2022,16.8
RE1,TSM01H004,DEM,2023,18.2
RE1,TSM01H004,DEM,2024,19.6
RE1,TSM01H004,DEM,2025,21.0
RE1,TSM01H004,DEM,2026,22.4
RE1,TSM01H004,DEM,2027,23.8
RE1,TSM01H004,DEM,2028,23.8
RE1,TSM01H004,DEM,2029,23.8
RE1,TSM01H004,DEM,2030,23.8
RE1,TSM01H005,DEM,2020,15.0
RE1,TSM01H005,DEM,2021,16.5
RE1,TSM01H005,DEM,2022,18.0
RE1,TSM01H005,DEM,2023,19.5
RE1,TSM01H005,DEM,2024,21.0
RE1,TSM01H005,DEM,2025,22.5
RE1,TSM01H005,DEM,2026,24.0
RE1,TSM01H005,DEM,2027,25.5
RE1,TSM01H005,DEM,2028,25.5
RE1,TSM01H005,DEM,2029,25.5
RE1,TSM01H005,DEM,2030,25.5
RE1,TSM01H006,DEM,2020,15.0
RE1,TSM01H006,DEM,2021,16.5
RE1,TSM01H006,DEM,2022,18.0
RE1,TSM01H006,DEM,2023,19.5
RE1,TSM01H006,DEM,2024,21.0
RE1,TSM01H006,DEM,2025,22.5
RE1,TSM01H006,DEM,2026,24.0
RE1,TSM01H006,DEM,2027,25.5
RE1,TSM01H006,DEM,2028,25.5
RE1,TSM01H006,DEM,2029,25.5
RE1,TSM01H006,DEM,2030,25.5
RE1,TSM01H007,DEM,2020,14.5
RE1,TSM01H007,DEM,2021,15.95
RE1,TSM01H007,DEM,2022,17.4
RE1,TSM01H007,DEM,2023,18.85
RE1,TSM01H007,DEM,2024,20.3
RE1,TSM01H007,DEM,2025,21.75
RE1,TSM01H007,DEM,2026,23.2
RE1,TSM01H007,DEM,2027,24.65
RE1,TSM01H007,DEM,2028,24.65
RE1,TSM01H007,DEM,2029,24.65
RE1,TSM01H007,DEM,2030,24.65
RE1,TSM01H008,DEM,2020,14.0
RE1,TSM01H008,DEM,2021,15.4
RE1,TSM01H008,DEM,2022,16.8
RE1,TSM01H008,DEM,2023,18.2
RE1,TSM01H008,DEM,2024,19.6
RE1,TSM01H008,DEM,2025,21.0
RE1,TSM01H008,DEM,2026,22.4
RE1,TSM01H008,DEM,2027,23.8
RE1,TSM01H008,DEM,2028,23.8
RE1,TSM01H008,DEM,2029,23.8
RE1,TSM01H008,DEM,2030,23.8
RE1,TSM01H009,DEM,2020,15.0
RE1,TSM01H009,DEM,2021,16.5
RE1,TSM01H009,DEM,2022,18.0
RE1,TSM01H009,DEM,2023,19.5
RE1,TSM01H009,DEM,2024,21.0
RE1,TSM01H009,DEM,2025,22.5
RE1,TSM01H009,DEM,2026,24.0
RE1,TSM01H009,DEM,2027,25.5
RE1,TSM01H009,DEM,2028,25.5
RE1,TSM01H009,DEM,2029,25.5
RE1,TSM01H009,DEM,2030,25.5
RE1,TSM01H010,DEM,2020,16.0
RE1,TSM01H010,DEM,2021,17.6
RE1,TSM01H010,DEM,2022,19.2
RE1,TSM01H010,DEM,2023,20.8
RE1,TSM01H010,DEM,2024,22.4
RE1,TSM01H010,DEM,2025,24.0
RE1,TSM01H010,DEM,2026,25.6
RE1,TSM01H010,DEM,2027,27.2
RE1,TSM01H010,DEM,2028,27.2
RE1,TSM01H010,DEM,2029,27.2
RE1,TSM01H010,DEM,2030,27.2
RE1,TSM01H011,DEM,2020,14.5
RE1,TSM01H011,DEM,2021,15.95
RE1,TSM01H011,DEM,2022,17.4
RE1,TSM01H011,DEM,2023,18.85
RE1,TSM01H011,DEM,2024,20.3
RE1,TSM01H011,DEM,2025,21.75
RE1,TSM01H011,DEM,2026,23.2
RE1,TSM01H011,DEM,2027,24.65
RE1,TSM01H011,DEM,2028,24.65
RE1,TSM01H011,DEM,2029,24.65
RE1,TSM01H011,DEM,2030,24.65
RE1,TSM01H012,DEM,2020,12.0
RE1,TSM01H012,DEM,2021,13.2
RE1,TSM01H012,DEM,2022,14.4
RE1,TSM01H012,DEM,2023,15.6
RE1,TSM01H012,DEM,2024,16.8
RE1,TSM01H012,DEM,2025,18.0
RE1,TSM01H012,DEM,2026,19.2
RE1,TSM01H012,DEM,2027,20.4
RE1,TSM01H012,DEM,2028,20.4
RE1,TSM01H012,DEM,2029,20.4
RE1,TSM01H012,DEM,2030,20.4
RE1,TSM02H001,DEM,2020,23.5
RE1,TSM02H001,DEM,2021,25.85
RE1,TSM02H001,DEM,2022,28.2
RE1,TSM02H001,DEM,2023,30.55
RE1,TSM02H001,DEM,2024,32.9
RE1,TSM02H001,DEM,2025,35.25
RE1,TSM02H001,DEM,2026,37.6
RE1,TSM02H001,DEM,2027,39.95
RE1,TSM02H001,DEM,2028,39.95
RE1,TSM02H001,DEM,2029,39.95
RE1,TSM02H001,DEM,2030,39.95
RE1,TSM02H002,DEM,2020,23.5
RE1,TSM02H002,DEM,2021,25.85
RE1,TSM02H002,DEM,2022,28.2
RE1,TSM02H002,DEM,2023,30.55
RE1,TSM02H002,DEM,2024,32.9
RE1,TSM02H002,DEM,2025,35.25
RE1,TSM02H002,DEM,2026,37.6
RE1,TSM02H002,DEM,2027,39.95
RE1,TSM02H002,DEM,2028,39.95
RE1,TSM02H002,DEM,2029,39.95
RE1,TSM02H002,DEM,2030,39.95
RE1,TSM02H003,DEM,2020,25.5
RE1,TSM02H003,DEM,2021,28.05
RE1,TSM02H003,DEM,2022,30.6
RE1,TSM02H003,DEM,2023,33.15
RE1,TSM02H003,DEM,2024,35.7
RE1,TSM02H003,DEM,2025,38.25
RE1,TSM02H003,DEM,2026,40.8
RE1,TSM02H003,DEM,2027,43.35
RE1,TSM02H003,DEM,2028,43.35
RE1,TSM02H003,DEM,2029,43.35
RE1,TSM02H003,DEM,2030,43.35
RE1,TSM02H004,DEM,2020,28.5
RE1,TSM02H004,DEM,2021,31.35
RE1,TSM02H004,DEM,2022,34.2
RE1,TSM02H004,DEM,2023,37.05
RE1,TSM02H004,DEM,2024,39.9
RE1,TSM02H004,DEM,2025,42.75
RE1,TSM02H004,DEM,2026,45.6
RE1,TSM02H004,DEM,2027,48.45
RE1,TSM02H004,DEM,2028,48.45
RE1,TSM02H004,DEM,2029,48.45
RE1,TSM02H004,DEM,2030,48.45
RE1,TSM02H005,DEM,2020,30.0
RE1,TSM02H005,DEM,2021,33.0
RE1,TSM02H005,DEM,2022,36.0
RE1,TSM02H005,DEM,2023,39.0
RE1,TSM02H005,DEM,2024,42.0
RE1,TSM02H005,DEM,2025,45.0
RE1,TSM02H005,DEM,2026,48.0
RE1,TSM02H005,DEM,2027,51.0
RE1,TSM02H005,DEM,2028,51.0
RE1,TSM02H005,DEM,2029,51.0
RE1,TSM02H005,DEM,2030,51.0
RE1,TSM02H006,DEM,2020,30.0
RE1,TSM02H006,DEM,2021,33.0
RE1,TSM02H006,DEM,2022,36.0
RE1,TSM02H006,DEM,2023,39.0
RE1,TSM02H006,DEM,2024,42.0
RE1,TSM02H006,DEM,2025,45.0
RE1,TSM02H006,DEM,2026,48.0
RE1,TSM02H006,DEM,2027,51.0
RE1,TSM02H006,DEM,2028,51.0
RE1,TSM02H006,DEM,2029,51.0
RE1,TSM02H006,DEM,2030,51.0
RE1,TSM02H007,DEM,2020,30.0
RE1,TSM02H007,DEM,2021,33.0
RE1,TSM02H007,DEM,2022,36.0
RE1,TSM02H007,DEM,2023,39.0
RE1,TSM02H007,DEM,2024,42.0
RE1,TSM02H007,DEM,2025,45.0
RE1,TSM02H007,DEM,2026,48.0
RE1,TSM02H007,DEM,2027,51.0
RE1,TSM02H007,DEM,2028,51.0
RE1,TSM02H007,DEM,2029,51.0
RE1,TSM02H007,DEM,2030,51.0
RE1,TSM02H008,DEM,2020,29.5
RE1,TSM02H008,DEM,2021,32.45
RE1,TSM02H008,DEM,2022,35.4
RE1,TSM02H008,DEM,2023,38.35
RE1,TSM02H008,DEM,2024,41.3
RE1,TSM02H008,DEM,2025,44.25
RE1,TSM02H008,DEM,2026,47.2
RE1,TSM02H008,DEM,2027,50.15
RE1,TSM02H008,DEM,2028,50.15
RE1,TSM02H008,DEM,2029,50.15
RE1,TSM02H008,DEM,2030,50.15
RE1,TSM02H009,DEM,2020,30.0
RE1,TSM02H009,DEM,2021,33.0
RE1,TSM02H009,DEM,2022,36.0
RE1,TSM02H009,DEM,2023,39.0
RE1,TSM02H009,DEM,2024,42.0
RE1,TSM02H009,DEM,2025,45.0
RE1,TSM02H009,DEM,2026,48.0
RE1,TSM02H009,DEM,2027,51.0
RE1,TSM02H009,DEM,2028,51.0
RE1,TSM02H009,DEM,2029,51.0
RE1,TSM02H009,DEM,2030,51.0
RE1,TSM02H010,DEM,2020,31.5
RE1,TSM02H010,DEM,2021,34.65
RE1,TSM02H010,DEM,2022,37.8
RE1,TSM02H010,DEM,2023,40.95
RE1,TSM02H010,DEM,2024,44.1
RE1,TSM02H010,DEM,2025,47.25
RE1,TSM02H010,DEM,2026,50.4
RE1,TSM02H010,DEM,2027,53.55
RE1,TSM02H010,DEM,2028,53.55
RE1,TSM02H010,DEM,2029,53.55
RE1,TSM02H010,DEM,2030,53.55
RE1,TSM02H011,DEM,2020,29.0
RE1,TSM02H011,DEM,2021,31.9
RE1,TSM02H011,DEM,2022,34.8
RE1,TSM02H011,DEM,2023,37.7
RE1,TSM02H011,DEM,2024,40.6
RE1,TSM02H011,DEM,2025,43.5
RE1,TSM02H011,DEM,2026,46.4
RE1,TSM02H011,DEM,2027,49.3
RE1,TSM02H011,DEM,2028,49.3
RE1,TSM02H011,DEM,2029,49.3
RE1,TSM02H011,DEM,2030,49.3
RE1,TSM02H012,DEM,2020,25.0
RE1,TSM02H012,DEM,2021,27.5
RE1,TSM02H012,DEM,2022,30.0
RE1,TSM02H012,DEM,2023,32.5
RE1,TSM02H012,DEM,2024,35.0
RE1,TSM02H012,DEM,2025,37.5
RE1,TSM02H012,DEM,2026,40.0
RE1,TSM02H012,DEM,2027,42.5
RE1,TSM02H012,DEM,2028,42.5
RE1,TSM02H012,DEM,2029,42.5
RE1,TSM02H012,DEM,2030,42.5
