r,t,y,DiscountedSalvageValue
RE1,PWRSOL,2020,139392.02
RE1,PWRSOL,2021,15485.67
RE1,PWRSOL,2022,1737.2436
RE1,PWRSOL,2023,1895.1749
RE1,PWRSOL,2024,2053.1061
RE1,PWRSOL,2025,2211.0374
RE1,PWRSOL,2026,2368.9686
RE1,PWRSOL,2027,2526.8998
RE1,PWRWND,2020,163773.29
RE1,PWRCOA,2020,61475.735
RE1,PWRCOA,2021,31893.719
RE1,PWRCOA,2022,55259.824
RE1,PWRCOA,2023,57385.201
RE1,PWRCOA,2024,59510.579
RE1,PWRCOA,2025,61635.957
RE1,PWRCOA,2026,63761.335
RE1,PWRCOA,2027,65886.713
RE1,PWRTRN,2020,7.9649
RE1,PWRTRN,2021,0.824
RE1,PWRTRN,2022,0.8514
RE1,PWRTRN,2023,0.8789
RE1,PWRTRN,2024,0.9064
RE1,PWRTRN,2025,0.9338
RE1,PWRTRN,2026,0.9613
RE1,PWRTRN,2027,0.9887
RE1,PWRDIST,2020,7.9649
RE1,PWRDIST,2021,0.824
RE1,PWRDIST,2022,0.8514
RE1,PWRDIST,2023,0.8789
RE1,PWRDIST,2024,0.9064
RE1,PWRDIST,2025,0.9338
RE1,PWRDIST,2026,0.9613
RE1,PWRDIST,2027,0.9887
RE1,PWRDEM,2020,8.9703
RE1,PWRDEM,2021,0.9153
RE1,PWRDEM,2022,0.9336
RE1,PWRDEM,2023,0.9519
RE1,PWRDEM,2024,0.9703
RE1,PWRDEM,2025,0.9886
RE1,PWRDEM,2026,1.0069
RE1,PWRDEM,2027,1.0252
RE1,PWRBATIN,2020,15439.757
RE1,PWRBATIN,2021,2369.6452
RE1,PWRBATOUT,2020,1.544
RE1,PWRBATOUT,2021,0.237
