r,t,y,NewCapacity
RE1,MINSOL,2020,23.5072
RE1,MINSOL,2021,23.6379
RE1,MINSOL,2022,23.7968
RE1,MINSOL,2023,23.9558
RE1,MINSOL,2024,24.1369
RE1,MINSOL,2025,24.3546
RE1,MINSOL,2026,24.5723
RE1,MINSOL,2027,24.79
RE1,MINSOL,2028,24.79
RE1,MINSOL,2029,24.79
RE1,MINSOL,2030,24.79
RE1,PWRSOL,2020,37.8532
RE1,PWRSOL,2021,3.7848
RE1,PWRSOL,2022,0.386
RE1,PWRSOL,2023,0.386
RE1,PWRSOL,2024,0.386
RE1,PWRSOL,2025,0.386
RE1,PWRSOL,2026,0.386
RE1,PWRSOL,2027,0.386
RE1,MINWND,2020,13.0162
RE1,MINWND,2021,13.0162
RE1,MINWND,2022,13.0162
RE1,MINWND,2023,13.0162
RE1,MINWND,2024,13.0162
RE1,MINWND,2025,13.0162
RE1,MINWND,2026,13.0162
RE1,MINWND,2027,13.0162
RE1,MINWND,2028,13.0162
RE1,MINWND,2029,13.0162
RE1,MINWND,2030,13.0162
RE1,PWRWND,2020,20.0
RE1,MINCOA,2020,5.5823
RE1,MINCOA,2021,8.3626
RE1,MINCOA,2022,12.9944
RE1,MINCOA,2023,17.6263
RE1,MINCOA,2024,22.2582
RE1,MINCOA,2025,26.89
RE1,MINCOA,2026,31.5219
RE1,MINCOA,2027,36.1538
RE1,MINCOA,2028,36.1538
RE1,MINCOA,2029,36.1538
RE1,MINCOA,2030,36.1538
RE1,PWRCOA,2020,2.1891
RE1,PWRCOA,2021,1.0903
RE1,PWRCOA,2022,1.8164
RE1,PWRCOA,2023,1.8164
RE1,PWRCOA,2024,1.8164
RE1,PWRCOA,2025,1.8164
RE1,PWRCOA,2026,1.8164
RE1,PWRCOA,2027,1.8164
RE1,PWRTRN,2020,18.791
RE1,PWRTRN,2021,1.8791
RE1,PWRTRN,2022,1.8791
RE1,PWRTRN,2023,1.8791
RE1,PWRTRN,2024,1.8791
RE1,PWRTRN,2025,1.8791
RE1,PWRTRN,2026,1.8791
RE1,PWRTRN,2027,1.8791
RE1,PWRDIST,2020,18.791
RE1,PWRDIST,2021,1.8791
RE1,PWRDIST,2022,1.8791
RE1,PWRDIST,2023,1.8791
RE1,PWRDIST,2024,1.8791
RE1,PWRDIST,2025,1.8791
RE1,PWRDIST,2026,1.8791
RE1,PWRDIST,2027,1.8791
RE1,PWRDEM,2020,18.791
RE1,PWRDEM,2021,1.8791
RE1,PWRDEM,2022,1.8791
RE1,PWRDEM,2023,1.8791
RE1,PWRDEM,2024,1.8791
RE1,PWRDEM,2025,1.8791
RE1,PWRDEM,2026,1.8791
RE1,PWRDEM,2027,1.8791
RE1,PWRBATIN,2020,9.8978
RE1,PWRBATIN,2021,1.2153
RE1,PWRBATOUT,2020,9.8978
RE1,PWRBATOUT,2021,1.2153
