r_x,f,t,y,m,r_y,l,r,RateOfUseByTechnologyByMode
RE1,COA,PWRCOA,2020,1,RE1,TSM01H001,RE1,176.0433
RE1,COA,PWRCOA,2021,1,RE1,TSM01H001,RE1,263.7216
RE1,COA,PWRCOA,2022,1,RE1,TSM01H001,RE1,409.7922
RE1,COA,PWRCOA,2023,1,RE1,TSM01H001,RE1,555.8631
RE1,COA,PWRCOA,2024,1,RE1,TSM01H001,RE1,701.9337
RE1,COA,PWRCOA,2025,1,RE1,TSM01H001,RE1,848.0043
RE1,COA,PWRCOA,2026,1,RE1,TSM01H001,RE1,994.0752
RE1,COA,PWRCOA,2027,1,RE1,TSM01H001,RE1,1140.1458
RE1,COA,PWRCOA,2028,1,RE1,TSM01H001,RE1,1140.1458
RE1,COA,PWRCOA,2029,1,RE1,TSM01H001,RE1,1140.1458
RE1,COA,PWRCOA,2030,1,RE1,TSM01H001,RE1,1140.1458
RE1,Elc3,PWRDEM,2020,1,RE1,TSM01H001,RE1,407.4074
RE1,Elc3,PWRDEM,2021,1,RE1,TSM01H001,RE1,448.1482
RE1,Elc3,PWRDEM,2022,1,RE1,TSM01H001,RE1,488.8889
RE1,Elc3,PWRDEM,2023,1,RE1,TSM01H001,RE1,529.6296
RE1,Elc3,PWRDEM,2024,1,RE1,TSM01H001,RE1,570.3704
RE1,Elc3,PWRDEM,2025,1,RE1,TSM01H001,RE1,611.1111
RE1,Elc3,PWRDEM,2026,1,RE1,TSM01H001,RE1,651.8518
RE1,Elc3,PWRDEM,2027,1,RE1,TSM01H001,RE1,692.5926
RE1,Elc3,PWRDEM,2028,1,RE1,TSM01H001,RE1,692.5926
RE1,Elc3,PWRDEM,2029,1,RE1,TSM01H001,RE1,692.5926
RE1,Elc3,PWRDEM,2030,1,RE1,TSM01H001,RE1,692.5926
RE1,Elc2,PWRDIST,2020,1,RE1,TSM01H001,RE1,407.4074
RE1,Elc2,PWRDIST,2021,1,RE1,TSM01H001,RE1,448.1482
RE1,Elc2,PWRDIST,2022,1,RE1,TSM01H001,RE1,488.8889
RE1,Elc2,PWRDIST,2023,1,RE1,TSM01H001,RE1,529.6296
RE1,Elc2,PWRDIST,2024,1,RE1,TSM01H001,RE1,570.3704
RE1,Elc2,PWRDIST,2025,1,RE1,TSM01H001,RE1,611.1111
RE1,Elc2,PWRDIST,2026,1,RE1,TSM01H001,RE1,651.8518
RE1,Elc2,PWRDIST,2027,1,RE1,TSM01H001,RE1,692.5926
RE1,Elc2,PWRDIST,2028,1,RE1,TSM01H001,RE1,692.5926
RE1,Elc2,PWRDIST,2029,1,RE1,TSM01H001,RE1,692.5926
RE1,Elc2,PWRDIST,2030,1,RE1,TSM01H001,RE1,692.5926
RE1,Elc,PWRTRN,2020,1,RE1,TSM01H001,RE1,407.4074
RE1,Elc,PWRTRN,2021,1,RE1,TSM01H001,RE1,448.1482
RE1,Elc,PWRTRN,2022,1,RE1,TSM01H001,RE1,488.8889
RE1,Elc,PWRTRN,2023,1,RE1,TSM01H001,RE1,529.6296
RE1,Elc,PWRTRN,2024,1,RE1,TSM01H001,RE1,570.3704
RE1,Elc,PWRTRN,2025,1,RE1,TSM01H001,RE1,611.1111
RE1,Elc,PWRTRN,2026,1,RE1,TSM01H001,RE1,651.8518
RE1,Elc,PWRTRN,2027,1,RE1,TSM01H001,RE1,692.5926
RE1,Elc,PWRTRN,2028,1,RE1,TSM01H001,RE1,692.5926
RE1,Elc,PWRTRN,2029,1,RE1,TSM01H001,RE1,692.5926
RE1,Elc,PWRTRN,2030,1,RE1,TSM01H001,RE1,692.5926
RE1,WND,PWRWND,2020,1,RE1,TSM01H001,RE1,307.1606
RE1,WND,PWRWND,2021,1,RE1,TSM01H001,RE1,307.1606
RE1,WND,PWRWND,2022,1,RE1,TSM01H001,RE1,307.1606
RE1,WND,PWRWND,2023,1,RE1,TSM01H001,RE1,307.1606
RE1,WND,PWRWND,2024,1,RE1,TSM01H001,RE1,307.1606
RE1,WND,PWRWND,2025,1,RE1,TSM01H001,RE1,307.1606
RE1,WND,PWRWND,2026,1,RE1,TSM01H001,RE1,307.1606
RE1,WND,PWRWND,2027,1,RE1,TSM01H001,RE1,307.1606
RE1,WND,PWRWND,2028,1,RE1,TSM01H001,RE1,307.1606
RE1,WND,PWRWND,2029,1,RE1,TSM01H001,RE1,307.1606
RE1,WND,PWRWND,2030,1,RE1,TSM01H001,RE1,307.1606
RE1,COA,PWRCOA,2020,1,RE1,TSM01H002,RE1,176.0433
RE1,COA,PWRCOA,2021,1,RE1,TSM01H002,RE1,263.7216
RE1,COA,PWRCOA,2022,1,RE1,TSM01H002,RE1,409.7922
RE1,COA,PWRCOA,2023,1,RE1,TSM01H002,RE1,555.8631
RE1,COA,PWRCOA,2024,1,RE1,TSM01H002,RE1,701.9337
RE1,COA,PWRCOA,2025,1,RE1,TSM01H002,RE1,848.0043
RE1,COA,PWRCOA,2026,1,RE1,TSM01H002,RE1,994.0752
RE1,COA,PWRCOA,2027,1,RE1,TSM01H002,RE1,1140.1458
RE1,COA,PWRCOA,2028,1,RE1,TSM01H002,RE1,1140.1458
RE1,COA,PWRCOA,2029,1,RE1,TSM01H002,RE1,1140.1458
RE1,COA,PWRCOA,2030,1,RE1,TSM01H002,RE1,1140.1458
RE1,Elc3,PWRDEM,2020,1,RE1,TSM01H002,RE1,407.4074
RE1,Elc3,PWRDEM,2021,1,RE1,TSM01H002,RE1,448.1482
RE1,Elc3,PWRDEM,2022,1,RE1,TSM01H002,RE1,488.8889
RE1,Elc3,PWRDEM,2023,1,RE1,TSM01H002,RE1,529.6296
RE1,Elc3,PWRDEM,2024,1,RE1,TSM01H002,RE1,570.3704
RE1,Elc3,PWRDEM,2025,1,RE1,TSM01H002,RE1,611.1111
RE1,Elc3,PWRDEM,2026,1,RE1,TSM01H002,RE1,651.8518
RE1,Elc3,PWRDEM,2027,1,RE1,TSM01H002,RE1,692.5926
RE1,Elc3,PWRDEM,2028,1,RE1,TSM01H002,RE1,692.5926
RE1,Elc3,PWRDEM,2029,1,RE1,TSM01H002,RE1,692.5926
RE1,Elc3,PWRDEM,2030,1,RE1,TSM01H002,RE1,692.5926
RE1,Elc2,PWRDIST,2020,1,RE1,TSM01H002,RE1,407.4074
RE1,Elc2,PWRDIST,2021,1,RE1,TSM01H002,RE1,448.1482
RE1,Elc2,PWRDIST,2022,1,RE1,TSM01H002,RE1,488.8889
RE1,Elc2,PWRDIST,2023,1,RE1,TSM01H002,RE1,529.6296
RE1,Elc2,PWRDIST,2024,1,RE1,TSM01H002,RE1,570.3704
RE1,Elc2,PWRDIST,2025,1,RE1,TSM01H002,RE1,611.1111
RE1,Elc2,PWRDIST,2026,1,RE1,TSM01H002,RE1,651.8518
RE1,Elc2,PWRDIST,2027,1,RE1,TSM01H002,RE1,692.5926
RE1,Elc2,PWRDIST,2028,1,RE1,TSM01H002,RE1,692.5926
RE1,Elc2,PWRDIST,2029,1,RE1,TSM01H002,RE1,692.5926
RE1,Elc2,PWRDIST,2030,1,RE1,TSM01H002,RE1,692.5926
RE1,Elc,PWRTRN,2020,1,RE1,TSM01H002,RE1,407.4074
RE1,Elc,PWRTRN,2021,1,RE1,TSM01H002,RE1,448.1482
RE1,Elc,PWRTRN,2022,1,RE1,TSM01H002,RE1,488.8889
RE1,Elc,PWRTRN,2023,1,RE1,TSM01H002,RE1,529.6296
RE1,Elc,PWRTRN,2024,1,RE1,TSM01H002,RE1,570.3704
RE1,Elc,PWRTRN,2025,1,RE1,TSM01H002,RE1,611.1111
RE1,Elc,PWRTRN,2026,1,RE1,TSM01H002,RE1,651.8518
RE1,Elc,PWRTRN,2027,1,RE1,TSM01H002,RE1,692.5926
RE1,Elc,PWRTRN,2028,1,RE1,TSM01H002,RE1,692.5926
RE1,Elc,PWRTRN,2029,1,RE1,TSM01H002,RE1,692.5926
RE1,Elc,PWRTRN,2030,1,RE1,TSM01H002,RE1,692.5926
RE1,WND,PWRWND,2020,1,RE1,TSM01H002,RE1,238.4122
RE1,WND,PWRWND,2021,1,RE1,TSM01H002,RE1,238.4122
RE1,WND,PWRWND,2022,1,RE1,TSM01H002,RE1,238.4122
RE1,WND,PWRWND,2023,1,RE1,TSM01H002,RE1,238.4122
RE1,WND,PWRWND,2024,1,RE1,TSM01H002,RE1,238.4122
RE1,WND,PWRWND,2025,1,RE1,TSM01H002,RE1,238.4122
RE1,WND,PWRWND,2026,1,RE1,TSM01H002,RE1,238.4122
RE1,WND,PWRWND,2027,1,RE1,TSM01H002,RE1,238.4122
RE1,WND,PWRWND,2028,1,RE1,TSM01H002,RE1,238.4122
RE1,WND,PWRWND,2029,1,RE1,TSM01H002,RE1,238.4122
RE1,WND,PWRWND,2030,1,RE1,TSM01H002,RE1,238.4122
RE1,COA,PWRCOA,2020,1,RE1,TSM01H003,RE1,176.0433
RE1,COA,PWRCOA,2021,1,RE1,TSM01H003,RE1,263.7216
RE1,COA,PWRCOA,2022,1,RE1,TSM01H003,RE1,409.7922
RE1,COA,PWRCOA,2023,1,RE1,TSM01H003,RE1,555.8631
RE1,COA,PWRCOA,2024,1,RE1,TSM01H003,RE1,701.9337
RE1,COA,PWRCOA,2025,1,RE1,TSM01H003,RE1,848.0043
RE1,COA,PWRCOA,2026,1,RE1,TSM01H003,RE1,994.0752
RE1,COA,PWRCOA,2027,1,RE1,TSM01H003,RE1,1140.1458
RE1,COA,PWRCOA,2028,1,RE1,TSM01H003,RE1,1140.1458
RE1,COA,PWRCOA,2029,1,RE1,TSM01H003,RE1,1140.1458
RE1,COA,PWRCOA,2030,1,RE1,TSM01H003,RE1,1140.1458
RE1,Elc3,PWRDEM,2020,1,RE1,TSM01H003,RE1,462.963
RE1,Elc3,PWRDEM,2021,1,RE1,TSM01H003,RE1,509.2593
RE1,Elc3,PWRDEM,2022,1,RE1,TSM01H003,RE1,555.5556
RE1,Elc3,PWRDEM,2023,1,RE1,TSM01H003,RE1,601.8518
RE1,Elc3,PWRDEM,2024,1,RE1,TSM01H003,RE1,648.1482
RE1,Elc3,PWRDEM,2025,1,RE1,TSM01H003,RE1,694.4444
RE1,Elc3,PWRDEM,2026,1,RE1,TSM01H003,RE1,740.7407
RE1,Elc3,PWRDEM,2027,1,RE1,TSM01H003,RE1,787.037
RE1,Elc3,PWRDEM,2028,1,RE1,TSM01H003,RE1,787.037
RE1,Elc3,PWRDEM,2029,1,RE1,TSM01H003,RE1,787.037
RE1,Elc3,PWRDEM,2030,1,RE1,TSM01H003,RE1,787.037
RE1,Elc2,PWRDIST,2020,1,RE1,TSM01H003,RE1,462.963
RE1,Elc2,PWRDIST,2021,1,RE1,TSM01H003,RE1,509.2593
RE1,Elc2,PWRDIST,2022,1,RE1,TSM01H003,RE1,555.5556
RE1,Elc2,PWRDIST,2023,1,RE1,TSM01H003,RE1,601.8518
RE1,Elc2,PWRDIST,2024,1,RE1,TSM01H003,RE1,648.1482
RE1,Elc2,PWRDIST,2025,1,RE1,TSM01H003,RE1,694.4444
RE1,Elc2,PWRDIST,2026,1,RE1,TSM01H003,RE1,740.7407
RE1,Elc2,PWRDIST,2027,1,RE1,TSM01H003,RE1,787.037
RE1,Elc2,PWRDIST,2028,1,RE1,TSM01H003,RE1,787.037
RE1,Elc2,PWRDIST,2029,1,RE1,TSM01H003,RE1,787.037
RE1,Elc2,PWRDIST,2030,1,RE1,TSM01H003,RE1,787.037
RE1,Elc,PWRTRN,2020,1,RE1,TSM01H003,RE1,462.963
RE1,Elc,PWRTRN,2021,1,RE1,TSM01H003,RE1,509.2593
RE1,Elc,PWRTRN,2022,1,RE1,TSM01H003,RE1,555.5556
RE1,Elc,PWRTRN,2023,1,RE1,TSM01H003,RE1,601.8518
RE1,Elc,PWRTRN,2024,1,RE1,TSM01H003,RE1,648.1482
RE1,Elc,PWRTRN,2025,1,RE1,TSM01H003,RE1,694.4444
RE1,Elc,PWRTRN,2026,1,RE1,TSM01H003,RE1,740.7407
RE1,Elc,PWRTRN,2027,1,RE1,TSM01H003,RE1,787.037
RE1,Elc,PWRTRN,2028,1,RE1,TSM01H003,RE1,787.037
RE1,Elc,PWRTRN,2029,1,RE1,TSM01H003,RE1,787.037
RE1,Elc,PWRTRN,2030,1,RE1,TSM01H003,RE1,787.037
RE1,WND,PWRWND,2020,1,RE1,TSM01H003,RE1,186.0624
RE1,WND,PWRWND,2021,1,RE1,TSM01H003,RE1,186.0624
RE1,WND,PWRWND,2022,1,RE1,TSM01H003,RE1,186.0624
RE1,WND,PWRWND,2023,1,RE1,TSM01H003,RE1,186.0624
RE1,WND,PWRWND,2024,1,RE1,TSM01H003,RE1,186.0624
RE1,WND,PWRWND,2025,1,RE1,TSM01H003,RE1,186.0624
RE1,WND,PWRWND,2026,1,RE1,TSM01H003,RE1,186.0624
RE1,WND,PWRWND,2027,1,RE1,TSM01H003,RE1,186.0624
RE1,WND,PWRWND,2028,1,RE1,TSM01H003,RE1,186.0624
RE1,WND,PWRWND,2029,1,RE1,TSM01H003,RE1,186.0624
RE1,WND,PWRWND,2030,1,RE1,TSM01H003,RE1,186.0624
RE1,COA,PWRCOA,2020,1,RE1,TSM01H004,RE1,176.0433
RE1,COA,PWRCOA,2021,1,RE1,TSM01H004,RE1,263.7216
RE1,COA,PWRCOA,2022,1,RE1,TSM01H004,RE1,409.7922
RE1,COA,PWRCOA,2023,1,RE1,TSM01H004,RE1,555.8631
RE1,COA,PWRCOA,2024,1,RE1,TSM01H004,RE1,701.9337
RE1,COA,PWRCOA,2025,1,RE1,TSM01H004,RE1,848.0043
RE1,COA,PWRCOA,2026,1,RE1,TSM01H004,RE1,994.0752
RE1,COA,PWRCOA,2027,1,RE1,TSM01H004,RE1,1140.1458
RE1,COA,PWRCOA,2028,1,RE1,TSM01H004,RE1,1140.1458
RE1,COA,PWRCOA,2029,1,RE1,TSM01H004,RE1,1140.1458
RE1,COA,PWRCOA,2030,1,RE1,TSM01H004,RE1,1140.1458
RE1,Elc3,PWRDEM,2020,1,RE1,TSM01H004,RE1,518.5185
RE1,Elc3,PWRDEM,2021,1,RE1,TSM01H004,RE1,570.3704
RE1,Elc3,PWRDEM,2022,1,RE1,TSM01H004,RE1,622.2222
RE1,Elc3,PWRDEM,2023,1,RE1,TSM01H004,RE1,674.0741
RE1,Elc3,PWRDEM,2024,1,RE1,TSM01H004,RE1,725.9259
RE1,Elc3,PWRDEM,2025,1,RE1,TSM01H004,RE1,777.7778
RE1,Elc3,PWRDEM,2026,1,RE1,TSM01H004,RE1,829.6296
RE1,Elc3,PWRDEM,2027,1,RE1,TSM01H004,RE1,881.4815
RE1,Elc3,PWRDEM,2028,1,RE1,TSM01H004,RE1,881.4815
RE1,Elc3,PWRDEM,2029,1,RE1,TSM01H004,RE1,881.4815
RE1,Elc3,PWRDEM,2030,1,RE1,TSM01H004,RE1,881.4815
RE1,Elc2,PWRDIST,2020,1,RE1,TSM01H004,RE1,518.5185
RE1,Elc2,PWRDIST,2021,1,RE1,TSM01H004,RE1,570.3704
RE1,Elc2,PWRDIST,2022,1,RE1,TSM01H004,RE1,622.2222
RE1,Elc2,PWRDIST,2023,1,RE1,TSM01H004,RE1,674.0741
RE1,Elc2,PWRDIST,2024,1,RE1,TSM01H004,RE1,725.9259
RE1,Elc2,PWRDIST,2025,1,RE1,TSM01H004,RE1,777.7778
RE1,Elc2,PWRDIST,2026,1,RE1,TSM01H004,RE1,829.6296
RE1,Elc2,PWRDIST,2027,1,RE1,TSM01H004,RE1,881.4815
RE1,Elc2,PWRDIST,2028,1,RE1,TSM01H004,RE1,881.4815
RE1,Elc2,PWRDIST,2029,1,RE1,TSM01H004,RE1,881.4815
RE1,Elc2,PWRDIST,2030,1,RE1,TSM01H004,RE1,881.4815
RE1,SOL,PWRSOL,2020,1,RE1,TSM01H004,RE1,20.2936
RE1,SOL,PWRSOL,2021,1,RE1,TSM01H004,RE1,22.3226
RE1,SOL,PWRSOL,2022,1,RE1,TSM01H004,RE1,22.5295
RE1,SOL,PWRSOL,2023,1,RE1,TSM01H004,RE1,22.7365
RE1,SOL,PWRSOL,2024,1,RE1,TSM01H004,RE1,22.9434
RE1,SOL,PWRSOL,2025,1,RE1,TSM01H004,RE1,23.1503
RE1,SOL,PWRSOL,2026,1,RE1,TSM01H004,RE1,23.3573
RE1,SOL,PWRSOL,2027,1,RE1,TSM01H004,RE1,23.5642
RE1,SOL,PWRSOL,2028,1,RE1,TSM01H004,RE1,23.5642
RE1,SOL,PWRSOL,2029,1,RE1,TSM01H004,RE1,23.5642
RE1,SOL,PWRSOL,2030,1,RE1,TSM01H004,RE1,23.5642
RE1,Elc,PWRTRN,2020,1,RE1,TSM01H004,RE1,518.5185
RE1,Elc,PWRTRN,2021,1,RE1,TSM01H004,RE1,570.3704
RE1,Elc,PWRTRN,2022,1,RE1,TSM01H004,RE1,622.2222
RE1,Elc,PWRTRN,2023,1,RE1,TSM01H004,RE1,674.0741
RE1,Elc,PWRTRN,2024,1,RE1,TSM01H004,RE1,725.9259
RE1,Elc,PWRTRN,2025,1,RE1,TSM01H004,RE1,777.7778
RE1,Elc,PWRTRN,2026,1,RE1,TSM01H004,RE1,829.6296
RE1,Elc,PWRTRN,2027,1,RE1,TSM01H004,RE1,881.4815
RE1,Elc,PWRTRN,2028,1,RE1,TSM01H004,RE1,881.4815
RE1,Elc,PWRTRN,2029,1,RE1,TSM01H004,RE1,881.4815
RE1,Elc,PWRTRN,2030,1,RE1,TSM01H004,RE1,881.4815
RE1,WND,PWRWND,2020,1,RE1,TSM01H004,RE1,127.4054
RE1,WND,PWRWND,2021,1,RE1,TSM01H004,RE1,127.4054
RE1,WND,PWRWND,2022,1,RE1,TSM01H004,RE1,127.4054
RE1,WND,PWRWND,2023,1,RE1,TSM01H004,RE1,127.4054
RE1,WND,PWRWND,2024,1,RE1,TSM01H004,RE1,127.4054
RE1,WND,PWRWND,2025,1,RE1,TSM01H004,RE1,127.4054
RE1,WND,PWRWND,2026,1,RE1,TSM01H004,RE1,127.4054
RE1,WND,PWRWND,2027,1,RE1,TSM01H004,RE1,127.4054
RE1,WND,PWRWND,2028,1,RE1,TSM01H004,RE1,127.4054
RE1,WND,PWRWND,2029,1,RE1,TSM01H004,RE1,127.4054
RE1,WND,PWRWND,2030,1,RE1,TSM01H004,RE1,127.4054
RE1,Elc,PWRBATIN,2021,1,RE1,TSM01H005,RE1,6.2368
RE1,Elc,PWRBATIN,2022,1,RE1,TSM01H005,RE1,2.8528
RE1,COA,PWRCOA,2020,1,RE1,TSM01H005,RE1,176.0433
RE1,COA,PWRCOA,2021,1,RE1,TSM01H005,RE1,263.7216
RE1,COA,PWRCOA,2022,1,RE1,TSM01H005,RE1,409.7922
RE1,COA,PWRCOA,2023,1,RE1,TSM01H005,RE1,555.8631
RE1,COA,PWRCOA,2024,1,RE1,TSM01H005,RE1,701.9337
RE1,COA,PWRCOA,2025,1,RE1,TSM01H005,RE1,848.0043
RE1,COA,PWRCOA,2026,1,RE1,TSM01H005,RE1,994.0752
RE1,COA,PWRCOA,2027,1,RE1,TSM01H005,RE1,1140.1458
RE1,COA,PWRCOA,2028,1,RE1,TSM01H005,RE1,1140.1458
RE1,COA,PWRCOA,2029,1,RE1,TSM01H005,RE1,1140.1458
RE1,COA,PWRCOA,2030,1,RE1,TSM01H005,RE1,1140.1458
RE1,Elc3,PWRDEM,2020,1,RE1,TSM01H005,RE1,555.5556
RE1,Elc3,PWRDEM,2021,1,RE1,TSM01H005,RE1,611.1111
RE1,Elc3,PWRDEM,2022,1,RE1,TSM01H005,RE1,666.6667
RE1,Elc3,PWRDEM,2023,1,RE1,TSM01H005,RE1,722.2222
RE1,Elc3,PWRDEM,2024,1,RE1,TSM01H005,RE1,777.7778
RE1,Elc3,PWRDEM,2025,1,RE1,TSM01H005,RE1,833.3333
RE1,Elc3,PWRDEM,2026,1,RE1,TSM01H005,RE1,888.8889
RE1,Elc3,PWRDEM,2027,1,RE1,TSM01H005,RE1,944.4444
RE1,Elc3,PWRDEM,2028,1,RE1,TSM01H005,RE1,944.4444
RE1,Elc3,PWRDEM,2029,1,RE1,TSM01H005,RE1,944.4444
RE1,Elc3,PWRDEM,2030,1,RE1,TSM01H005,RE1,944.4444
RE1,Elc2,PWRDIST,2020,1,RE1,TSM01H005,RE1,555.5556
RE1,Elc2,PWRDIST,2021,1,RE1,TSM01H005,RE1,611.1111
RE1,Elc2,PWRDIST,2022,1,RE1,TSM01H005,RE1,666.6667
RE1,Elc2,PWRDIST,2023,1,RE1,TSM01H005,RE1,722.2222
RE1,Elc2,PWRDIST,2024,1,RE1,TSM01H005,RE1,777.7778
RE1,Elc2,PWRDIST,2025,1,RE1,TSM01H005,RE1,833.3333
RE1,Elc2,PWRDIST,2026,1,RE1,TSM01H005,RE1,888.8889
RE1,Elc2,PWRDIST,2027,1,RE1,TSM01H005,RE1,944.4444
RE1,Elc2,PWRDIST,2028,1,RE1,TSM01H005,RE1,944.4444
RE1,Elc2,PWRDIST,2029,1,RE1,TSM01H005,RE1,944.4444
RE1,Elc2,PWRDIST,2030,1,RE1,TSM01H005,RE1,944.4444
RE1,SOL,PWRSOL,2020,1,RE1,TSM01H005,RE1,341.4092
RE1,SOL,PWRSOL,2021,1,RE1,TSM01H005,RE1,375.545
RE1,SOL,PWRSOL,2022,1,RE1,TSM01H005,RE1,379.0264
RE1,SOL,PWRSOL,2023,1,RE1,TSM01H005,RE1,382.5077
RE1,SOL,PWRSOL,2024,1,RE1,TSM01H005,RE1,385.9891
RE1,SOL,PWRSOL,2025,1,RE1,TSM01H005,RE1,389.4704
RE1,SOL,PWRSOL,2026,1,RE1,TSM01H005,RE1,392.9518
RE1,SOL,PWRSOL,2027,1,RE1,TSM01H005,RE1,396.4331
RE1,SOL,PWRSOL,2028,1,RE1,TSM01H005,RE1,396.4331
RE1,SOL,PWRSOL,2029,1,RE1,TSM01H005,RE1,396.4331
RE1,SOL,PWRSOL,2030,1,RE1,TSM01H005,RE1,396.4331
RE1,Elc,PWRTRN,2020,1,RE1,TSM01H005,RE1,555.5556
RE1,Elc,PWRTRN,2021,1,RE1,TSM01H005,RE1,611.1111
RE1,Elc,PWRTRN,2022,1,RE1,TSM01H005,RE1,666.6667
RE1,Elc,PWRTRN,2023,1,RE1,TSM01H005,RE1,722.2222
RE1,Elc,PWRTRN,2024,1,RE1,TSM01H005,RE1,777.7778
RE1,Elc,PWRTRN,2025,1,RE1,TSM01H005,RE1,833.3333
RE1,Elc,PWRTRN,2026,1,RE1,TSM01H005,RE1,888.8889
RE1,Elc,PWRTRN,2027,1,RE1,TSM01H005,RE1,944.4444
RE1,Elc,PWRTRN,2028,1,RE1,TSM01H005,RE1,944.4444
RE1,Elc,PWRTRN,2029,1,RE1,TSM01H005,RE1,944.4444
RE1,Elc,PWRTRN,2030,1,RE1,TSM01H005,RE1,944.4444
RE1,WND,PWRWND,2020,1,RE1,TSM01H005,RE1,153.8957
RE1,WND,PWRWND,2021,1,RE1,TSM01H005,RE1,153.8957
RE1,WND,PWRWND,2022,1,RE1,TSM01H005,RE1,153.8957
RE1,WND,PWRWND,2023,1,RE1,TSM01H005,RE1,153.8957
RE1,WND,PWRWND,2024,1,RE1,TSM01H005,RE1,153.8957
RE1,WND,PWRWND,2025,1,RE1,TSM01H005,RE1,153.8957
RE1,WND,PWRWND,2026,1,RE1,TSM01H005,RE1,153.8957
RE1,WND,PWRWND,2027,1,RE1,TSM01H005,RE1,153.8957
RE1,WND,PWRWND,2028,1,RE1,TSM01H005,RE1,153.8957
RE1,WND,PWRWND,2029,1,RE1,TSM01H005,RE1,153.8957
RE1,WND,PWRWND,2030,1,RE1,TSM01H005,RE1,153.8957
RE1,Elc,PWRBATIN,2020,1,RE1,TSM01H006,RE1,309.476
RE1,Elc,PWRBATIN,2021,1,RE1,TSM01H006,RE1,350.4632
RE1,Elc,PWRBATIN,2022,1,RE1,TSM01H006,RE1,350.4632
RE1,Elc,PWRBATIN,2023,1,RE1,TSM01H006,RE1,350.4632
RE1,Elc,PWRBATIN,2024,1,RE1,TSM01H006,RE1,350.4632
RE1,Elc,PWRBATIN,2025,1,RE1,TSM01H006,RE1,350.4632
RE1,Elc,PWRBATIN,2026,1,RE1,TSM01H006,RE1,350.4632
RE1,Elc,PWRBATIN,2027,1,RE1,TSM01H006,RE1,350.4632
RE1,Elc,PWRBATIN,2028,1,RE1,TSM01H006,RE1,350.4632
RE1,Elc,PWRBATIN,2029,1,RE1,TSM01H006,RE1,350.4632
RE1,Elc,PWRBATIN,2030,1,RE1,TSM01H006,RE1,350.4632
RE1,COA,PWRCOA,2020,1,RE1,TSM01H006,RE1,176.0433
RE1,COA,PWRCOA,2021,1,RE1,TSM01H006,RE1,263.7216
RE1,COA,PWRCOA,2022,1,RE1,TSM01H006,RE1,409.7922
RE1,COA,PWRCOA,2023,1,RE1,TSM01H006,RE1,555.8631
RE1,COA,PWRCOA,2024,1,RE1,TSM01H006,RE1,701.9337
RE1,COA,PWRCOA,2025,1,RE1,TSM01H006,RE1,848.0043
RE1,COA,PWRCOA,2026,1,RE1,TSM01H006,RE1,994.0752
RE1,COA,PWRCOA,2027,1,RE1,TSM01H006,RE1,1140.1458
RE1,COA,PWRCOA,2028,1,RE1,TSM01H006,RE1,1140.1458
RE1,COA,PWRCOA,2029,1,RE1,TSM01H006,RE1,1140.1458
RE1,COA,PWRCOA,2030,1,RE1,TSM01H006,RE1,1140.1458
RE1,Elc3,PWRDEM,2020,1,RE1,TSM01H006,RE1,555.5556
RE1,Elc3,PWRDEM,2021,1,RE1,TSM01H006,RE1,611.1111
RE1,Elc3,PWRDEM,2022,1,RE1,TSM01H006,RE1,666.6667
RE1,Elc3,PWRDEM,2023,1,RE1,TSM01H006,RE1,722.2222
RE1,Elc3,PWRDEM,2024,1,RE1,TSM01H006,RE1,777.7778
RE1,Elc3,PWRDEM,2025,1,RE1,TSM01H006,RE1,833.3333
RE1,Elc3,PWRDEM,2026,1,RE1,TSM01H006,RE1,888.8889
RE1,Elc3,PWRDEM,2027,1,RE1,TSM01H006,RE1,944.4444
RE1,Elc3,PWRDEM,2028,1,RE1,TSM01H006,RE1,944.4444
RE1,Elc3,PWRDEM,2029,1,RE1,TSM01H006,RE1,944.4444
RE1,Elc3,PWRDEM,2030,1,RE1,TSM01H006,RE1,944.4444
RE1,Elc2,PWRDIST,2020,1,RE1,TSM01H006,RE1,555.5556
RE1,Elc2,PWRDIST,2021,1,RE1,TSM01H006,RE1,611.1111
RE1,Elc2,PWRDIST,2022,1,RE1,TSM01H006,RE1,666.6667
RE1,Elc2,PWRDIST,2023,1,RE1,TSM01H006,RE1,722.2222
RE1,Elc2,PWRDIST,2024,1,RE1,TSM01H006,RE1,777.7778
RE1,Elc2,PWRDIST,2025,1,RE1,TSM01H006,RE1,833.3333
RE1,Elc2,PWRDIST,2026,1,RE1,TSM01H006,RE1,888.8889
RE1,Elc2,PWRDIST,2027,1,RE1,TSM01H006,RE1,944.4444
RE1,Elc2,PWRDIST,2028,1,RE1,TSM01H006,RE1,944.4444
RE1,Elc2,PWRDIST,2029,1,RE1,TSM01H006,RE1,944.4444
RE1,Elc2,PWRDIST,2030,1,RE1,TSM01H006,RE1,944.4444
RE1,SOL,PWRSOL,2020,1,RE1,TSM01H006,RE1,673.2685
RE1,SOL,PWRSOL,2021,1,RE1,TSM01H006,RE1,740.5852
RE1,SOL,PWRSOL,2022,1,RE1,TSM01H006,RE1,747.4506
RE1,SOL,PWRSOL,2023,1,RE1,TSM01H006,RE1,754.3159
RE1,SOL,PWRSOL,2024,1,RE1,TSM01H006,RE1,761.1812
RE1,SOL,PWRSOL,2025,1,RE1,TSM01H006,RE1,768.0465
RE1,SOL,PWRSOL,2026,1,RE1,TSM01H006,RE1,774.9119
RE1,SOL,PWRSOL,2027,1,RE1,TSM01H006,RE1,781.7772
RE1,SOL,PWRSOL,2028,1,RE1,TSM01H006,RE1,781.7772
RE1,SOL,PWRSOL,2029,1,RE1,TSM01H006,RE1,781.7772
RE1,SOL,PWRSOL,2030,1,RE1,TSM01H006,RE1,781.7772
RE1,Elc,PWRTRN,2020,1,RE1,TSM01H006,RE1,555.5556
RE1,Elc,PWRTRN,2021,1,RE1,TSM01H006,RE1,611.1111
RE1,Elc,PWRTRN,2022,1,RE1,TSM01H006,RE1,666.6667
RE1,Elc,PWRTRN,2023,1,RE1,TSM01H006,RE1,722.2222
RE1,Elc,PWRTRN,2024,1,RE1,TSM01H006,RE1,777.7778
RE1,Elc,PWRTRN,2025,1,RE1,TSM01H006,RE1,833.3333
RE1,Elc,PWRTRN,2026,1,RE1,TSM01H006,RE1,888.8889
RE1,Elc,PWRTRN,2027,1,RE1,TSM01H006,RE1,944.4444
RE1,Elc,PWRTRN,2028,1,RE1,TSM01H006,RE1,944.4444
RE1,Elc,PWRTRN,2029,1,RE1,TSM01H006,RE1,944.4444
RE1,Elc,PWRTRN,2030,1,RE1,TSM01H006,RE1,944.4444
RE1,WND,PWRWND,2020,1,RE1,TSM01H006,RE1,133.0819
RE1,WND,PWRWND,2021,1,RE1,TSM01H006,RE1,133.0819
RE1,WND,PWRWND,2022,1,RE1,TSM01H006,RE1,133.0819
RE1,WND,PWRWND,2023,1,RE1,TSM01H006,RE1,133.0819
RE1,WND,PWRWND,2024,1,RE1,TSM01H006,RE1,133.0819
RE1,WND,PWRWND,2025,1,RE1,TSM01H006,RE1,133.0819
RE1,WND,PWRWND,2026,1,RE1,TSM01H006,RE1,133.0819
RE1,WND,PWRWND,2027,1,RE1,TSM01H006,RE1,133.0819
RE1,WND,PWRWND,2028,1,RE1,TSM01H006,RE1,133.0819
RE1,WND,PWRWND,2029,1,RE1,TSM01H006,RE1,133.0819
RE1,WND,PWRWND,2030,1,RE1,TSM01H006,RE1,133.0819
RE1,Elc,PWRBATIN,2020,1,RE1,TSM01H007,RE1,312.1384
RE1,Elc,PWRBATIN,2021,1,RE1,TSM01H007,RE1,350.4632
RE1,Elc,PWRBATIN,2022,1,RE1,TSM01H007,RE1,350.4632
RE1,Elc,PWRBATIN,2023,1,RE1,TSM01H007,RE1,350.4632
RE1,Elc,PWRBATIN,2024,1,RE1,TSM01H007,RE1,350.4632
RE1,Elc,PWRBATIN,2025,1,RE1,TSM01H007,RE1,350.4632
RE1,Elc,PWRBATIN,2026,1,RE1,TSM01H007,RE1,350.4632
RE1,Elc,PWRBATIN,2027,1,RE1,TSM01H007,RE1,350.4632
RE1,Elc,PWRBATIN,2028,1,RE1,TSM01H007,RE1,350.4632
RE1,Elc,PWRBATIN,2029,1,RE1,TSM01H007,RE1,350.4632
RE1,Elc,PWRBATIN,2030,1,RE1,TSM01H007,RE1,350.4632
RE1,COA,PWRCOA,2021,1,RE1,TSM01H007,RE1,263.7216
RE1,COA,PWRCOA,2022,1,RE1,TSM01H007,RE1,409.7922
RE1,COA,PWRCOA,2023,1,RE1,TSM01H007,RE1,555.8631
RE1,COA,PWRCOA,2024,1,RE1,TSM01H007,RE1,699.8424
RE1,COA,PWRCOA,2025,1,RE1,TSM01H007,RE1,840.3576
RE1,COA,PWRCOA,2026,1,RE1,TSM01H007,RE1,980.8725
RE1,COA,PWRCOA,2027,1,RE1,TSM01H007,RE1,1121.3877
RE1,COA,PWRCOA,2028,1,RE1,TSM01H007,RE1,1121.3877
RE1,COA,PWRCOA,2029,1,RE1,TSM01H007,RE1,1121.3877
RE1,COA,PWRCOA,2030,1,RE1,TSM01H007,RE1,1121.3877
RE1,Elc3,PWRDEM,2020,1,RE1,TSM01H007,RE1,537.037
RE1,Elc3,PWRDEM,2021,1,RE1,TSM01H007,RE1,590.7407
RE1,Elc3,PWRDEM,2022,1,RE1,TSM01H007,RE1,644.4444
RE1,Elc3,PWRDEM,2023,1,RE1,TSM01H007,RE1,698.1482
RE1,Elc3,PWRDEM,2024,1,RE1,TSM01H007,RE1,751.8518
RE1,Elc3,PWRDEM,2025,1,RE1,TSM01H007,RE1,805.5556
RE1,Elc3,PWRDEM,2026,1,RE1,TSM01H007,RE1,859.2593
RE1,Elc3,PWRDEM,2027,1,RE1,TSM01H007,RE1,912.963
RE1,Elc3,PWRDEM,2028,1,RE1,TSM01H007,RE1,912.963
RE1,Elc3,PWRDEM,2029,1,RE1,TSM01H007,RE1,912.963
RE1,Elc3,PWRDEM,2030,1,RE1,TSM01H007,RE1,912.963
RE1,Elc2,PWRDIST,2020,1,RE1,TSM01H007,RE1,537.037
RE1,Elc2,PWRDIST,2021,1,RE1,TSM01H007,RE1,590.7407
RE1,Elc2,PWRDIST,2022,1,RE1,TSM01H007,RE1,644.4444
RE1,Elc2,PWRDIST,2023,1,RE1,TSM01H007,RE1,698.1482
RE1,Elc2,PWRDIST,2024,1,RE1,TSM01H007,RE1,751.8518
RE1,Elc2,PWRDIST,2025,1,RE1,TSM01H007,RE1,805.5556
RE1,Elc2,PWRDIST,2026,1,RE1,TSM01H007,RE1,859.2593
RE1,Elc2,PWRDIST,2027,1,RE1,TSM01H007,RE1,912.963
RE1,Elc2,PWRDIST,2028,1,RE1,TSM01H007,RE1,912.963
RE1,Elc2,PWRDIST,2029,1,RE1,TSM01H007,RE1,912.963
RE1,Elc2,PWRDIST,2030,1,RE1,TSM01H007,RE1,912.963
RE1,SOL,PWRSOL,2020,1,RE1,TSM01H007,RE1,741.3224
RE1,SOL,PWRSOL,2021,1,RE1,TSM01H007,RE1,745.4437
RE1,SOL,PWRSOL,2022,1,RE1,TSM01H007,RE1,750.4572
RE1,SOL,PWRSOL,2023,1,RE1,TSM01H007,RE1,755.4706
RE1,SOL,PWRSOL,2024,1,RE1,TSM01H007,RE1,761.1812
RE1,SOL,PWRSOL,2025,1,RE1,TSM01H007,RE1,768.0465
RE1,SOL,PWRSOL,2026,1,RE1,TSM01H007,RE1,774.9119
RE1,SOL,PWRSOL,2027,1,RE1,TSM01H007,RE1,781.7772
RE1,SOL,PWRSOL,2028,1,RE1,TSM01H007,RE1,781.7772
RE1,SOL,PWRSOL,2029,1,RE1,TSM01H007,RE1,781.7772
RE1,SOL,PWRSOL,2030,1,RE1,TSM01H007,RE1,781.7772
RE1,Elc,PWRTRN,2020,1,RE1,TSM01H007,RE1,537.037
RE1,Elc,PWRTRN,2021,1,RE1,TSM01H007,RE1,590.7407
RE1,Elc,PWRTRN,2022,1,RE1,TSM01H007,RE1,644.4444
RE1,Elc,PWRTRN,2023,1,RE1,TSM01H007,RE1,698.1482
RE1,Elc,PWRTRN,2024,1,RE1,TSM01H007,RE1,751.8518
RE1,Elc,PWRTRN,2025,1,RE1,TSM01H007,RE1,805.5556
RE1,Elc,PWRTRN,2026,1,RE1,TSM01H007,RE1,859.2593
RE1,Elc,PWRTRN,2027,1,RE1,TSM01H007,RE1,912.963
RE1,Elc,PWRTRN,2028,1,RE1,TSM01H007,RE1,912.963
RE1,Elc,PWRTRN,2029,1,RE1,TSM01H007,RE1,912.963
RE1,Elc,PWRTRN,2030,1,RE1,TSM01H007,RE1,912.963
RE1,WND,PWRWND,2020,1,RE1,TSM01H007,RE1,107.8531
RE1,WND,PWRWND,2021,1,RE1,TSM01H007,RE1,107.8531
RE1,WND,PWRWND,2022,1,RE1,TSM01H007,RE1,107.8531
RE1,WND,PWRWND,2023,1,RE1,TSM01H007,RE1,107.8531
RE1,WND,PWRWND,2024,1,RE1,TSM01H007,RE1,107.8531
RE1,WND,PWRWND,2025,1,RE1,TSM01H007,RE1,107.8531
RE1,WND,PWRWND,2026,1,RE1,TSM01H007,RE1,107.8531
RE1,WND,PWRWND,2027,1,RE1,TSM01H007,RE1,107.8531
RE1,WND,PWRWND,2028,1,RE1,TSM01H007,RE1,107.8531
RE1,WND,PWRWND,2029,1,RE1,TSM01H007,RE1,107.8531
RE1,WND,PWRWND,2030,1,RE1,TSM01H007,RE1,107.8531
RE1,Elc,PWRBATIN,2020,1,RE1,TSM01H008,RE1,274.9315
RE1,Elc,PWRBATIN,2021,1,RE1,TSM01H008,RE1,314.6095
RE1,Elc,PWRBATIN,2022,1,RE1,TSM01H008,RE1,317.802
RE1,Elc,PWRBATIN,2023,1,RE1,TSM01H008,RE1,320.9944
RE1,Elc,PWRBATIN,2024,1,RE1,TSM01H008,RE1,324.1869
RE1,Elc,PWRBATIN,2025,1,RE1,TSM01H008,RE1,327.3794
RE1,Elc,PWRBATIN,2026,1,RE1,TSM01H008,RE1,330.5718
RE1,Elc,PWRBATIN,2027,1,RE1,TSM01H008,RE1,333.7643
RE1,Elc,PWRBATIN,2028,1,RE1,TSM01H008,RE1,333.7643
RE1,Elc,PWRBATIN,2029,1,RE1,TSM01H008,RE1,333.7643
RE1,Elc,PWRBATIN,2030,1,RE1,TSM01H008,RE1,333.7643
RE1,COA,PWRCOA,2020,1,RE1,TSM01H008,RE1,176.0433
RE1,COA,PWRCOA,2021,1,RE1,TSM01H008,RE1,263.7216
RE1,COA,PWRCOA,2022,1,RE1,TSM01H008,RE1,409.7922
RE1,COA,PWRCOA,2023,1,RE1,TSM01H008,RE1,555.8631
RE1,COA,PWRCOA,2024,1,RE1,TSM01H008,RE1,701.9337
RE1,COA,PWRCOA,2025,1,RE1,TSM01H008,RE1,848.0043
RE1,COA,PWRCOA,2026,1,RE1,TSM01H008,RE1,994.0752
RE1,COA,PWRCOA,2027,1,RE1,TSM01H008,RE1,1140.1458
RE1,COA,PWRCOA,2028,1,RE1,TSM01H008,RE1,1140.1458
RE1,COA,PWRCOA,2029,1,RE1,TSM01H008,RE1,1140.1458
RE1,COA,PWRCOA,2030,1,RE1,TSM01H008,RE1,1140.1458
RE1,Elc3,PWRDEM,2020,1,RE1,TSM01H008,RE1,518.5185
RE1,Elc3,PWRDEM,2021,1,RE1,TSM01H008,RE1,570.3704
RE1,Elc3,PWRDEM,2022,1,RE1,TSM01H008,RE1,622.2222
RE1,Elc3,PWRDEM,2023,1,RE1,TSM01H008,RE1,674.0741
RE1,Elc3,PWRDEM,2024,1,RE1,TSM01H008,RE1,725.9259
RE1,Elc3,PWRDEM,2025,1,RE1,TSM01H008,RE1,777.7778
RE1,Elc3,PWRDEM,2026,1,RE1,TSM01H008,RE1,829.6296
RE1,Elc3,PWRDEM,2027,1,RE1,TSM01H008,RE1,881.4815
RE1,Elc3,PWRDEM,2028,1,RE1,TSM01H008,RE1,881.4815
RE1,Elc3,PWRDEM,2029,1,RE1,TSM01H008,RE1,881.4815
RE1,Elc3,PWRDEM,2030,1,RE1,TSM01H008,RE1,881.4815
RE1,Elc2,PWRDIST,2020,1,RE1,TSM01H008,RE1,518.5185
RE1,Elc2,PWRDIST,2021,1,RE1,TSM01H008,RE1,570.3704
RE1,Elc2,PWRDIST,2022,1,RE1,TSM01H008,RE1,622.2222
RE1,Elc2,PWRDIST,2023,1,RE1,TSM01H008,RE1,674.0741
RE1,Elc2,PWRDIST,2024,1,RE1,TSM01H008,RE1,725.9259
RE1,Elc2,PWRDIST,2025,1,RE1,TSM01H008,RE1,777.7778
RE1,Elc2,PWRDIST,2026,1,RE1,TSM01H008,RE1,829.6296
RE1,Elc2,PWRDIST,2027,1,RE1,TSM01H008,RE1,881.4815
RE1,Elc2,PWRDIST,2028,1,RE1,TSM01H008,RE1,881.4815
RE1,Elc2,PWRDIST,2029,1,RE1,TSM01H008,RE1,881.4815
RE1,Elc2,PWRDIST,2030,1,RE1,TSM01H008,RE1,881.4815
RE1,SOL,PWRSOL,2020,1,RE1,TSM01H008,RE1,623.1315
RE1,SOL,PWRSOL,2021,1,RE1,TSM01H008,RE1,685.4353
RE1,SOL,PWRSOL,2022,1,RE1,TSM01H008,RE1,691.7894
RE1,SOL,PWRSOL,2023,1,RE1,TSM01H008,RE1,698.1434
RE1,SOL,PWRSOL,2024,1,RE1,TSM01H008,RE1,704.4975
RE1,SOL,PWRSOL,2025,1,RE1,TSM01H008,RE1,710.8516
RE1,SOL,PWRSOL,2026,1,RE1,TSM01H008,RE1,717.2057
RE1,SOL,PWRSOL,2027,1,RE1,TSM01H008,RE1,723.5597
RE1,SOL,PWRSOL,2028,1,RE1,TSM01H008,RE1,723.5597
RE1,SOL,PWRSOL,2029,1,RE1,TSM01H008,RE1,723.5597
RE1,SOL,PWRSOL,2030,1,RE1,TSM01H008,RE1,723.5597
RE1,Elc,PWRTRN,2020,1,RE1,TSM01H008,RE1,518.5185
RE1,Elc,PWRTRN,2021,1,RE1,TSM01H008,RE1,570.3704
RE1,Elc,PWRTRN,2022,1,RE1,TSM01H008,RE1,622.2222
RE1,Elc,PWRTRN,2023,1,RE1,TSM01H008,RE1,674.0741
RE1,Elc,PWRTRN,2024,1,RE1,TSM01H008,RE1,725.9259
RE1,Elc,PWRTRN,2025,1,RE1,TSM01H008,RE1,777.7778
RE1,Elc,PWRTRN,2026,1,RE1,TSM01H008,RE1,829.6296
RE1,Elc,PWRTRN,2027,1,RE1,TSM01H008,RE1,881.4815
RE1,Elc,PWRTRN,2028,1,RE1,TSM01H008,RE1,881.4815
RE1,Elc,PWRTRN,2029,1,RE1,TSM01H008,RE1,881.4815
RE1,Elc,PWRTRN,2030,1,RE1,TSM01H008,RE1,881.4815
RE1,WND,PWRWND,2020,1,RE1,TSM01H008,RE1,111.6374
RE1,WND,PWRWND,2021,1,RE1,TSM01H008,RE1,111.6374
RE1,WND,PWRWND,2022,1,RE1,TSM01H008,RE1,111.6374
RE1,WND,PWRWND,2023,1,RE1,TSM01H008,RE1,111.6374
RE1,WND,PWRWND,2024,1,RE1,TSM01H008,RE1,111.6374
RE1,WND,PWRWND,2025,1,RE1,TSM01H008,RE1,111.6374
RE1,WND,PWRWND,2026,1,RE1,TSM01H008,RE1,111.6374
RE1,WND,PWRWND,2027,1,RE1,TSM01H008,RE1,111.6374
RE1,WND,PWRWND,2028,1,RE1,TSM01H008,RE1,111.6374
RE1,WND,PWRWND,2029,1,RE1,TSM01H008,RE1,111.6374
RE1,WND,PWRWND,2030,1,RE1,TSM01H008,RE1,111.6374
RE1,Elc,PWRBATIN,2020,1,RE1,TSM01H009,RE1,16.0513
RE1,Elc,PWRBATIN,2021,1,RE1,TSM01H009,RE1,18.3672
RE1,Elc,PWRBATIN,2022,1,RE1,TSM01H009,RE1,14.4233
RE1,Elc,PWRBATIN,2023,1,RE1,TSM01H009,RE1,10.4794
RE1,Elc,PWRBATIN,2024,1,RE1,TSM01H009,RE1,6.5355
RE1,Elc,PWRBATIN,2025,1,RE1,TSM01H009,RE1,2.5916
RE1,COA,PWRCOA,2020,1,RE1,TSM01H009,RE1,176.0433
RE1,COA,PWRCOA,2021,1,RE1,TSM01H009,RE1,263.7216
RE1,COA,PWRCOA,2022,1,RE1,TSM01H009,RE1,409.7922
RE1,COA,PWRCOA,2023,1,RE1,TSM01H009,RE1,555.8631
RE1,COA,PWRCOA,2024,1,RE1,TSM01H009,RE1,701.9337
RE1,COA,PWRCOA,2025,1,RE1,TSM01H009,RE1,848.0043
RE1,COA,PWRCOA,2026,1,RE1,TSM01H009,RE1,994.0752
RE1,COA,PWRCOA,2027,1,RE1,TSM01H009,RE1,1140.1458
RE1,COA,PWRCOA,2028,1,RE1,TSM01H009,RE1,1140.1458
RE1,COA,PWRCOA,2029,1,RE1,TSM01H009,RE1,1140.1458
RE1,COA,PWRCOA,2030,1,RE1,TSM01H009,RE1,1140.1458
RE1,Elc3,PWRDEM,2020,1,RE1,TSM01H009,RE1,555.5556
RE1,Elc3,PWRDEM,2021,1,RE1,TSM01H009,RE1,611.1111
RE1,Elc3,PWRDEM,2022,1,RE1,TSM01H009,RE1,666.6667
RE1,Elc3,PWRDEM,2023,1,RE1,TSM01H009,RE1,722.2222
RE1,Elc3,PWRDEM,2024,1,RE1,TSM01H009,RE1,777.7778
RE1,Elc3,PWRDEM,2025,1,RE1,TSM01H009,RE1,833.3333
RE1,Elc3,PWRDEM,2026,1,RE1,TSM01H009,RE1,888.8889
RE1,Elc3,PWRDEM,2027,1,RE1,TSM01H009,RE1,944.4444
RE1,Elc3,PWRDEM,2028,1,RE1,TSM01H009,RE1,944.4444
RE1,Elc3,PWRDEM,2029,1,RE1,TSM01H009,RE1,944.4444
RE1,Elc3,PWRDEM,2030,1,RE1,TSM01H009,RE1,944.4444
RE1,Elc2,PWRDIST,2020,1,RE1,TSM01H009,RE1,555.5556
RE1,Elc2,PWRDIST,2021,1,RE1,TSM01H009,RE1,611.1111
RE1,Elc2,PWRDIST,2022,1,RE1,TSM01H009,RE1,666.6667
RE1,Elc2,PWRDIST,2023,1,RE1,TSM01H009,RE1,722.2222
RE1,Elc2,PWRDIST,2024,1,RE1,TSM01H009,RE1,777.7778
RE1,Elc2,PWRDIST,2025,1,RE1,TSM01H009,RE1,833.3333
RE1,Elc2,PWRDIST,2026,1,RE1,TSM01H009,RE1,888.8889
RE1,Elc2,PWRDIST,2027,1,RE1,TSM01H009,RE1,944.4444
RE1,Elc2,PWRDIST,2028,1,RE1,TSM01H009,RE1,944.4444
RE1,Elc2,PWRDIST,2029,1,RE1,TSM01H009,RE1,944.4444
RE1,Elc2,PWRDIST,2030,1,RE1,TSM01H009,RE1,944.4444
RE1,SOL,PWRSOL,2020,1,RE1,TSM01H009,RE1,286.4972
RE1,SOL,PWRSOL,2021,1,RE1,TSM01H009,RE1,315.1427
RE1,SOL,PWRSOL,2022,1,RE1,TSM01H009,RE1,318.0641
RE1,SOL,PWRSOL,2023,1,RE1,TSM01H009,RE1,320.9855
RE1,SOL,PWRSOL,2024,1,RE1,TSM01H009,RE1,323.9069
RE1,SOL,PWRSOL,2025,1,RE1,TSM01H009,RE1,326.8283
RE1,SOL,PWRSOL,2026,1,RE1,TSM01H009,RE1,329.7497
RE1,SOL,PWRSOL,2027,1,RE1,TSM01H009,RE1,332.6711
RE1,SOL,PWRSOL,2028,1,RE1,TSM01H009,RE1,332.6711
RE1,SOL,PWRSOL,2029,1,RE1,TSM01H009,RE1,332.6711
RE1,SOL,PWRSOL,2030,1,RE1,TSM01H009,RE1,332.6711
RE1,Elc,PWRTRN,2020,1,RE1,TSM01H009,RE1,555.5556
RE1,Elc,PWRTRN,2021,1,RE1,TSM01H009,RE1,611.1111
RE1,Elc,PWRTRN,2022,1,RE1,TSM01H009,RE1,666.6667
RE1,Elc,PWRTRN,2023,1,RE1,TSM01H009,RE1,722.2222
RE1,Elc,PWRTRN,2024,1,RE1,TSM01H009,RE1,777.7778
RE1,Elc,PWRTRN,2025,1,RE1,TSM01H009,RE1,833.3333
RE1,Elc,PWRTRN,2026,1,RE1,TSM01H009,RE1,888.8889
RE1,Elc,PWRTRN,2027,1,RE1,TSM01H009,RE1,944.4444
RE1,Elc,PWRTRN,2028,1,RE1,TSM01H009,RE1,944.4444
RE1,Elc,PWRTRN,2029,1,RE1,TSM01H009,RE1,944.4444
RE1,Elc,PWRTRN,2030,1,RE1,TSM01H009,RE1,944.4444
RE1,WND,PWRWND,2020,1,RE1,TSM01H009,RE1,226.4285
RE1,WND,PWRWND,2021,1,RE1,TSM01H009,RE1,226.4285
RE1,WND,PWRWND,2022,1,RE1,TSM01H009,RE1,226.4285
RE1,WND,PWRWND,2023,1,RE1,TSM01H009,RE1,226.4285
RE1,WND,PWRWND,2024,1,RE1,TSM01H009,RE1,226.4285
RE1,WND,PWRWND,2025,1,RE1,TSM01H009,RE1,226.4285
RE1,WND,PWRWND,2026,1,RE1,TSM01H009,RE1,226.4285
RE1,WND,PWRWND,2027,1,RE1,TSM01H009,RE1,226.4285
RE1,WND,PWRWND,2028,1,RE1,TSM01H009,RE1,226.4285
RE1,WND,PWRWND,2029,1,RE1,TSM01H009,RE1,226.4285
RE1,WND,PWRWND,2030,1,RE1,TSM01H009,RE1,226.4285
RE1,COA,PWRCOA,2020,1,RE1,TSM01H010,RE1,176.0433
RE1,COA,PWRCOA,2021,1,RE1,TSM01H010,RE1,263.7216
RE1,COA,PWRCOA,2022,1,RE1,TSM01H010,RE1,409.7922
RE1,COA,PWRCOA,2023,1,RE1,TSM01H010,RE1,555.8631
RE1,COA,PWRCOA,2024,1,RE1,TSM01H010,RE1,701.9337
RE1,COA,PWRCOA,2025,1,RE1,TSM01H010,RE1,848.0043
RE1,COA,PWRCOA,2026,1,RE1,TSM01H010,RE1,994.0752
RE1,COA,PWRCOA,2027,1,RE1,TSM01H010,RE1,1140.1458
RE1,COA,PWRCOA,2028,1,RE1,TSM01H010,RE1,1140.1458
RE1,COA,PWRCOA,2029,1,RE1,TSM01H010,RE1,1140.1458
RE1,COA,PWRCOA,2030,1,RE1,TSM01H010,RE1,1140.1458
RE1,Elc3,PWRDEM,2020,1,RE1,TSM01H010,RE1,592.5926
RE1,Elc3,PWRDEM,2021,1,RE1,TSM01H010,RE1,651.8518
RE1,Elc3,PWRDEM,2022,1,RE1,TSM01H010,RE1,711.1111
RE1,Elc3,PWRDEM,2023,1,RE1,TSM01H010,RE1,770.3704
RE1,Elc3,PWRDEM,2024,1,RE1,TSM01H010,RE1,829.6296
RE1,Elc3,PWRDEM,2025,1,RE1,TSM01H010,RE1,888.8889
RE1,Elc3,PWRDEM,2026,1,RE1,TSM01H010,RE1,948.1482
RE1,Elc3,PWRDEM,2027,1,RE1,TSM01H010,RE1,1007.4074
RE1,Elc3,PWRDEM,2028,1,RE1,TSM01H010,RE1,1007.4074
RE1,Elc3,PWRDEM,2029,1,RE1,TSM01H010,RE1,1007.4074
RE1,Elc3,PWRDEM,2030,1,RE1,TSM01H010,RE1,1007.4074
RE1,Elc2,PWRDIST,2020,1,RE1,TSM01H010,RE1,592.5926
RE1,Elc2,PWRDIST,2021,1,RE1,TSM01H010,RE1,651.8518
RE1,Elc2,PWRDIST,2022,1,RE1,TSM01H010,RE1,711.1111
RE1,Elc2,PWRDIST,2023,1,RE1,TSM01H010,RE1,770.3704
RE1,Elc2,PWRDIST,2024,1,RE1,TSM01H010,RE1,829.6296
RE1,Elc2,PWRDIST,2025,1,RE1,TSM01H010,RE1,888.8889
RE1,Elc2,PWRDIST,2026,1,RE1,TSM01H010,RE1,948.1482
RE1,Elc2,PWRDIST,2027,1,RE1,TSM01H010,RE1,1007.4074
RE1,Elc2,PWRDIST,2028,1,RE1,TSM01H010,RE1,1007.4074
RE1,Elc2,PWRDIST,2029,1,RE1,TSM01H010,RE1,1007.4074
RE1,Elc2,PWRDIST,2030,1,RE1,TSM01H010,RE1,1007.4074
RE1,SOL,PWRSOL,2020,1,RE1,TSM01H010,RE1,13.1311
RE1,SOL,PWRSOL,2021,1,RE1,TSM01H010,RE1,14.444
RE1,SOL,PWRSOL,2022,1,RE1,TSM01H010,RE1,14.5779
RE1,SOL,PWRSOL,2023,1,RE1,TSM01H010,RE1,14.7118
RE1,SOL,PWRSOL,2024,1,RE1,TSM01H010,RE1,14.8457
RE1,SOL,PWRSOL,2025,1,RE1,TSM01H010,RE1,14.9796
RE1,SOL,PWRSOL,2026,1,RE1,TSM01H010,RE1,15.1135
RE1,SOL,PWRSOL,2027,1,RE1,TSM01H010,RE1,15.2474
RE1,SOL,PWRSOL,2028,1,RE1,TSM01H010,RE1,15.2474
RE1,SOL,PWRSOL,2029,1,RE1,TSM01H010,RE1,15.2474
RE1,SOL,PWRSOL,2030,1,RE1,TSM01H010,RE1,15.2474
RE1,Elc,PWRTRN,2020,1,RE1,TSM01H010,RE1,592.5926
RE1,Elc,PWRTRN,2021,1,RE1,TSM01H010,RE1,651.8518
RE1,Elc,PWRTRN,2022,1,RE1,TSM01H010,RE1,711.1111
RE1,Elc,PWRTRN,2023,1,RE1,TSM01H010,RE1,770.3704
RE1,Elc,PWRTRN,2024,1,RE1,TSM01H010,RE1,829.6296
RE1,Elc,PWRTRN,2025,1,RE1,TSM01H010,RE1,888.8889
RE1,Elc,PWRTRN,2026,1,RE1,TSM01H010,RE1,948.1482
RE1,Elc,PWRTRN,2027,1,RE1,TSM01H010,RE1,1007.4074
RE1,Elc,PWRTRN,2028,1,RE1,TSM01H010,RE1,1007.4074
RE1,Elc,PWRTRN,2029,1,RE1,TSM01H010,RE1,1007.4074
RE1,Elc,PWRTRN,2030,1,RE1,TSM01H010,RE1,1007.4074
RE1,WND,PWRWND,2020,1,RE1,TSM01H010,RE1,379.0627
RE1,WND,PWRWND,2021,1,RE1,TSM01H010,RE1,379.0627
RE1,WND,PWRWND,2022,1,RE1,TSM01H010,RE1,379.0627
RE1,WND,PWRWND,2023,1,RE1,TSM01H010,RE1,379.0627
RE1,WND,PWRWND,2024,1,RE1,TSM01H010,RE1,379.0627
RE1,WND,PWRWND,2025,1,RE1,TSM01H010,RE1,379.0627
RE1,WND,PWRWND,2026,1,RE1,TSM01H010,RE1,379.0627
RE1,WND,PWRWND,2027,1,RE1,TSM01H010,RE1,379.0627
RE1,WND,PWRWND,2028,1,RE1,TSM01H010,RE1,379.0627
RE1,WND,PWRWND,2029,1,RE1,TSM01H010,RE1,379.0627
RE1,WND,PWRWND,2030,1,RE1,TSM01H010,RE1,379.0627
RE1,COA,PWRCOA,2020,1,RE1,TSM01H011,RE1,176.0433
RE1,COA,PWRCOA,2021,1,RE1,TSM01H011,RE1,263.7216
RE1,COA,PWRCOA,2022,1,RE1,TSM01H011,RE1,409.7922
RE1,COA,PWRCOA,2023,1,RE1,TSM01H011,RE1,555.8631
RE1,COA,PWRCOA,2024,1,RE1,TSM01H011,RE1,701.9337
RE1,COA,PWRCOA,2025,1,RE1,TSM01H011,RE1,848.0043
RE1,COA,PWRCOA,2026,1,RE1,TSM01H011,RE1,994.0752
RE1,COA,PWRCOA,2027,1,RE1,TSM01H011,RE1,1140.1458
RE1,COA,PWRCOA,2028,1,RE1,TSM01H011,RE1,1140.1458
RE1,COA,PWRCOA,2029,1,RE1,TSM01H011,RE1,1140.1458
RE1,COA,PWRCOA,2030,1,RE1,TSM01H011,RE1,1140.1458
RE1,Elc3,PWRDEM,2020,1,RE1,TSM01H011,RE1,537.037
RE1,Elc3,PWRDEM,2021,1,RE1,TSM01H011,RE1,590.7407
RE1,Elc3,PWRDEM,2022,1,RE1,TSM01H011,RE1,644.4444
RE1,Elc3,PWRDEM,2023,1,RE1,TSM01H011,RE1,698.1482
RE1,Elc3,PWRDEM,2024,1,RE1,TSM01H011,RE1,751.8518
RE1,Elc3,PWRDEM,2025,1,RE1,TSM01H011,RE1,805.5556
RE1,Elc3,PWRDEM,2026,1,RE1,TSM01H011,RE1,859.2593
RE1,Elc3,PWRDEM,2027,1,RE1,TSM01H011,RE1,912.963
RE1,Elc3,PWRDEM,2028,1,RE1,TSM01H011,RE1,912.963
RE1,Elc3,PWRDEM,2029,1,RE1,TSM01H011,RE1,912.963
RE1,Elc3,PWRDEM,2030,1,RE1,TSM01H011,RE1,912.963
RE1,Elc2,PWRDIST,2020,1,RE1,TSM01H011,RE1,537.037
RE1,Elc2,PWRDIST,2021,1,RE1,TSM01H011,RE1,590.7407
RE1,Elc2,PWRDIST,2022,1,RE1,TSM01H011,RE1,644.4444
RE1,Elc2,PWRDIST,2023,1,RE1,TSM01H011,RE1,698.1482
RE1,Elc2,PWRDIST,2024,1,RE1,TSM01H011,RE1,751.8518
RE1,Elc2,PWRDIST,2025,1,RE1,TSM01H011,RE1,805.5556
RE1,Elc2,PWRDIST,2026,1,RE1,TSM01H011,RE1,859.2593
RE1,Elc2,PWRDIST,2027,1,RE1,TSM01H011,RE1,912.963
RE1,Elc2,PWRDIST,2028,1,RE1,TSM01H011,RE1,912.963
RE1,Elc2,PWRDIST,2029,1,RE1,TSM01H011,RE1,912.963
RE1,Elc2,PWRDIST,2030,1,RE1,TSM01H011,RE1,912.963
RE1,Elc,PWRTRN,2020,1,RE1,TSM01H011,RE1,537.037
RE1,Elc,PWRTRN,2021,1,RE1,TSM01H011,RE1,590.7407
RE1,Elc,PWRTRN,2022,1,RE1,TSM01H011,RE1,644.4444
RE1,Elc,PWRTRN,2023,1,RE1,TSM01H011,RE1,698.1482
RE1,Elc,PWRTRN,2024,1,RE1,TSM01H011,RE1,751.8518
RE1,Elc,PWRTRN,2025,1,RE1,TSM01H011,RE1,805.5556
RE1,Elc,PWRTRN,2026,1,RE1,TSM01H011,RE1,859.2593
RE1,Elc,PWRTRN,2027,1,RE1,TSM01H011,RE1,912.963
RE1,Elc,PWRTRN,2028,1,RE1,TSM01H011,RE1,912.963
RE1,Elc,PWRTRN,2029,1,RE1,TSM01H011,RE1,912.963
RE1,Elc,PWRTRN,2030,1,RE1,TSM01H011,RE1,912.963
RE1,WND,PWRWND,2020,1,RE1,TSM01H011,RE1,409.3373
RE1,WND,PWRWND,2021,1,RE1,TSM01H011,RE1,409.3373
RE1,WND,PWRWND,2022,1,RE1,TSM01H011,RE1,409.3373
RE1,WND,PWRWND,2023,1,RE1,TSM01H011,RE1,409.3373
RE1,WND,PWRWND,2024,1,RE1,TSM01H011,RE1,409.3373
RE1,WND,PWRWND,2025,1,RE1,TSM01H011,RE1,409.3373
RE1,WND,PWRWND,2026,1,RE1,TSM01H011,RE1,409.3373
RE1,WND,PWRWND,2027,1,RE1,TSM01H011,RE1,409.3373
RE1,WND,PWRWND,2028,1,RE1,TSM01H011,RE1,409.3373
RE1,WND,PWRWND,2029,1,RE1,TSM01H011,RE1,409.3373
RE1,WND,PWRWND,2030,1,RE1,TSM01H011,RE1,409.3373
RE1,COA,PWRCOA,2020,1,RE1,TSM01H012,RE1,176.0433
RE1,COA,PWRCOA,2021,1,RE1,TSM01H012,RE1,263.7216
RE1,COA,PWRCOA,2022,1,RE1,TSM01H012,RE1,409.7922
RE1,COA,PWRCOA,2023,1,RE1,TSM01H012,RE1,555.8631
RE1,COA,PWRCOA,2024,1,RE1,TSM01H012,RE1,701.9337
RE1,COA,PWRCOA,2025,1,RE1,TSM01H012,RE1,848.0043
RE1,COA,PWRCOA,2026,1,RE1,TSM01H012,RE1,994.0752
RE1,COA,PWRCOA,2027,1,RE1,TSM01H012,RE1,1140.1458
RE1,COA,PWRCOA,2028,1,RE1,TSM01H012,RE1,1140.1458
RE1,COA,PWRCOA,2029,1,RE1,TSM01H012,RE1,1140.1458
RE1,COA,PWRCOA,2030,1,RE1,TSM01H012,RE1,1140.1458
RE1,Elc3,PWRDEM,2020,1,RE1,TSM01H012,RE1,444.4444
RE1,Elc3,PWRDEM,2021,1,RE1,TSM01H012,RE1,488.8889
RE1,Elc3,PWRDEM,2022,1,RE1,TSM01H012,RE1,533.3333
RE1,Elc3,PWRDEM,2023,1,RE1,TSM01H012,RE1,577.7778
RE1,Elc3,PWRDEM,2024,1,RE1,TSM01H012,RE1,622.2222
RE1,Elc3,PWRDEM,2025,1,RE1,TSM01H012,RE1,666.6667
RE1,Elc3,PWRDEM,2026,1,RE1,TSM01H012,RE1,711.1111
RE1,Elc3,PWRDEM,2027,1,RE1,TSM01H012,RE1,755.5556
RE1,Elc3,PWRDEM,2028,1,RE1,TSM01H012,RE1,755.5556
RE1,Elc3,PWRDEM,2029,1,RE1,TSM01H012,RE1,755.5556
RE1,Elc3,PWRDEM,2030,1,RE1,TSM01H012,RE1,755.5556
RE1,Elc2,PWRDIST,2020,1,RE1,TSM01H012,RE1,444.4444
RE1,Elc2,PWRDIST,2021,1,RE1,TSM01H012,RE1,488.8889
RE1,Elc2,PWRDIST,2022,1,RE1,TSM01H012,RE1,533.3333
RE1,Elc2,PWRDIST,2023,1,RE1,TSM01H012,RE1,577.7778
RE1,Elc2,PWRDIST,2024,1,RE1,TSM01H012,RE1,622.2222
RE1,Elc2,PWRDIST,2025,1,RE1,TSM01H012,RE1,666.6667
RE1,Elc2,PWRDIST,2026,1,RE1,TSM01H012,RE1,711.1111
RE1,Elc2,PWRDIST,2027,1,RE1,TSM01H012,RE1,755.5556
RE1,Elc2,PWRDIST,2028,1,RE1,TSM01H012,RE1,755.5556
RE1,Elc2,PWRDIST,2029,1,RE1,TSM01H012,RE1,755.5556
RE1,Elc2,PWRDIST,2030,1,RE1,TSM01H012,RE1,755.5556
RE1,Elc,PWRTRN,2020,1,RE1,TSM01H012,RE1,444.4444
RE1,Elc,PWRTRN,2021,1,RE1,TSM01H012,RE1,488.8889
RE1,Elc,PWRTRN,2022,1,RE1,TSM01H012,RE1,533.3333
RE1,Elc,PWRTRN,2023,1,RE1,TSM01H012,RE1,577.7778
RE1,Elc,PWRTRN,2024,1,RE1,TSM01H012,RE1,622.2222
RE1,Elc,PWRTRN,2025,1,RE1,TSM01H012,RE1,666.6667
RE1,Elc,PWRTRN,2026,1,RE1,TSM01H012,RE1,711.1111
RE1,Elc,PWRTRN,2027,1,RE1,TSM01H012,RE1,755.5556
RE1,Elc,PWRTRN,2028,1,RE1,TSM01H012,RE1,755.5556
RE1,Elc,PWRTRN,2029,1,RE1,TSM01H012,RE1,755.5556
RE1,Elc,PWRTRN,2030,1,RE1,TSM01H012,RE1,755.5556
RE1,WND,PWRWND,2020,1,RE1,TSM01H012,RE1,367.7098
RE1,WND,PWRWND,2021,1,RE1,TSM01H012,RE1,367.7098
RE1,WND,PWRWND,2022,1,RE1,TSM01H012,RE1,367.7098
RE1,WND,PWRWND,2023,1,RE1,TSM01H012,RE1,367.7098
RE1,WND,PWRWND,2024,1,RE1,TSM01H012,RE1,367.7098
RE1,WND,PWRWND,2025,1,RE1,TSM01H012,RE1,367.7098
RE1,WND,PWRWND,2026,1,RE1,TSM01H012,RE1,367.7098
RE1,WND,PWRWND,2027,1,RE1,TSM01H012,RE1,367.7098
RE1,WND,PWRWND,2028,1,RE1,TSM01H012,RE1,367.7098
RE1,WND,PWRWND,2029,1,RE1,TSM01H012,RE1,367.7098
RE1,WND,PWRWND,2030,1,RE1,TSM01H012,RE1,367.7098
RE1,Elc,PWRBATIN,2025,1,RE1,TSM02H001,RE1,59.0778
RE1,COA,PWRCOA,2021,1,RE1,TSM02H001,RE1,176.0343
RE1,COA,PWRCOA,2022,1,RE1,TSM02H001,RE1,299.7183
RE1,COA,PWRCOA,2023,1,RE1,TSM02H001,RE1,423.4026
RE1,COA,PWRCOA,2024,1,RE1,TSM02H001,RE1,547.0869
RE1,COA,PWRCOA,2025,1,RE1,TSM02H001,RE1,848.0043
RE1,COA,PWRCOA,2026,1,RE1,TSM02H001,RE1,794.4552
RE1,COA,PWRCOA,2027,1,RE1,TSM02H001,RE1,918.1395
RE1,COA,PWRCOA,2028,1,RE1,TSM02H001,RE1,918.1395
RE1,COA,PWRCOA,2029,1,RE1,TSM02H001,RE1,918.1395
RE1,COA,PWRCOA,2030,1,RE1,TSM02H001,RE1,918.1395
RE1,Elc3,PWRDEM,2020,1,RE1,TSM02H001,RE1,412.2807
RE1,Elc3,PWRDEM,2021,1,RE1,TSM02H001,RE1,453.5088
RE1,Elc3,PWRDEM,2022,1,RE1,TSM02H001,RE1,494.7368
RE1,Elc3,PWRDEM,2023,1,RE1,TSM02H001,RE1,535.9649
RE1,Elc3,PWRDEM,2024,1,RE1,TSM02H001,RE1,577.193
RE1,Elc3,PWRDEM,2025,1,RE1,TSM02H001,RE1,618.421
RE1,Elc3,PWRDEM,2026,1,RE1,TSM02H001,RE1,659.6491
RE1,Elc3,PWRDEM,2027,1,RE1,TSM02H001,RE1,700.8772
RE1,Elc3,PWRDEM,2028,1,RE1,TSM02H001,RE1,700.8772
RE1,Elc3,PWRDEM,2029,1,RE1,TSM02H001,RE1,700.8772
RE1,Elc3,PWRDEM,2030,1,RE1,TSM02H001,RE1,700.8772
RE1,Elc2,PWRDIST,2020,1,RE1,TSM02H001,RE1,412.2807
RE1,Elc2,PWRDIST,2021,1,RE1,TSM02H001,RE1,453.5088
RE1,Elc2,PWRDIST,2022,1,RE1,TSM02H001,RE1,494.7368
RE1,Elc2,PWRDIST,2023,1,RE1,TSM02H001,RE1,535.9649
RE1,Elc2,PWRDIST,2024,1,RE1,TSM02H001,RE1,577.193
RE1,Elc2,PWRDIST,2025,1,RE1,TSM02H001,RE1,618.421
RE1,Elc2,PWRDIST,2026,1,RE1,TSM02H001,RE1,659.6491
RE1,Elc2,PWRDIST,2027,1,RE1,TSM02H001,RE1,700.8772
RE1,Elc2,PWRDIST,2028,1,RE1,TSM02H001,RE1,700.8772
RE1,Elc2,PWRDIST,2029,1,RE1,TSM02H001,RE1,700.8772
RE1,Elc2,PWRDIST,2030,1,RE1,TSM02H001,RE1,700.8772
RE1,Elc,PWRTRN,2020,1,RE1,TSM02H001,RE1,412.2807
RE1,Elc,PWRTRN,2021,1,RE1,TSM02H001,RE1,453.5088
RE1,Elc,PWRTRN,2022,1,RE1,TSM02H001,RE1,494.7368
RE1,Elc,PWRTRN,2023,1,RE1,TSM02H001,RE1,535.9649
RE1,Elc,PWRTRN,2024,1,RE1,TSM02H001,RE1,577.193
RE1,Elc,PWRTRN,2025,1,RE1,TSM02H001,RE1,618.421
RE1,Elc,PWRTRN,2026,1,RE1,TSM02H001,RE1,659.6491
RE1,Elc,PWRTRN,2027,1,RE1,TSM02H001,RE1,700.8772
RE1,Elc,PWRTRN,2028,1,RE1,TSM02H001,RE1,700.8772
RE1,Elc,PWRTRN,2029,1,RE1,TSM02H001,RE1,700.8772
RE1,Elc,PWRTRN,2030,1,RE1,TSM02H001,RE1,700.8772
RE1,WND,PWRWND,2020,1,RE1,TSM02H001,RE1,394.8307
RE1,WND,PWRWND,2021,1,RE1,TSM02H001,RE1,394.8307
RE1,WND,PWRWND,2022,1,RE1,TSM02H001,RE1,394.8307
RE1,WND,PWRWND,2023,1,RE1,TSM02H001,RE1,394.8307
RE1,WND,PWRWND,2024,1,RE1,TSM02H001,RE1,394.8307
RE1,WND,PWRWND,2025,1,RE1,TSM02H001,RE1,394.8307
RE1,WND,PWRWND,2026,1,RE1,TSM02H001,RE1,394.8307
RE1,WND,PWRWND,2027,1,RE1,TSM02H001,RE1,394.8307
RE1,WND,PWRWND,2028,1,RE1,TSM02H001,RE1,394.8307
RE1,WND,PWRWND,2029,1,RE1,TSM02H001,RE1,394.8307
RE1,WND,PWRWND,2030,1,RE1,TSM02H001,RE1,394.8307
RE1,Elc,PWRBATIN,2026,1,RE1,TSM02H002,RE1,3.468
RE1,Elc,PWRBATIN,2027,1,RE1,TSM02H002,RE1,10.9301
RE1,Elc,PWRBATIN,2028,1,RE1,TSM02H002,RE1,10.9301
RE1,Elc,PWRBATIN,2029,1,RE1,TSM02H002,RE1,10.9301
RE1,COA,PWRCOA,2022,1,RE1,TSM02H002,RE1,409.7922
RE1,COA,PWRCOA,2023,1,RE1,TSM02H002,RE1,555.8631
RE1,COA,PWRCOA,2024,1,RE1,TSM02H002,RE1,701.9337
RE1,COA,PWRCOA,2025,1,RE1,TSM02H002,RE1,848.0043
RE1,COA,PWRCOA,2026,1,RE1,TSM02H002,RE1,994.0752
RE1,COA,PWRCOA,2027,1,RE1,TSM02H002,RE1,1140.1458
RE1,COA,PWRCOA,2028,1,RE1,TSM02H002,RE1,1140.1458
RE1,COA,PWRCOA,2029,1,RE1,TSM02H002,RE1,1140.1458
RE1,COA,PWRCOA,2030,1,RE1,TSM02H002,RE1,1107.3555
RE1,Elc3,PWRDEM,2020,1,RE1,TSM02H002,RE1,412.2807
RE1,Elc3,PWRDEM,2021,1,RE1,TSM02H002,RE1,453.5088
RE1,Elc3,PWRDEM,2022,1,RE1,TSM02H002,RE1,494.7368
RE1,Elc3,PWRDEM,2023,1,RE1,TSM02H002,RE1,535.9649
RE1,Elc3,PWRDEM,2024,1,RE1,TSM02H002,RE1,577.193
RE1,Elc3,PWRDEM,2025,1,RE1,TSM02H002,RE1,618.421
RE1,Elc3,PWRDEM,2026,1,RE1,TSM02H002,RE1,659.6491
RE1,Elc3,PWRDEM,2027,1,RE1,TSM02H002,RE1,700.8772
RE1,Elc3,PWRDEM,2028,1,RE1,TSM02H002,RE1,700.8772
RE1,Elc3,PWRDEM,2029,1,RE1,TSM02H002,RE1,700.8772
RE1,Elc3,PWRDEM,2030,1,RE1,TSM02H002,RE1,700.8772
RE1,Elc2,PWRDIST,2020,1,RE1,TSM02H002,RE1,412.2807
RE1,Elc2,PWRDIST,2021,1,RE1,TSM02H002,RE1,453.5088
RE1,Elc2,PWRDIST,2022,1,RE1,TSM02H002,RE1,494.7368
RE1,Elc2,PWRDIST,2023,1,RE1,TSM02H002,RE1,535.9649
RE1,Elc2,PWRDIST,2024,1,RE1,TSM02H002,RE1,577.193
RE1,Elc2,PWRDIST,2025,1,RE1,TSM02H002,RE1,618.421
RE1,Elc2,PWRDIST,2026,1,RE1,TSM02H002,RE1,659.6491
RE1,Elc2,PWRDIST,2027,1,RE1,TSM02H002,RE1,700.8772
RE1,Elc2,PWRDIST,2028,1,RE1,TSM02H002,RE1,700.8772
RE1,Elc2,PWRDIST,2029,1,RE1,TSM02H002,RE1,700.8772
RE1,Elc2,PWRDIST,2030,1,RE1,TSM02H002,RE1,700.8772
RE1,Elc,PWRTRN,2020,1,RE1,TSM02H002,RE1,412.2807
RE1,Elc,PWRTRN,2021,1,RE1,TSM02H002,RE1,453.5088
RE1,Elc,PWRTRN,2022,1,RE1,TSM02H002,RE1,494.7368
RE1,Elc,PWRTRN,2023,1,RE1,TSM02H002,RE1,535.9649
RE1,Elc,PWRTRN,2024,1,RE1,TSM02H002,RE1,577.193
RE1,Elc,PWRTRN,2025,1,RE1,TSM02H002,RE1,618.421
RE1,Elc,PWRTRN,2026,1,RE1,TSM02H002,RE1,659.6491
RE1,Elc,PWRTRN,2027,1,RE1,TSM02H002,RE1,700.8772
RE1,Elc,PWRTRN,2028,1,RE1,TSM02H002,RE1,700.8772
RE1,Elc,PWRTRN,2029,1,RE1,TSM02H002,RE1,700.8772
RE1,Elc,PWRTRN,2030,1,RE1,TSM02H002,RE1,700.8772
RE1,WND,PWRWND,2020,1,RE1,TSM02H002,RE1,331.7587
RE1,WND,PWRWND,2021,1,RE1,TSM02H002,RE1,331.7587
RE1,WND,PWRWND,2022,1,RE1,TSM02H002,RE1,331.7587
RE1,WND,PWRWND,2023,1,RE1,TSM02H002,RE1,331.7587
RE1,WND,PWRWND,2024,1,RE1,TSM02H002,RE1,331.7587
RE1,WND,PWRWND,2025,1,RE1,TSM02H002,RE1,331.7587
RE1,WND,PWRWND,2026,1,RE1,TSM02H002,RE1,331.7587
RE1,WND,PWRWND,2027,1,RE1,TSM02H002,RE1,331.7587
RE1,WND,PWRWND,2028,1,RE1,TSM02H002,RE1,331.7587
RE1,WND,PWRWND,2029,1,RE1,TSM02H002,RE1,331.7587
RE1,WND,PWRWND,2030,1,RE1,TSM02H002,RE1,331.7587
RE1,COA,PWRCOA,2022,1,RE1,TSM02H003,RE1,409.7922
RE1,COA,PWRCOA,2023,1,RE1,TSM02H003,RE1,555.8631
RE1,COA,PWRCOA,2024,1,RE1,TSM02H003,RE1,701.9337
RE1,COA,PWRCOA,2025,1,RE1,TSM02H003,RE1,848.0043
RE1,COA,PWRCOA,2026,1,RE1,TSM02H003,RE1,994.0752
RE1,COA,PWRCOA,2027,1,RE1,TSM02H003,RE1,1140.1458
RE1,COA,PWRCOA,2028,1,RE1,TSM02H003,RE1,1140.1458
RE1,COA,PWRCOA,2029,1,RE1,TSM02H003,RE1,1140.1458
RE1,COA,PWRCOA,2030,1,RE1,TSM02H003,RE1,1140.1458
RE1,Elc3,PWRDEM,2020,1,RE1,TSM02H003,RE1,447.3684
RE1,Elc3,PWRDEM,2021,1,RE1,TSM02H003,RE1,492.1053
RE1,Elc3,PWRDEM,2022,1,RE1,TSM02H003,RE1,536.8421
RE1,Elc3,PWRDEM,2023,1,RE1,TSM02H003,RE1,581.579
RE1,Elc3,PWRDEM,2024,1,RE1,TSM02H003,RE1,626.3158
RE1,Elc3,PWRDEM,2025,1,RE1,TSM02H003,RE1,671.0526
RE1,Elc3,PWRDEM,2026,1,RE1,TSM02H003,RE1,715.7895
RE1,Elc3,PWRDEM,2027,1,RE1,TSM02H003,RE1,760.5263
RE1,Elc3,PWRDEM,2028,1,RE1,TSM02H003,RE1,760.5263
RE1,Elc3,PWRDEM,2029,1,RE1,TSM02H003,RE1,760.5263
RE1,Elc3,PWRDEM,2030,1,RE1,TSM02H003,RE1,760.5263
RE1,Elc2,PWRDIST,2020,1,RE1,TSM02H003,RE1,447.3684
RE1,Elc2,PWRDIST,2021,1,RE1,TSM02H003,RE1,492.1053
RE1,Elc2,PWRDIST,2022,1,RE1,TSM02H003,RE1,536.8421
RE1,Elc2,PWRDIST,2023,1,RE1,TSM02H003,RE1,581.579
RE1,Elc2,PWRDIST,2024,1,RE1,TSM02H003,RE1,626.3158
RE1,Elc2,PWRDIST,2025,1,RE1,TSM02H003,RE1,671.0526
RE1,Elc2,PWRDIST,2026,1,RE1,TSM02H003,RE1,715.7895
RE1,Elc2,PWRDIST,2027,1,RE1,TSM02H003,RE1,760.5263
RE1,Elc2,PWRDIST,2028,1,RE1,TSM02H003,RE1,760.5263
RE1,Elc2,PWRDIST,2029,1,RE1,TSM02H003,RE1,760.5263
RE1,Elc2,PWRDIST,2030,1,RE1,TSM02H003,RE1,760.5263
RE1,Elc,PWRTRN,2020,1,RE1,TSM02H003,RE1,447.3684
RE1,Elc,PWRTRN,2021,1,RE1,TSM02H003,RE1,492.1053
RE1,Elc,PWRTRN,2022,1,RE1,TSM02H003,RE1,536.8421
RE1,Elc,PWRTRN,2023,1,RE1,TSM02H003,RE1,581.579
RE1,Elc,PWRTRN,2024,1,RE1,TSM02H003,RE1,626.3158
RE1,Elc,PWRTRN,2025,1,RE1,TSM02H003,RE1,671.0526
RE1,Elc,PWRTRN,2026,1,RE1,TSM02H003,RE1,715.7895
RE1,Elc,PWRTRN,2027,1,RE1,TSM02H003,RE1,760.5263
RE1,Elc,PWRTRN,2028,1,RE1,TSM02H003,RE1,760.5263
RE1,Elc,PWRTRN,2029,1,RE1,TSM02H003,RE1,760.5263
RE1,Elc,PWRTRN,2030,1,RE1,TSM02H003,RE1,760.5263
RE1,WND,PWRWND,2020,1,RE1,TSM02H003,RE1,244.7194
RE1,WND,PWRWND,2021,1,RE1,TSM02H003,RE1,244.7194
RE1,WND,PWRWND,2022,1,RE1,TSM02H003,RE1,244.7194
RE1,WND,PWRWND,2023,1,RE1,TSM02H003,RE1,244.7194
RE1,WND,PWRWND,2024,1,RE1,TSM02H003,RE1,244.7194
RE1,WND,PWRWND,2025,1,RE1,TSM02H003,RE1,244.7194
RE1,WND,PWRWND,2026,1,RE1,TSM02H003,RE1,244.7194
RE1,WND,PWRWND,2027,1,RE1,TSM02H003,RE1,244.7194
RE1,WND,PWRWND,2028,1,RE1,TSM02H003,RE1,244.7194
RE1,WND,PWRWND,2029,1,RE1,TSM02H003,RE1,244.7194
RE1,WND,PWRWND,2030,1,RE1,TSM02H003,RE1,244.7194
RE1,COA,PWRCOA,2021,1,RE1,TSM02H004,RE1,263.7216
RE1,COA,PWRCOA,2022,1,RE1,TSM02H004,RE1,409.7922
RE1,COA,PWRCOA,2023,1,RE1,TSM02H004,RE1,555.8631
RE1,COA,PWRCOA,2024,1,RE1,TSM02H004,RE1,701.9337
RE1,COA,PWRCOA,2025,1,RE1,TSM02H004,RE1,848.0043
RE1,COA,PWRCOA,2026,1,RE1,TSM02H004,RE1,994.0752
RE1,COA,PWRCOA,2027,1,RE1,TSM02H004,RE1,1140.1458
RE1,COA,PWRCOA,2028,1,RE1,TSM02H004,RE1,1140.1458
RE1,COA,PWRCOA,2029,1,RE1,TSM02H004,RE1,1140.1458
RE1,COA,PWRCOA,2030,1,RE1,TSM02H004,RE1,1140.1458
RE1,Elc3,PWRDEM,2020,1,RE1,TSM02H004,RE1,500.0
RE1,Elc3,PWRDEM,2021,1,RE1,TSM02H004,RE1,550.0
RE1,Elc3,PWRDEM,2022,1,RE1,TSM02H004,RE1,600.0
RE1,Elc3,PWRDEM,2023,1,RE1,TSM02H004,RE1,650.0
RE1,Elc3,PWRDEM,2024,1,RE1,TSM02H004,RE1,700.0
RE1,Elc3,PWRDEM,2025,1,RE1,TSM02H004,RE1,750.0
RE1,Elc3,PWRDEM,2026,1,RE1,TSM02H004,RE1,800.0
RE1,Elc3,PWRDEM,2027,1,RE1,TSM02H004,RE1,850.0
RE1,Elc3,PWRDEM,2028,1,RE1,TSM02H004,RE1,850.0
RE1,Elc3,PWRDEM,2029,1,RE1,TSM02H004,RE1,850.0
RE1,Elc3,PWRDEM,2030,1,RE1,TSM02H004,RE1,850.0
RE1,Elc2,PWRDIST,2020,1,RE1,TSM02H004,RE1,500.0
RE1,Elc2,PWRDIST,2021,1,RE1,TSM02H004,RE1,550.0
RE1,Elc2,PWRDIST,2022,1,RE1,TSM02H004,RE1,600.0
RE1,Elc2,PWRDIST,2023,1,RE1,TSM02H004,RE1,650.0
RE1,Elc2,PWRDIST,2024,1,RE1,TSM02H004,RE1,700.0
RE1,Elc2,PWRDIST,2025,1,RE1,TSM02H004,RE1,750.0
RE1,Elc2,PWRDIST,2026,1,RE1,TSM02H004,RE1,800.0
RE1,Elc2,PWRDIST,2027,1,RE1,TSM02H004,RE1,850.0
RE1,Elc2,PWRDIST,2028,1,RE1,TSM02H004,RE1,850.0
RE1,Elc2,PWRDIST,2029,1,RE1,TSM02H004,RE1,850.0
RE1,Elc2,PWRDIST,2030,1,RE1,TSM02H004,RE1,850.0
RE1,SOL,PWRSOL,2020,1,RE1,TSM02H004,RE1,33.4247
RE1,SOL,PWRSOL,2021,1,RE1,TSM02H004,RE1,36.7666
RE1,SOL,PWRSOL,2022,1,RE1,TSM02H004,RE1,37.1075
RE1,SOL,PWRSOL,2023,1,RE1,TSM02H004,RE1,37.4483
RE1,SOL,PWRSOL,2024,1,RE1,TSM02H004,RE1,37.7891
RE1,SOL,PWRSOL,2025,1,RE1,TSM02H004,RE1,38.13
RE1,SOL,PWRSOL,2026,1,RE1,TSM02H004,RE1,38.4708
RE1,SOL,PWRSOL,2027,1,RE1,TSM02H004,RE1,38.8116
RE1,SOL,PWRSOL,2028,1,RE1,TSM02H004,RE1,38.8116
RE1,SOL,PWRSOL,2029,1,RE1,TSM02H004,RE1,38.8116
RE1,SOL,PWRSOL,2030,1,RE1,TSM02H004,RE1,38.8116
RE1,Elc,PWRTRN,2020,1,RE1,TSM02H004,RE1,500.0
RE1,Elc,PWRTRN,2021,1,RE1,TSM02H004,RE1,550.0
RE1,Elc,PWRTRN,2022,1,RE1,TSM02H004,RE1,600.0
RE1,Elc,PWRTRN,2023,1,RE1,TSM02H004,RE1,650.0
RE1,Elc,PWRTRN,2024,1,RE1,TSM02H004,RE1,700.0
RE1,Elc,PWRTRN,2025,1,RE1,TSM02H004,RE1,750.0
RE1,Elc,PWRTRN,2026,1,RE1,TSM02H004,RE1,800.0
RE1,Elc,PWRTRN,2027,1,RE1,TSM02H004,RE1,850.0
RE1,Elc,PWRTRN,2028,1,RE1,TSM02H004,RE1,850.0
RE1,Elc,PWRTRN,2029,1,RE1,TSM02H004,RE1,850.0
RE1,Elc,PWRTRN,2030,1,RE1,TSM02H004,RE1,850.0
RE1,WND,PWRWND,2020,1,RE1,TSM02H004,RE1,188.5853
RE1,WND,PWRWND,2021,1,RE1,TSM02H004,RE1,188.5853
RE1,WND,PWRWND,2022,1,RE1,TSM02H004,RE1,188.5853
RE1,WND,PWRWND,2023,1,RE1,TSM02H004,RE1,188.5853
RE1,WND,PWRWND,2024,1,RE1,TSM02H004,RE1,188.5853
RE1,WND,PWRWND,2025,1,RE1,TSM02H004,RE1,188.5853
RE1,WND,PWRWND,2026,1,RE1,TSM02H004,RE1,188.5853
RE1,WND,PWRWND,2027,1,RE1,TSM02H004,RE1,188.5853
RE1,WND,PWRWND,2028,1,RE1,TSM02H004,RE1,188.5853
RE1,WND,PWRWND,2029,1,RE1,TSM02H004,RE1,188.5853
RE1,WND,PWRWND,2030,1,RE1,TSM02H004,RE1,188.5853
RE1,Elc,PWRBATIN,2020,1,RE1,TSM02H005,RE1,82.4261
RE1,Elc,PWRBATIN,2021,1,RE1,TSM02H005,RE1,66.3174
RE1,Elc,PWRBATIN,2022,1,RE1,TSM02H005,RE1,17.4107
RE1,Elc,PWRBATIN,2024,1,RE1,TSM02H005,RE1,153.575
RE1,Elc,PWRBATIN,2026,1,RE1,TSM02H005,RE1,116.2007
RE1,Elc,PWRBATIN,2028,1,RE1,TSM02H005,RE1,65.7034
RE1,Elc,PWRBATIN,2029,1,RE1,TSM02H005,RE1,152.9254
RE1,COA,PWRCOA,2023,1,RE1,TSM02H005,RE1,94.4883
RE1,COA,PWRCOA,2024,1,RE1,TSM02H005,RE1,701.9337
RE1,COA,PWRCOA,2025,1,RE1,TSM02H005,RE1,387.9291
RE1,COA,PWRCOA,2026,1,RE1,TSM02H005,RE1,994.0752
RE1,COA,PWRCOA,2027,1,RE1,TSM02H005,RE1,681.3696
RE1,COA,PWRCOA,2028,1,RE1,TSM02H005,RE1,878.4798
RE1,COA,PWRCOA,2029,1,RE1,TSM02H005,RE1,1140.1458
RE1,COA,PWRCOA,2030,1,RE1,TSM02H005,RE1,681.3696
RE1,Elc3,PWRDEM,2020,1,RE1,TSM02H005,RE1,526.3158
RE1,Elc3,PWRDEM,2021,1,RE1,TSM02H005,RE1,578.9474
RE1,Elc3,PWRDEM,2022,1,RE1,TSM02H005,RE1,631.579
RE1,Elc3,PWRDEM,2023,1,RE1,TSM02H005,RE1,684.2105
RE1,Elc3,PWRDEM,2024,1,RE1,TSM02H005,RE1,736.8421
RE1,Elc3,PWRDEM,2025,1,RE1,TSM02H005,RE1,789.4737
RE1,Elc3,PWRDEM,2026,1,RE1,TSM02H005,RE1,842.1053
RE1,Elc3,PWRDEM,2027,1,RE1,TSM02H005,RE1,894.7368
RE1,Elc3,PWRDEM,2028,1,RE1,TSM02H005,RE1,894.7368
RE1,Elc3,PWRDEM,2029,1,RE1,TSM02H005,RE1,894.7368
RE1,Elc3,PWRDEM,2030,1,RE1,TSM02H005,RE1,894.7368
RE1,Elc2,PWRDIST,2020,1,RE1,TSM02H005,RE1,526.3158
RE1,Elc2,PWRDIST,2021,1,RE1,TSM02H005,RE1,578.9474
RE1,Elc2,PWRDIST,2022,1,RE1,TSM02H005,RE1,631.579
RE1,Elc2,PWRDIST,2023,1,RE1,TSM02H005,RE1,684.2105
RE1,Elc2,PWRDIST,2024,1,RE1,TSM02H005,RE1,736.8421
RE1,Elc2,PWRDIST,2025,1,RE1,TSM02H005,RE1,789.4737
RE1,Elc2,PWRDIST,2026,1,RE1,TSM02H005,RE1,842.1053
RE1,Elc2,PWRDIST,2027,1,RE1,TSM02H005,RE1,894.7368
RE1,Elc2,PWRDIST,2028,1,RE1,TSM02H005,RE1,894.7368
RE1,Elc2,PWRDIST,2029,1,RE1,TSM02H005,RE1,894.7368
RE1,Elc2,PWRDIST,2030,1,RE1,TSM02H005,RE1,894.7368
RE1,SOL,PWRSOL,2020,1,RE1,TSM02H005,RE1,365.284
RE1,SOL,PWRSOL,2021,1,RE1,TSM02H005,RE1,401.8069
RE1,SOL,PWRSOL,2022,1,RE1,TSM02H005,RE1,405.5317
RE1,SOL,PWRSOL,2023,1,RE1,TSM02H005,RE1,409.2565
RE1,SOL,PWRSOL,2024,1,RE1,TSM02H005,RE1,412.9813
RE1,SOL,PWRSOL,2025,1,RE1,TSM02H005,RE1,416.7061
RE1,SOL,PWRSOL,2026,1,RE1,TSM02H005,RE1,383.4897
RE1,SOL,PWRSOL,2027,1,RE1,TSM02H005,RE1,424.1557
RE1,SOL,PWRSOL,2028,1,RE1,TSM02H005,RE1,424.1557
RE1,SOL,PWRSOL,2029,1,RE1,TSM02H005,RE1,424.1557
RE1,SOL,PWRSOL,2030,1,RE1,TSM02H005,RE1,424.1557
RE1,Elc,PWRTRN,2020,1,RE1,TSM02H005,RE1,526.3158
RE1,Elc,PWRTRN,2021,1,RE1,TSM02H005,RE1,578.9474
RE1,Elc,PWRTRN,2022,1,RE1,TSM02H005,RE1,631.579
RE1,Elc,PWRTRN,2023,1,RE1,TSM02H005,RE1,684.2105
RE1,Elc,PWRTRN,2024,1,RE1,TSM02H005,RE1,736.8421
RE1,Elc,PWRTRN,2025,1,RE1,TSM02H005,RE1,789.4737
RE1,Elc,PWRTRN,2026,1,RE1,TSM02H005,RE1,842.1053
RE1,Elc,PWRTRN,2027,1,RE1,TSM02H005,RE1,894.7368
RE1,Elc,PWRTRN,2028,1,RE1,TSM02H005,RE1,894.7368
RE1,Elc,PWRTRN,2029,1,RE1,TSM02H005,RE1,894.7368
RE1,Elc,PWRTRN,2030,1,RE1,TSM02H005,RE1,894.7368
RE1,WND,PWRWND,2020,1,RE1,TSM02H005,RE1,243.4579
RE1,WND,PWRWND,2021,1,RE1,TSM02H005,RE1,243.4579
RE1,WND,PWRWND,2022,1,RE1,TSM02H005,RE1,243.4579
RE1,WND,PWRWND,2023,1,RE1,TSM02H005,RE1,243.4579
RE1,WND,PWRWND,2024,1,RE1,TSM02H005,RE1,243.4579
RE1,WND,PWRWND,2025,1,RE1,TSM02H005,RE1,243.4579
RE1,WND,PWRWND,2026,1,RE1,TSM02H005,RE1,243.4579
RE1,WND,PWRWND,2027,1,RE1,TSM02H005,RE1,243.4579
RE1,WND,PWRWND,2028,1,RE1,TSM02H005,RE1,243.4579
RE1,WND,PWRWND,2029,1,RE1,TSM02H005,RE1,243.4579
RE1,WND,PWRWND,2030,1,RE1,TSM02H005,RE1,243.4579
RE1,Elc,PWRBATIN,2020,1,RE1,TSM02H006,RE1,312.1384
RE1,Elc,PWRBATIN,2021,1,RE1,TSM02H006,RE1,350.4632
RE1,Elc,PWRBATIN,2022,1,RE1,TSM02H006,RE1,304.9406
RE1,Elc,PWRBATIN,2023,1,RE1,TSM02H006,RE1,250.8278
RE1,Elc,PWRBATIN,2024,1,RE1,TSM02H006,RE1,188.0456
RE1,Elc,PWRBATIN,2025,1,RE1,TSM02H006,RE1,124.7421
RE1,Elc,PWRBATIN,2026,1,RE1,TSM02H006,RE1,118.869
RE1,Elc,PWRBATIN,2027,1,RE1,TSM02H006,RE1,233.3221
RE1,Elc,PWRBATIN,2028,1,RE1,TSM02H006,RE1,73.1027
RE1,Elc,PWRBATIN,2029,1,RE1,TSM02H006,RE1,350.4632
RE1,Elc,PWRBATIN,2030,1,RE1,TSM02H006,RE1,350.4632
RE1,COA,PWRCOA,2023,1,RE1,TSM02H006,RE1,106.6251
RE1,COA,PWRCOA,2027,1,RE1,TSM02H006,RE1,480.6582
RE1,COA,PWRCOA,2029,1,RE1,TSM02H006,RE1,953.9004
RE1,COA,PWRCOA,2030,1,RE1,TSM02H006,RE1,884.073
RE1,Elc3,PWRDEM,2020,1,RE1,TSM02H006,RE1,526.3158
RE1,Elc3,PWRDEM,2021,1,RE1,TSM02H006,RE1,578.9474
RE1,Elc3,PWRDEM,2022,1,RE1,TSM02H006,RE1,631.579
RE1,Elc3,PWRDEM,2023,1,RE1,TSM02H006,RE1,684.2105
RE1,Elc3,PWRDEM,2024,1,RE1,TSM02H006,RE1,736.8421
RE1,Elc3,PWRDEM,2025,1,RE1,TSM02H006,RE1,789.4737
RE1,Elc3,PWRDEM,2026,1,RE1,TSM02H006,RE1,842.1053
RE1,Elc3,PWRDEM,2027,1,RE1,TSM02H006,RE1,894.7368
RE1,Elc3,PWRDEM,2028,1,RE1,TSM02H006,RE1,894.7368
RE1,Elc3,PWRDEM,2029,1,RE1,TSM02H006,RE1,894.7368
RE1,Elc3,PWRDEM,2030,1,RE1,TSM02H006,RE1,894.7368
RE1,Elc2,PWRDIST,2020,1,RE1,TSM02H006,RE1,526.3158
RE1,Elc2,PWRDIST,2021,1,RE1,TSM02H006,RE1,578.9474
RE1,Elc2,PWRDIST,2022,1,RE1,TSM02H006,RE1,631.579
RE1,Elc2,PWRDIST,2023,1,RE1,TSM02H006,RE1,684.2105
RE1,Elc2,PWRDIST,2024,1,RE1,TSM02H006,RE1,736.8421
RE1,Elc2,PWRDIST,2025,1,RE1,TSM02H006,RE1,789.4737
RE1,Elc2,PWRDIST,2026,1,RE1,TSM02H006,RE1,842.1053
RE1,Elc2,PWRDIST,2027,1,RE1,TSM02H006,RE1,894.7368
RE1,Elc2,PWRDIST,2028,1,RE1,TSM02H006,RE1,894.7368
RE1,Elc2,PWRDIST,2029,1,RE1,TSM02H006,RE1,894.7368
RE1,Elc2,PWRDIST,2030,1,RE1,TSM02H006,RE1,894.7368
RE1,SOL,PWRSOL,2020,1,RE1,TSM02H006,RE1,652.3918
RE1,SOL,PWRSOL,2021,1,RE1,TSM02H006,RE1,743.3482
RE1,SOL,PWRSOL,2022,1,RE1,TSM02H006,RE1,750.4572
RE1,SOL,PWRSOL,2023,1,RE1,TSM02H006,RE1,713.4342
RE1,SOL,PWRSOL,2024,1,RE1,TSM02H006,RE1,738.8254
RE1,SOL,PWRSOL,2025,1,RE1,TSM02H006,RE1,728.1534
RE1,SOL,PWRSOL,2026,1,RE1,TSM02H006,RE1,774.9119
RE1,SOL,PWRSOL,2027,1,RE1,TSM02H006,RE1,781.7772
RE1,SOL,PWRSOL,2028,1,RE1,TSM02H006,RE1,781.7772
RE1,SOL,PWRSOL,2029,1,RE1,TSM02H006,RE1,741.1709
RE1,SOL,PWRSOL,2030,1,RE1,TSM02H006,RE1,764.4467
RE1,Elc,PWRTRN,2020,1,RE1,TSM02H006,RE1,526.3158
RE1,Elc,PWRTRN,2021,1,RE1,TSM02H006,RE1,578.9474
RE1,Elc,PWRTRN,2022,1,RE1,TSM02H006,RE1,631.579
RE1,Elc,PWRTRN,2023,1,RE1,TSM02H006,RE1,684.2105
RE1,Elc,PWRTRN,2024,1,RE1,TSM02H006,RE1,736.8421
RE1,Elc,PWRTRN,2025,1,RE1,TSM02H006,RE1,789.4737
RE1,Elc,PWRTRN,2026,1,RE1,TSM02H006,RE1,842.1053
RE1,Elc,PWRTRN,2027,1,RE1,TSM02H006,RE1,894.7368
RE1,Elc,PWRTRN,2028,1,RE1,TSM02H006,RE1,894.7368
RE1,Elc,PWRTRN,2029,1,RE1,TSM02H006,RE1,894.7368
RE1,Elc,PWRTRN,2030,1,RE1,TSM02H006,RE1,894.7368
RE1,WND,PWRWND,2020,1,RE1,TSM02H006,RE1,186.0624
RE1,WND,PWRWND,2021,1,RE1,TSM02H006,RE1,186.0624
RE1,WND,PWRWND,2022,1,RE1,TSM02H006,RE1,186.0624
RE1,WND,PWRWND,2023,1,RE1,TSM02H006,RE1,186.0624
RE1,WND,PWRWND,2024,1,RE1,TSM02H006,RE1,186.0624
RE1,WND,PWRWND,2025,1,RE1,TSM02H006,RE1,186.0624
RE1,WND,PWRWND,2026,1,RE1,TSM02H006,RE1,186.0624
RE1,WND,PWRWND,2027,1,RE1,TSM02H006,RE1,186.0624
RE1,WND,PWRWND,2028,1,RE1,TSM02H006,RE1,186.0624
RE1,WND,PWRWND,2029,1,RE1,TSM02H006,RE1,186.0624
RE1,WND,PWRWND,2030,1,RE1,TSM02H006,RE1,186.0624
RE1,Elc,PWRBATIN,2020,1,RE1,TSM02H007,RE1,236.8587
RE1,Elc,PWRBATIN,2021,1,RE1,TSM02H007,RE1,302.7318
RE1,Elc,PWRBATIN,2022,1,RE1,TSM02H007,RE1,208.853
RE1,Elc,PWRBATIN,2023,1,RE1,TSM02H007,RE1,207.4956
RE1,Elc,PWRBATIN,2024,1,RE1,TSM02H007,RE1,160.5746
RE1,Elc,PWRBATIN,2025,1,RE1,TSM02H007,RE1,310.2628
RE1,Elc,PWRBATIN,2026,1,RE1,TSM02H007,RE1,350.4632
RE1,Elc,PWRBATIN,2027,1,RE1,TSM02H007,RE1,350.4632
RE1,Elc,PWRBATIN,2028,1,RE1,TSM02H007,RE1,350.4632
RE1,Elc,PWRBATIN,2029,1,RE1,TSM02H007,RE1,30.7931
RE1,COA,PWRCOA,2025,1,RE1,TSM02H007,RE1,586.3635
RE1,COA,PWRCOA,2026,1,RE1,TSM02H007,RE1,854.1888
RE1,COA,PWRCOA,2027,1,RE1,TSM02H007,RE1,1103.3811
RE1,COA,PWRCOA,2028,1,RE1,TSM02H007,RE1,1103.3811
RE1,COA,PWRCOA,2029,1,RE1,TSM02H007,RE1,22.5516
RE1,Elc3,PWRDEM,2020,1,RE1,TSM02H007,RE1,526.3158
RE1,Elc3,PWRDEM,2021,1,RE1,TSM02H007,RE1,578.9474
RE1,Elc3,PWRDEM,2022,1,RE1,TSM02H007,RE1,631.579
RE1,Elc3,PWRDEM,2023,1,RE1,TSM02H007,RE1,684.2105
RE1,Elc3,PWRDEM,2024,1,RE1,TSM02H007,RE1,736.8421
RE1,Elc3,PWRDEM,2025,1,RE1,TSM02H007,RE1,789.4737
RE1,Elc3,PWRDEM,2026,1,RE1,TSM02H007,RE1,842.1053
RE1,Elc3,PWRDEM,2027,1,RE1,TSM02H007,RE1,894.7368
RE1,Elc3,PWRDEM,2028,1,RE1,TSM02H007,RE1,894.7368
RE1,Elc3,PWRDEM,2029,1,RE1,TSM02H007,RE1,894.7368
RE1,Elc3,PWRDEM,2030,1,RE1,TSM02H007,RE1,894.7368
RE1,Elc2,PWRDIST,2020,1,RE1,TSM02H007,RE1,526.3158
RE1,Elc2,PWRDIST,2021,1,RE1,TSM02H007,RE1,578.9474
RE1,Elc2,PWRDIST,2022,1,RE1,TSM02H007,RE1,631.579
RE1,Elc2,PWRDIST,2023,1,RE1,TSM02H007,RE1,684.2105
RE1,Elc2,PWRDIST,2024,1,RE1,TSM02H007,RE1,736.8421
RE1,Elc2,PWRDIST,2025,1,RE1,TSM02H007,RE1,789.4737
RE1,Elc2,PWRDIST,2026,1,RE1,TSM02H007,RE1,842.1053
RE1,Elc2,PWRDIST,2027,1,RE1,TSM02H007,RE1,894.7368
RE1,Elc2,PWRDIST,2028,1,RE1,TSM02H007,RE1,894.7368
RE1,Elc2,PWRDIST,2029,1,RE1,TSM02H007,RE1,894.7368
RE1,Elc2,PWRDIST,2030,1,RE1,TSM02H007,RE1,894.7368
RE1,SOL,PWRSOL,2020,1,RE1,TSM02H007,RE1,626.939
RE1,SOL,PWRSOL,2021,1,RE1,TSM02H007,RE1,745.4437
RE1,SOL,PWRSOL,2022,1,RE1,TSM02H007,RE1,704.1965
RE1,SOL,PWRSOL,2023,1,RE1,TSM02H007,RE1,755.4706
RE1,SOL,PWRSOL,2024,1,RE1,TSM02H007,RE1,761.1812
RE1,SOL,PWRSOL,2025,1,RE1,TSM02H007,RE1,768.0465
RE1,SOL,PWRSOL,2026,1,RE1,TSM02H007,RE1,771.6034
RE1,SOL,PWRSOL,2027,1,RE1,TSM02H007,RE1,741.1709
RE1,SOL,PWRSOL,2028,1,RE1,TSM02H007,RE1,741.1709
RE1,SOL,PWRSOL,2029,1,RE1,TSM02H007,RE1,781.7772
RE1,SOL,PWRSOL,2030,1,RE1,TSM02H007,RE1,758.5013
RE1,Elc,PWRTRN,2020,1,RE1,TSM02H007,RE1,526.3158
RE1,Elc,PWRTRN,2021,1,RE1,TSM02H007,RE1,578.9474
RE1,Elc,PWRTRN,2022,1,RE1,TSM02H007,RE1,631.579
RE1,Elc,PWRTRN,2023,1,RE1,TSM02H007,RE1,684.2105
RE1,Elc,PWRTRN,2024,1,RE1,TSM02H007,RE1,736.8421
RE1,Elc,PWRTRN,2025,1,RE1,TSM02H007,RE1,789.4737
RE1,Elc,PWRTRN,2026,1,RE1,TSM02H007,RE1,842.1053
RE1,Elc,PWRTRN,2027,1,RE1,TSM02H007,RE1,894.7368
RE1,Elc,PWRTRN,2028,1,RE1,TSM02H007,RE1,894.7368
RE1,Elc,PWRTRN,2029,1,RE1,TSM02H007,RE1,894.7368
RE1,Elc,PWRTRN,2030,1,RE1,TSM02H007,RE1,894.7368
RE1,WND,PWRWND,2020,1,RE1,TSM02H007,RE1,136.2355
RE1,WND,PWRWND,2021,1,RE1,TSM02H007,RE1,136.2355
RE1,WND,PWRWND,2022,1,RE1,TSM02H007,RE1,136.2355
RE1,WND,PWRWND,2023,1,RE1,TSM02H007,RE1,136.2355
RE1,WND,PWRWND,2024,1,RE1,TSM02H007,RE1,136.2355
RE1,WND,PWRWND,2025,1,RE1,TSM02H007,RE1,136.2355
RE1,WND,PWRWND,2026,1,RE1,TSM02H007,RE1,136.2355
RE1,WND,PWRWND,2027,1,RE1,TSM02H007,RE1,136.2355
RE1,WND,PWRWND,2028,1,RE1,TSM02H007,RE1,136.2355
RE1,WND,PWRWND,2029,1,RE1,TSM02H007,RE1,136.2355
RE1,WND,PWRWND,2030,1,RE1,TSM02H007,RE1,136.2355
RE1,Elc,PWRBATIN,2020,1,RE1,TSM02H008,RE1,215.2901
RE1,Elc,PWRBATIN,2021,1,RE1,TSM02H008,RE1,175.3016
RE1,Elc,PWRBATIN,2022,1,RE1,TSM02H008,RE1,178.0717
RE1,Elc,PWRBATIN,2023,1,RE1,TSM02H008,RE1,132.4523
RE1,Elc,PWRBATIN,2024,1,RE1,TSM02H008,RE1,86.8328
RE1,Elc,PWRBATIN,2025,1,RE1,TSM02H008,RE1,41.2134
RE1,Elc,PWRBATIN,2030,1,RE1,TSM02H008,RE1,199.3399
RE1,COA,PWRCOA,2026,1,RE1,TSM02H008,RE1,13.218
RE1,COA,PWRCOA,2027,1,RE1,TSM02H008,RE1,150.0762
RE1,COA,PWRCOA,2028,1,RE1,TSM02H008,RE1,150.0762
RE1,COA,PWRCOA,2029,1,RE1,TSM02H008,RE1,150.0762
RE1,COA,PWRCOA,2030,1,RE1,TSM02H008,RE1,748.0959
RE1,Elc3,PWRDEM,2020,1,RE1,TSM02H008,RE1,517.5439
RE1,Elc3,PWRDEM,2021,1,RE1,TSM02H008,RE1,569.2983
RE1,Elc3,PWRDEM,2022,1,RE1,TSM02H008,RE1,621.0526
RE1,Elc3,PWRDEM,2023,1,RE1,TSM02H008,RE1,672.807
RE1,Elc3,PWRDEM,2024,1,RE1,TSM02H008,RE1,724.5614
RE1,Elc3,PWRDEM,2025,1,RE1,TSM02H008,RE1,776.3158
RE1,Elc3,PWRDEM,2026,1,RE1,TSM02H008,RE1,828.0702
RE1,Elc3,PWRDEM,2027,1,RE1,TSM02H008,RE1,879.8246
RE1,Elc3,PWRDEM,2028,1,RE1,TSM02H008,RE1,879.8246
RE1,Elc3,PWRDEM,2029,1,RE1,TSM02H008,RE1,879.8246
RE1,Elc3,PWRDEM,2030,1,RE1,TSM02H008,RE1,879.8246
RE1,Elc2,PWRDIST,2020,1,RE1,TSM02H008,RE1,517.5439
RE1,Elc2,PWRDIST,2021,1,RE1,TSM02H008,RE1,569.2983
RE1,Elc2,PWRDIST,2022,1,RE1,TSM02H008,RE1,621.0526
RE1,Elc2,PWRDIST,2023,1,RE1,TSM02H008,RE1,672.807
RE1,Elc2,PWRDIST,2024,1,RE1,TSM02H008,RE1,724.5614
RE1,Elc2,PWRDIST,2025,1,RE1,TSM02H008,RE1,776.3158
RE1,Elc2,PWRDIST,2026,1,RE1,TSM02H008,RE1,828.0702
RE1,Elc2,PWRDIST,2027,1,RE1,TSM02H008,RE1,879.8246
RE1,Elc2,PWRDIST,2028,1,RE1,TSM02H008,RE1,879.8246
RE1,Elc2,PWRDIST,2029,1,RE1,TSM02H008,RE1,879.8246
RE1,Elc2,PWRDIST,2030,1,RE1,TSM02H008,RE1,879.8246
RE1,SOL,PWRSOL,2020,1,RE1,TSM02H008,RE1,601.6442
RE1,SOL,PWRSOL,2021,1,RE1,TSM02H008,RE1,613.4101
RE1,SOL,PWRSOL,2022,1,RE1,TSM02H008,RE1,667.9345
RE1,SOL,PWRSOL,2023,1,RE1,TSM02H008,RE1,674.0695
RE1,SOL,PWRSOL,2024,1,RE1,TSM02H008,RE1,680.2045
RE1,SOL,PWRSOL,2025,1,RE1,TSM02H008,RE1,686.3395
RE1,SOL,PWRSOL,2026,1,RE1,TSM02H008,RE1,692.4744
RE1,SOL,PWRSOL,2027,1,RE1,TSM02H008,RE1,698.6094
RE1,SOL,PWRSOL,2028,1,RE1,TSM02H008,RE1,698.6094
RE1,SOL,PWRSOL,2029,1,RE1,TSM02H008,RE1,698.6094
RE1,SOL,PWRSOL,2030,1,RE1,TSM02H008,RE1,698.6094
RE1,Elc,PWRTRN,2020,1,RE1,TSM02H008,RE1,517.5439
RE1,Elc,PWRTRN,2021,1,RE1,TSM02H008,RE1,569.2983
RE1,Elc,PWRTRN,2022,1,RE1,TSM02H008,RE1,621.0526
RE1,Elc,PWRTRN,2023,1,RE1,TSM02H008,RE1,672.807
RE1,Elc,PWRTRN,2024,1,RE1,TSM02H008,RE1,724.5614
RE1,Elc,PWRTRN,2025,1,RE1,TSM02H008,RE1,776.3158
RE1,Elc,PWRTRN,2026,1,RE1,TSM02H008,RE1,828.0702
RE1,Elc,PWRTRN,2027,1,RE1,TSM02H008,RE1,879.8246
RE1,Elc,PWRTRN,2028,1,RE1,TSM02H008,RE1,879.8246
RE1,Elc,PWRTRN,2029,1,RE1,TSM02H008,RE1,879.8246
RE1,Elc,PWRTRN,2030,1,RE1,TSM02H008,RE1,879.8246
RE1,WND,PWRWND,2020,1,RE1,TSM02H008,RE1,131.1898
RE1,WND,PWRWND,2021,1,RE1,TSM02H008,RE1,131.1898
RE1,WND,PWRWND,2022,1,RE1,TSM02H008,RE1,131.1898
RE1,WND,PWRWND,2023,1,RE1,TSM02H008,RE1,131.1898
RE1,WND,PWRWND,2024,1,RE1,TSM02H008,RE1,131.1898
RE1,WND,PWRWND,2025,1,RE1,TSM02H008,RE1,131.1898
RE1,WND,PWRWND,2026,1,RE1,TSM02H008,RE1,131.1898
RE1,WND,PWRWND,2027,1,RE1,TSM02H008,RE1,131.1898
RE1,WND,PWRWND,2028,1,RE1,TSM02H008,RE1,131.1898
RE1,WND,PWRWND,2029,1,RE1,TSM02H008,RE1,131.1898
RE1,WND,PWRWND,2030,1,RE1,TSM02H008,RE1,131.1898
RE1,Elc,PWRBATIN,2025,1,RE1,TSM02H009,RE1,51.9843
RE1,Elc,PWRBATIN,2028,1,RE1,TSM02H009,RE1,49.6036
RE1,Elc,PWRBATIN,2029,1,RE1,TSM02H009,RE1,49.6036
RE1,COA,PWRCOA,2021,1,RE1,TSM02H009,RE1,93.4845
RE1,COA,PWRCOA,2023,1,RE1,TSM02H009,RE1,392.7678
RE1,COA,PWRCOA,2024,1,RE1,TSM02H009,RE1,593.9517
RE1,COA,PWRCOA,2025,1,RE1,TSM02H009,RE1,848.0043
RE1,COA,PWRCOA,2026,1,RE1,TSM02H009,RE1,841.6932
RE1,COA,PWRCOA,2027,1,RE1,TSM02H009,RE1,991.335
RE1,COA,PWRCOA,2028,1,RE1,TSM02H009,RE1,1140.1458
RE1,COA,PWRCOA,2029,1,RE1,TSM02H009,RE1,1140.1458
RE1,COA,PWRCOA,2030,1,RE1,TSM02H009,RE1,991.335
RE1,Elc3,PWRDEM,2020,1,RE1,TSM02H009,RE1,526.3158
RE1,Elc3,PWRDEM,2021,1,RE1,TSM02H009,RE1,578.9474
RE1,Elc3,PWRDEM,2022,1,RE1,TSM02H009,RE1,631.579
RE1,Elc3,PWRDEM,2023,1,RE1,TSM02H009,RE1,684.2105
RE1,Elc3,PWRDEM,2024,1,RE1,TSM02H009,RE1,736.8421
RE1,Elc3,PWRDEM,2025,1,RE1,TSM02H009,RE1,789.4737
RE1,Elc3,PWRDEM,2026,1,RE1,TSM02H009,RE1,842.1053
RE1,Elc3,PWRDEM,2027,1,RE1,TSM02H009,RE1,894.7368
RE1,Elc3,PWRDEM,2028,1,RE1,TSM02H009,RE1,894.7368
RE1,Elc3,PWRDEM,2029,1,RE1,TSM02H009,RE1,894.7368
RE1,Elc3,PWRDEM,2030,1,RE1,TSM02H009,RE1,894.7368
RE1,Elc2,PWRDIST,2020,1,RE1,TSM02H009,RE1,526.3158
RE1,Elc2,PWRDIST,2021,1,RE1,TSM02H009,RE1,578.9474
RE1,Elc2,PWRDIST,2022,1,RE1,TSM02H009,RE1,631.579
RE1,Elc2,PWRDIST,2023,1,RE1,TSM02H009,RE1,684.2105
RE1,Elc2,PWRDIST,2024,1,RE1,TSM02H009,RE1,736.8421
RE1,Elc2,PWRDIST,2025,1,RE1,TSM02H009,RE1,789.4737
RE1,Elc2,PWRDIST,2026,1,RE1,TSM02H009,RE1,842.1053
RE1,Elc2,PWRDIST,2027,1,RE1,TSM02H009,RE1,894.7368
RE1,Elc2,PWRDIST,2028,1,RE1,TSM02H009,RE1,894.7368
RE1,Elc2,PWRDIST,2029,1,RE1,TSM02H009,RE1,894.7368
RE1,Elc2,PWRDIST,2030,1,RE1,TSM02H009,RE1,894.7368
RE1,SOL,PWRSOL,2020,1,RE1,TSM02H009,RE1,269.7849
RE1,SOL,PWRSOL,2021,1,RE1,TSM02H009,RE1,296.7593
RE1,SOL,PWRSOL,2022,1,RE1,TSM02H009,RE1,299.5103
RE1,SOL,PWRSOL,2023,1,RE1,TSM02H009,RE1,302.2613
RE1,SOL,PWRSOL,2024,1,RE1,TSM02H009,RE1,287.8317
RE1,SOL,PWRSOL,2025,1,RE1,TSM02H009,RE1,307.7633
RE1,SOL,PWRSOL,2026,1,RE1,TSM02H009,RE1,310.5143
RE1,SOL,PWRSOL,2027,1,RE1,TSM02H009,RE1,313.2653
RE1,SOL,PWRSOL,2028,1,RE1,TSM02H009,RE1,313.2653
RE1,SOL,PWRSOL,2029,1,RE1,TSM02H009,RE1,313.2653
RE1,SOL,PWRSOL,2030,1,RE1,TSM02H009,RE1,313.2653
RE1,Elc,PWRTRN,2020,1,RE1,TSM02H009,RE1,526.3158
RE1,Elc,PWRTRN,2021,1,RE1,TSM02H009,RE1,578.9474
RE1,Elc,PWRTRN,2022,1,RE1,TSM02H009,RE1,631.579
RE1,Elc,PWRTRN,2023,1,RE1,TSM02H009,RE1,684.2105
RE1,Elc,PWRTRN,2024,1,RE1,TSM02H009,RE1,736.8421
RE1,Elc,PWRTRN,2025,1,RE1,TSM02H009,RE1,789.4737
RE1,Elc,PWRTRN,2026,1,RE1,TSM02H009,RE1,842.1053
RE1,Elc,PWRTRN,2027,1,RE1,TSM02H009,RE1,894.7368
RE1,Elc,PWRTRN,2028,1,RE1,TSM02H009,RE1,894.7368
RE1,Elc,PWRTRN,2029,1,RE1,TSM02H009,RE1,894.7368
RE1,Elc,PWRTRN,2030,1,RE1,TSM02H009,RE1,894.7368
RE1,WND,PWRWND,2020,1,RE1,TSM02H009,RE1,251.0266
RE1,WND,PWRWND,2021,1,RE1,TSM02H009,RE1,251.0266
RE1,WND,PWRWND,2022,1,RE1,TSM02H009,RE1,251.0266
RE1,WND,PWRWND,2023,1,RE1,TSM02H009,RE1,251.0266
RE1,WND,PWRWND,2024,1,RE1,TSM02H009,RE1,251.0266
RE1,WND,PWRWND,2025,1,RE1,TSM02H009,RE1,251.0266
RE1,WND,PWRWND,2026,1,RE1,TSM02H009,RE1,251.0266
RE1,WND,PWRWND,2027,1,RE1,TSM02H009,RE1,251.0266
RE1,WND,PWRWND,2028,1,RE1,TSM02H009,RE1,251.0266
RE1,WND,PWRWND,2029,1,RE1,TSM02H009,RE1,251.0266
RE1,WND,PWRWND,2030,1,RE1,TSM02H009,RE1,251.0266
RE1,COA,PWRCOA,2022,1,RE1,TSM02H010,RE1,409.7922
RE1,COA,PWRCOA,2023,1,RE1,TSM02H010,RE1,555.8631
RE1,COA,PWRCOA,2024,1,RE1,TSM02H010,RE1,701.9337
RE1,COA,PWRCOA,2025,1,RE1,TSM02H010,RE1,848.0043
RE1,COA,PWRCOA,2026,1,RE1,TSM02H010,RE1,994.0752
RE1,COA,PWRCOA,2027,1,RE1,TSM02H010,RE1,1140.1458
RE1,COA,PWRCOA,2028,1,RE1,TSM02H010,RE1,1140.1458
RE1,COA,PWRCOA,2029,1,RE1,TSM02H010,RE1,1140.1458
RE1,COA,PWRCOA,2030,1,RE1,TSM02H010,RE1,1140.1458
RE1,Elc3,PWRDEM,2020,1,RE1,TSM02H010,RE1,552.6316
RE1,Elc3,PWRDEM,2021,1,RE1,TSM02H010,RE1,607.8947
RE1,Elc3,PWRDEM,2022,1,RE1,TSM02H010,RE1,663.1579
RE1,Elc3,PWRDEM,2023,1,RE1,TSM02H010,RE1,718.421
RE1,Elc3,PWRDEM,2024,1,RE1,TSM02H010,RE1,773.6842
RE1,Elc3,PWRDEM,2025,1,RE1,TSM02H010,RE1,828.9474
RE1,Elc3,PWRDEM,2026,1,RE1,TSM02H010,RE1,884.2105
RE1,Elc3,PWRDEM,2027,1,RE1,TSM02H010,RE1,939.4737
RE1,Elc3,PWRDEM,2028,1,RE1,TSM02H010,RE1,939.4737
RE1,Elc3,PWRDEM,2029,1,RE1,TSM02H010,RE1,939.4737
RE1,Elc3,PWRDEM,2030,1,RE1,TSM02H010,RE1,939.4737
RE1,Elc2,PWRDIST,2020,1,RE1,TSM02H010,RE1,552.6316
RE1,Elc2,PWRDIST,2021,1,RE1,TSM02H010,RE1,607.8947
RE1,Elc2,PWRDIST,2022,1,RE1,TSM02H010,RE1,663.1579
RE1,Elc2,PWRDIST,2023,1,RE1,TSM02H010,RE1,718.421
RE1,Elc2,PWRDIST,2024,1,RE1,TSM02H010,RE1,773.6842
RE1,Elc2,PWRDIST,2025,1,RE1,TSM02H010,RE1,828.9474
RE1,Elc2,PWRDIST,2026,1,RE1,TSM02H010,RE1,884.2105
RE1,Elc2,PWRDIST,2027,1,RE1,TSM02H010,RE1,939.4737
RE1,Elc2,PWRDIST,2028,1,RE1,TSM02H010,RE1,939.4737
RE1,Elc2,PWRDIST,2029,1,RE1,TSM02H010,RE1,939.4737
RE1,Elc2,PWRDIST,2030,1,RE1,TSM02H010,RE1,939.4737
RE1,SOL,PWRSOL,2020,1,RE1,TSM02H010,RE1,5.9687
RE1,SOL,PWRSOL,2021,1,RE1,TSM02H010,RE1,6.5655
RE1,SOL,PWRSOL,2022,1,RE1,TSM02H010,RE1,6.6263
RE1,SOL,PWRSOL,2023,1,RE1,TSM02H010,RE1,6.6872
RE1,SOL,PWRSOL,2024,1,RE1,TSM02H010,RE1,6.7481
RE1,SOL,PWRSOL,2025,1,RE1,TSM02H010,RE1,6.8089
RE1,SOL,PWRSOL,2026,1,RE1,TSM02H010,RE1,6.8698
RE1,SOL,PWRSOL,2027,1,RE1,TSM02H010,RE1,6.9306
RE1,SOL,PWRSOL,2028,1,RE1,TSM02H010,RE1,6.9306
RE1,SOL,PWRSOL,2029,1,RE1,TSM02H010,RE1,6.9306
RE1,SOL,PWRSOL,2030,1,RE1,TSM02H010,RE1,6.9306
RE1,Elc,PWRTRN,2020,1,RE1,TSM02H010,RE1,552.6316
RE1,Elc,PWRTRN,2021,1,RE1,TSM02H010,RE1,607.8947
RE1,Elc,PWRTRN,2022,1,RE1,TSM02H010,RE1,663.1579
RE1,Elc,PWRTRN,2023,1,RE1,TSM02H010,RE1,718.421
RE1,Elc,PWRTRN,2024,1,RE1,TSM02H010,RE1,773.6842
RE1,Elc,PWRTRN,2025,1,RE1,TSM02H010,RE1,828.9474
RE1,Elc,PWRTRN,2026,1,RE1,TSM02H010,RE1,884.2105
RE1,Elc,PWRTRN,2027,1,RE1,TSM02H010,RE1,939.4737
RE1,Elc,PWRTRN,2028,1,RE1,TSM02H010,RE1,939.4737
RE1,Elc,PWRTRN,2029,1,RE1,TSM02H010,RE1,939.4737
RE1,Elc,PWRTRN,2030,1,RE1,TSM02H010,RE1,939.4737
RE1,WND,PWRWND,2020,1,RE1,TSM02H010,RE1,410.4778
RE1,WND,PWRWND,2021,1,RE1,TSM02H010,RE1,410.4778
RE1,WND,PWRWND,2022,1,RE1,TSM02H010,RE1,410.4778
RE1,WND,PWRWND,2023,1,RE1,TSM02H010,RE1,410.4778
RE1,WND,PWRWND,2024,1,RE1,TSM02H010,RE1,410.4778
RE1,WND,PWRWND,2025,1,RE1,TSM02H010,RE1,410.4778
RE1,WND,PWRWND,2026,1,RE1,TSM02H010,RE1,410.4778
RE1,WND,PWRWND,2027,1,RE1,TSM02H010,RE1,410.4778
RE1,WND,PWRWND,2028,1,RE1,TSM02H010,RE1,410.4778
RE1,WND,PWRWND,2029,1,RE1,TSM02H010,RE1,410.4778
RE1,WND,PWRWND,2030,1,RE1,TSM02H010,RE1,410.4778
RE1,COA,PWRCOA,2021,1,RE1,TSM02H011,RE1,153.2568
RE1,COA,PWRCOA,2022,1,RE1,TSM02H011,RE1,409.7922
RE1,COA,PWRCOA,2023,1,RE1,TSM02H011,RE1,555.8631
RE1,COA,PWRCOA,2024,1,RE1,TSM02H011,RE1,701.9337
RE1,COA,PWRCOA,2025,1,RE1,TSM02H011,RE1,848.0043
RE1,COA,PWRCOA,2026,1,RE1,TSM02H011,RE1,994.0752
RE1,COA,PWRCOA,2027,1,RE1,TSM02H011,RE1,1140.1458
RE1,COA,PWRCOA,2028,1,RE1,TSM02H011,RE1,1140.1458
RE1,COA,PWRCOA,2029,1,RE1,TSM02H011,RE1,1140.1458
RE1,COA,PWRCOA,2030,1,RE1,TSM02H011,RE1,1140.1458
RE1,Elc3,PWRDEM,2020,1,RE1,TSM02H011,RE1,508.7719
RE1,Elc3,PWRDEM,2021,1,RE1,TSM02H011,RE1,559.6491
RE1,Elc3,PWRDEM,2022,1,RE1,TSM02H011,RE1,610.5263
RE1,Elc3,PWRDEM,2023,1,RE1,TSM02H011,RE1,661.4035
RE1,Elc3,PWRDEM,2024,1,RE1,TSM02H011,RE1,712.2807
RE1,Elc3,PWRDEM,2025,1,RE1,TSM02H011,RE1,763.1579
RE1,Elc3,PWRDEM,2026,1,RE1,TSM02H011,RE1,814.0351
RE1,Elc3,PWRDEM,2027,1,RE1,TSM02H011,RE1,864.9123
RE1,Elc3,PWRDEM,2028,1,RE1,TSM02H011,RE1,864.9123
RE1,Elc3,PWRDEM,2029,1,RE1,TSM02H011,RE1,864.9123
RE1,Elc3,PWRDEM,2030,1,RE1,TSM02H011,RE1,864.9123
RE1,Elc2,PWRDIST,2020,1,RE1,TSM02H011,RE1,508.7719
RE1,Elc2,PWRDIST,2021,1,RE1,TSM02H011,RE1,559.6491
RE1,Elc2,PWRDIST,2022,1,RE1,TSM02H011,RE1,610.5263
RE1,Elc2,PWRDIST,2023,1,RE1,TSM02H011,RE1,661.4035
RE1,Elc2,PWRDIST,2024,1,RE1,TSM02H011,RE1,712.2807
RE1,Elc2,PWRDIST,2025,1,RE1,TSM02H011,RE1,763.1579
RE1,Elc2,PWRDIST,2026,1,RE1,TSM02H011,RE1,814.0351
RE1,Elc2,PWRDIST,2027,1,RE1,TSM02H011,RE1,864.9123
RE1,Elc2,PWRDIST,2028,1,RE1,TSM02H011,RE1,864.9123
RE1,Elc2,PWRDIST,2029,1,RE1,TSM02H011,RE1,864.9123
RE1,Elc2,PWRDIST,2030,1,RE1,TSM02H011,RE1,864.9123
RE1,Elc,PWRTRN,2020,1,RE1,TSM02H011,RE1,508.7719
RE1,Elc,PWRTRN,2021,1,RE1,TSM02H011,RE1,559.6491
RE1,Elc,PWRTRN,2022,1,RE1,TSM02H011,RE1,610.5263
RE1,Elc,PWRTRN,2023,1,RE1,TSM02H011,RE1,661.4035
RE1,Elc,PWRTRN,2024,1,RE1,TSM02H011,RE1,712.2807
RE1,Elc,PWRTRN,2025,1,RE1,TSM02H011,RE1,763.1579
RE1,Elc,PWRTRN,2026,1,RE1,TSM02H011,RE1,814.0351
RE1,Elc,PWRTRN,2027,1,RE1,TSM02H011,RE1,864.9123
RE1,Elc,PWRTRN,2028,1,RE1,TSM02H011,RE1,864.9123
RE1,Elc,PWRTRN,2029,1,RE1,TSM02H011,RE1,864.9123
RE1,Elc,PWRTRN,2030,1,RE1,TSM02H011,RE1,864.9123
RE1,WND,PWRWND,2020,1,RE1,TSM02H011,RE1,410.4778
RE1,WND,PWRWND,2021,1,RE1,TSM02H011,RE1,410.4778
RE1,WND,PWRWND,2022,1,RE1,TSM02H011,RE1,410.4778
RE1,WND,PWRWND,2023,1,RE1,TSM02H011,RE1,410.4778
RE1,WND,PWRWND,2024,1,RE1,TSM02H011,RE1,410.4778
RE1,WND,PWRWND,2025,1,RE1,TSM02H011,RE1,410.4778
RE1,WND,PWRWND,2026,1,RE1,TSM02H011,RE1,410.4778
RE1,WND,PWRWND,2027,1,RE1,TSM02H011,RE1,410.4778
RE1,WND,PWRWND,2028,1,RE1,TSM02H011,RE1,410.4778
RE1,WND,PWRWND,2029,1,RE1,TSM02H011,RE1,410.4778
RE1,WND,PWRWND,2030,1,RE1,TSM02H011,RE1,410.4778
RE1,Elc,PWRBATIN,2028,1,RE1,TSM02H012,RE1,44.9123
RE1,Elc,PWRBATIN,2030,1,RE1,TSM02H012,RE1,44.9123
RE1,COA,PWRCOA,2021,1,RE1,TSM02H012,RE1,215.9352
RE1,COA,PWRCOA,2022,1,RE1,TSM02H012,RE1,240.3822
RE1,COA,PWRCOA,2023,1,RE1,TSM02H012,RE1,479.0931
RE1,COA,PWRCOA,2024,1,RE1,TSM02H012,RE1,610.6719
RE1,COA,PWRCOA,2025,1,RE1,TSM02H012,RE1,742.251
RE1,COA,PWRCOA,2026,1,RE1,TSM02H012,RE1,873.8298
RE1,COA,PWRCOA,2027,1,RE1,TSM02H012,RE1,1005.4089
RE1,COA,PWRCOA,2028,1,RE1,TSM02H012,RE1,1140.1458
RE1,COA,PWRCOA,2029,1,RE1,TSM02H012,RE1,1005.4089
RE1,COA,PWRCOA,2030,1,RE1,TSM02H012,RE1,1140.1458
RE1,Elc3,PWRDEM,2020,1,RE1,TSM02H012,RE1,438.5965
RE1,Elc3,PWRDEM,2021,1,RE1,TSM02H012,RE1,482.4561
RE1,Elc3,PWRDEM,2022,1,RE1,TSM02H012,RE1,526.3158
RE1,Elc3,PWRDEM,2023,1,RE1,TSM02H012,RE1,570.1754
RE1,Elc3,PWRDEM,2024,1,RE1,TSM02H012,RE1,614.0351
RE1,Elc3,PWRDEM,2025,1,RE1,TSM02H012,RE1,657.8947
RE1,Elc3,PWRDEM,2026,1,RE1,TSM02H012,RE1,701.7544
RE1,Elc3,PWRDEM,2027,1,RE1,TSM02H012,RE1,745.614
RE1,Elc3,PWRDEM,2028,1,RE1,TSM02H012,RE1,745.614
RE1,Elc3,PWRDEM,2029,1,RE1,TSM02H012,RE1,745.614
RE1,Elc3,PWRDEM,2030,1,RE1,TSM02H012,RE1,745.614
RE1,Elc2,PWRDIST,2020,1,RE1,TSM02H012,RE1,438.5965
RE1,Elc2,PWRDIST,2021,1,RE1,TSM02H012,RE1,482.4561
RE1,Elc2,PWRDIST,2022,1,RE1,TSM02H012,RE1,526.3158
RE1,Elc2,PWRDIST,2023,1,RE1,TSM02H012,RE1,570.1754
RE1,Elc2,PWRDIST,2024,1,RE1,TSM02H012,RE1,614.0351
RE1,Elc2,PWRDIST,2025,1,RE1,TSM02H012,RE1,657.8947
RE1,Elc2,PWRDIST,2026,1,RE1,TSM02H012,RE1,701.7544
RE1,Elc2,PWRDIST,2027,1,RE1,TSM02H012,RE1,745.614
RE1,Elc2,PWRDIST,2028,1,RE1,TSM02H012,RE1,745.614
RE1,Elc2,PWRDIST,2029,1,RE1,TSM02H012,RE1,745.614
RE1,Elc2,PWRDIST,2030,1,RE1,TSM02H012,RE1,745.614
RE1,Elc,PWRTRN,2020,1,RE1,TSM02H012,RE1,438.5965
RE1,Elc,PWRTRN,2021,1,RE1,TSM02H012,RE1,482.4561
RE1,Elc,PWRTRN,2022,1,RE1,TSM02H012,RE1,526.3158
RE1,Elc,PWRTRN,2023,1,RE1,TSM02H012,RE1,570.1754
RE1,Elc,PWRTRN,2024,1,RE1,TSM02H012,RE1,614.0351
RE1,Elc,PWRTRN,2025,1,RE1,TSM02H012,RE1,657.8947
RE1,Elc,PWRTRN,2026,1,RE1,TSM02H012,RE1,701.7544
RE1,Elc,PWRTRN,2027,1,RE1,TSM02H012,RE1,745.614
RE1,Elc,PWRTRN,2028,1,RE1,TSM02H012,RE1,745.614
RE1,Elc,PWRTRN,2029,1,RE1,TSM02H012,RE1,745.614
RE1,Elc,PWRTRN,2030,1,RE1,TSM02H012,RE1,745.614
RE1,WND,PWRWND,2020,1,RE1,TSM02H012,RE1,410.4778
RE1,WND,PWRWND,2021,1,RE1,TSM02H012,RE1,410.4778
RE1,WND,PWRWND,2022,1,RE1,TSM02H012,RE1,410.4778
RE1,WND,PWRWND,2023,1,RE1,TSM02H012,RE1,410.4778
RE1,WND,PWRWND,2024,1,RE1,TSM02H012,RE1,410.4778
RE1,WND,PWRWND,2025,1,RE1,TSM02H012,RE1,410.4778
RE1,WND,PWRWND,2026,1,RE1,TSM02H012,RE1,410.4778
RE1,WND,PWRWND,2027,1,RE1,TSM02H012,RE1,410.4778
RE1,WND,PWRWND,2028,1,RE1,TSM02H012,RE1,410.4778
RE1,WND,PWRWND,2029,1,RE1,TSM02H012,RE1,410.4778
RE1,WND,PWRWND,2030,1,RE1,TSM02H012,RE1,410.4778
