r,l,t,m,y,RateOfActivity
RE1,TSM01H004,MINSOL,1,2020,20.2936
RE1,TSM01H005,MINSOL,1,2020,341.4092
RE1,TSM01H006,MINSOL,1,2020,673.2685
RE1,TSM01H007,MINSOL,1,2020,741.3224
RE1,TSM01H008,MINSOL,1,2020,623.1315
RE1,TSM01H009,MINSOL,1,2020,286.4972
RE1,TSM01H010,MINSOL,1,2020,13.1311
RE1,TSM02H004,MINSOL,1,2020,33.4247
RE1,TSM02H005,MINSOL,1,2020,365.284
RE1,TSM02H006,MINSOL,1,2020,652.3918
RE1,TSM02H007,MINSOL,1,2020,626.939
RE1,TSM02H008,MINSOL,1,2020,601.6442
RE1,TSM02H009,MINSOL,1,2020,269.7849
RE1,TSM02H010,MINSOL,1,2020,5.9687
RE1,TSM01H004,MINSOL,1,2021,22.3226
RE1,TSM01H005,MINSOL,1,2021,375.545
RE1,TSM01H006,MINSOL,1,2021,740.5852
RE1,TSM01H007,MINSOL,1,2021,745.4437
RE1,TSM01H008,MINSOL,1,2021,685.4353
RE1,TSM01H009,MINSOL,1,2021,315.1427
RE1,TSM01H010,MINSOL,1,2021,14.444
RE1,TSM02H004,MINSOL,1,2021,36.7666
RE1,TSM02H005,MINSOL,1,2021,401.8069
RE1,TSM02H006,MINSOL,1,2021,743.3482
RE1,TSM02H007,MINSOL,1,2021,745.4437
RE1,TSM02H008,MINSOL,1,2021,613.4101
RE1,TSM02H009,MINSOL,1,2021,296.7593
RE1,TSM02H010,MINSOL,1,2021,6.5655
RE1,TSM01H004,MINSOL,1,2022,22.5295
RE1,TSM01H005,MINSOL,1,2022,379.0264
RE1,TSM01H006,MINSOL,1,2022,747.4506
RE1,TSM01H007,MINSOL,1,2022,750.4572
RE1,TSM01H008,MINSOL,1,2022,691.7894
RE1,TSM01H009,MINSOL,1,2022,318.0641
RE1,TSM01H010,MINSOL,1,2022,14.5779
RE1,TSM02H004,MINSOL,1,2022,37.1075
RE1,TSM02H005,MINSOL,1,2022,405.5317
RE1,TSM02H006,MINSOL,1,2022,750.4572
RE1,TSM02H007,MINSOL,1,2022,704.1965
RE1,TSM02H008,MINSOL,1,2022,667.9345
RE1,TSM02H009,MINSOL,1,2022,299.5103
RE1,TSM02H010,MINSOL,1,2022,6.6263
RE1,TSM01H004,MINSOL,1,2023,22.7365
RE1,TSM01H005,MINSOL,1,2023,382.5077
RE1,TSM01H006,MINSOL,1,2023,754.3159
RE1,TSM01H007,MINSOL,1,2023,755.4706
RE1,TSM01H008,MINSOL,1,2023,698.1434
RE1,TSM01H009,MINSOL,1,2023,320.9855
RE1,TSM01H010,MINSOL,1,2023,14.7118
RE1,TSM02H004,MINSOL,1,2023,37.4483
RE1,TSM02H005,MINSOL,1,2023,409.2565
RE1,TSM02H006,MINSOL,1,2023,713.4342
RE1,TSM02H007,MINSOL,1,2023,755.4706
RE1,TSM02H008,MINSOL,1,2023,674.0695
RE1,TSM02H009,MINSOL,1,2023,302.2613
RE1,TSM02H010,MINSOL,1,2023,6.6872
RE1,TSM01H004,MINSOL,1,2024,22.9434
RE1,TSM01H005,MINSOL,1,2024,385.9891
RE1,TSM01H006,MINSOL,1,2024,761.1812
RE1,TSM01H007,MINSOL,1,2024,761.1812
RE1,TSM01H008,MINSOL,1,2024,704.4975
RE1,TSM01H009,MINSOL,1,2024,323.9069
RE1,TSM01H010,MINSOL,1,2024,14.8457
RE1,TSM02H004,MINSOL,1,2024,37.7891
RE1,TSM02H005,MINSOL,1,2024,412.9813
RE1,TSM02H006,MINSOL,1,2024,738.8254
RE1,TSM02H007,MINSOL,1,2024,761.1812
RE1,TSM02H008,MINSOL,1,2024,680.2045
RE1,TSM02H009,MINSOL,1,2024,287.8317
RE1,TSM02H010,MINSOL,1,2024,6.7481
RE1,TSM01H004,MINSOL,1,2025,23.1503
RE1,TSM01H005,MINSOL,1,2025,389.4704
RE1,TSM01H006,MINSOL,1,2025,768.0465
RE1,TSM01H007,MINSOL,1,2025,768.0465
RE1,TSM01H008,MINSOL,1,2025,710.8516
RE1,TSM01H009,MINSOL,1,2025,326.8283
RE1,TSM01H010,MINSOL,1,2025,14.9796
RE1,TSM02H004,MINSOL,1,2025,38.13
RE1,TSM02H005,MINSOL,1,2025,416.7061
RE1,TSM02H006,MINSOL,1,2025,728.1534
RE1,TSM02H007,MINSOL,1,2025,768.0465
RE1,TSM02H008,MINSOL,1,2025,686.3395
RE1,TSM02H009,MINSOL,1,2025,307.7633
RE1,TSM02H010,MINSOL,1,2025,6.8089
RE1,TSM01H004,MINSOL,1,2026,23.3573
RE1,TSM01H005,MINSOL,1,2026,392.9518
RE1,TSM01H006,MINSOL,1,2026,774.9119
RE1,TSM01H007,MINSOL,1,2026,774.9119
RE1,TSM01H008,MINSOL,1,2026,717.2057
RE1,TSM01H009,MINSOL,1,2026,329.7497
RE1,TSM01H010,MINSOL,1,2026,15.1135
RE1,TSM02H004,MINSOL,1,2026,38.4708
RE1,TSM02H005,MINSOL,1,2026,383.4897
RE1,TSM02H006,MINSOL,1,2026,774.9119
RE1,TSM02H007,MINSOL,1,2026,771.6034
RE1,TSM02H008,MINSOL,1,2026,692.4744
RE1,TSM02H009,MINSOL,1,2026,310.5143
RE1,TSM02H010,MINSOL,1,2026,6.8698
RE1,TSM01H004,MINSOL,1,2027,23.5642
RE1,TSM01H005,MINSOL,1,2027,396.4331
RE1,TSM01H006,MINSOL,1,2027,781.7772
RE1,TSM01H007,MINSOL,1,2027,781.7772
RE1,TSM01H008,MINSOL,1,2027,723.5597
RE1,TSM01H009,MINSOL,1,2027,332.6711
RE1,TSM01H010,MINSOL,1,2027,15.2474
RE1,TSM02H004,MINSOL,1,2027,38.8116
RE1,TSM02H005,MINSOL,1,2027,424.1557
RE1,TSM02H006,MINSOL,1,2027,781.7772
RE1,TSM02H007,MINSOL,1,2027,741.1709
RE1,TSM02H008,MINSOL,1,2027,698.6094
RE1,TSM02H009,MINSOL,1,2027,313.2653
RE1,TSM02H010,MINSOL,1,2027,6.9306
RE1,TSM01H004,MINSOL,1,2028,23.5642
RE1,TSM01H005,MINSOL,1,2028,396.4331
RE1,TSM01H006,MINSOL,1,2028,781.7772
RE1,TSM01H007,MINSOL,1,2028,781.7772
RE1,TSM01H008,MINSOL,1,2028,723.5597
RE1,TSM01H009,MINSOL,1,2028,332.6711
RE1,TSM01H010,MINSOL,1,2028,15.2474
RE1,TSM02H004,MINSOL,1,2028,38.8116
RE1,TSM02H005,MINSOL,1,2028,424.1557
RE1,TSM02H006,MINSOL,1,2028,781.7772
RE1,TSM02H007,MINSOL,1,2028,741.1709
RE1,TSM02H008,MINSOL,1,2028,698.6094
RE1,TSM02H009,MINSOL,1,2028,313.2653
RE1,TSM02H010,MINSOL,1,2028,6.9306
RE1,TSM01H004,MINSOL,1,2029,23.5642
RE1,TSM01H005,MINSOL,1,2029,396.4331
RE1,TSM01H006,MINSOL,1,2029,781.7772
RE1,TSM01H007,MINSOL,1,2029,781.7772
RE1,TSM01H008,MINSOL,1,2029,723.5597
RE1,TSM01H009,MINSOL,1,2029,332.6711
RE1,TSM01H010,MINSOL,1,2029,15.2474
RE1,TSM02H004,MINSOL,1,2029,38.8116
RE1,TSM02H005,MINSOL,1,2029,424.1557
RE1,TSM02H006,MINSOL,1,2029,741.1709
RE1,TSM02H007,MINSOL,1,2029,781.7772
RE1,TSM02H008,MINSOL,1,2029,698.6094
RE1,TSM02H009,MINSOL,1,2029,313.2653
RE1,TSM02H010,MINSOL,1,2029,6.9306
RE1,TSM01H004,MINSOL,1,2030,23.5642
RE1,TSM01H005,MINSOL,1,2030,396.4331
RE1,TSM01H006,MINSOL,1,2030,781.7772
RE1,TSM01H007,MINSOL,1,2030,781.7772
RE1,TSM01H008,MINSOL,1,2030,723.5597
RE1,TSM01H009,MINSOL,1,2030,332.6711
RE1,TSM01H010,MINSOL,1,2030,15.2474
RE1,TSM02H004,MINSOL,1,2030,38.8116
RE1,TSM02H005,MINSOL,1,2030,424.1557
RE1,TSM02H006,MINSOL,1,2030,764.4467
RE1,TSM02H007,MINSOL,1,2030,758.5013
RE1,TSM02H008,MINSOL,1,2030,698.6094
RE1,TSM02H009,MINSOL,1,2030,313.2653
RE1,TSM02H010,MINSOL,1,2030,6.9306
RE1,TSM01H004,PWRSOL,1,2020,20.2936
RE1,TSM01H005,PWRSOL,1,2020,341.4092
RE1,TSM01H006,PWRSOL,1,2020,673.2685
RE1,TSM01H007,PWRSOL,1,2020,741.3224
RE1,TSM01H008,PWRSOL,1,2020,623.1315
RE1,TSM01H009,PWRSOL,1,2020,286.4972
RE1,TSM01H010,PWRSOL,1,2020,13.1311
RE1,TSM02H004,PWRSOL,1,2020,33.4247
RE1,TSM02H005,PWRSOL,1,2020,365.284
RE1,TSM02H006,PWRSOL,1,2020,652.3918
RE1,TSM02H007,PWRSOL,1,2020,626.939
RE1,TSM02H008,PWRSOL,1,2020,601.6442
RE1,TSM02H009,PWRSOL,1,2020,269.7849
RE1,TSM02H010,PWRSOL,1,2020,5.9687
RE1,TSM01H004,PWRSOL,1,2021,22.3226
RE1,TSM01H005,PWRSOL,1,2021,375.545
RE1,TSM01H006,PWRSOL,1,2021,740.5852
RE1,TSM01H007,PWRSOL,1,2021,745.4437
RE1,TSM01H008,PWRSOL,1,2021,685.4353
RE1,TSM01H009,PWRSOL,1,2021,315.1427
RE1,TSM01H010,PWRSOL,1,2021,14.444
RE1,TSM02H004,PWRSOL,1,2021,36.7666
RE1,TSM02H005,PWRSOL,1,2021,401.8069
RE1,TSM02H006,PWRSOL,1,2021,743.3482
RE1,TSM02H007,PWRSOL,1,2021,745.4437
RE1,TSM02H008,PWRSOL,1,2021,613.4101
RE1,TSM02H009,PWRSOL,1,2021,296.7593
RE1,TSM02H010,PWRSOL,1,2021,6.5655
RE1,TSM01H004,PWRSOL,1,2022,22.5295
RE1,TSM01H005,PWRSOL,1,2022,379.0264
RE1,TSM01H006,PWRSOL,1,2022,747.4506
RE1,TSM01H007,PWRSOL,1,2022,750.4572
RE1,TSM01H008,PWRSOL,1,2022,691.7894
RE1,TSM01H009,PWRSOL,1,2022,318.0641
RE1,TSM01H010,PWRSOL,1,2022,14.5779
RE1,TSM02H004,PWRSOL,1,2022,37.1075
RE1,TSM02H005,PWRSOL,1,2022,405.5317
RE1,TSM02H006,PWRSOL,1,2022,750.4572
RE1,TSM02H007,PWRSOL,1,2022,704.1965
RE1,TSM02H008,PWRSOL,1,2022,667.9345
RE1,TSM02H009,PWRSOL,1,2022,299.5103
RE1,TSM02H010,PWRSOL,1,2022,6.6263
RE1,TSM01H004,PWRSOL,1,2023,22.7365
RE1,TSM01H005,PWRSOL,1,2023,382.5077
RE1,TSM01H006,PWRSOL,1,2023,754.3159
RE1,TSM01H007,PWRSOL,1,2023,755.4706
RE1,TSM01H008,PWRSOL,1,2023,698.1434
RE1,TSM01H009,PWRSOL,1,2023,320.9855
RE1,TSM01H010,PWRSOL,1,2023,14.7118
RE1,TSM02H004,PWRSOL,1,2023,37.4483
RE1,TSM02H005,PWRSOL,1,2023,409.2565
RE1,TSM02H006,PWRSOL,1,2023,713.4342
RE1,TSM02H007,PWRSOL,1,2023,755.4706
RE1,TSM02H008,PWRSOL,1,2023,674.0695
RE1,TSM02H009,PWRSOL,1,2023,302.2613
RE1,TSM02H010,PWRSOL,1,2023,6.6872
RE1,TSM01H004,PWRSOL,1,2024,22.9434
RE1,TSM01H005,PWRSOL,1,2024,385.9891
RE1,TSM01H006,PWRSOL,1,2024,761.1812
RE1,TSM01H007,PWRSOL,1,2024,761.1812
RE1,TSM01H008,PWRSOL,1,2024,704.4975
RE1,TSM01H009,PWRSOL,1,2024,323.9069
RE1,TSM01H010,PWRSOL,1,2024,14.8457
RE1,TSM02H004,PWRSOL,1,2024,37.7891
RE1,TSM02H005,PWRSOL,1,2024,412.9813
RE1,TSM02H006,PWRSOL,1,2024,738.8254
RE1,TSM02H007,PWRSOL,1,2024,761.1812
RE1,TSM02H008,PWRSOL,1,2024,680.2045
RE1,TSM02H009,PWRSOL,1,2024,287.8317
RE1,TSM02H010,PWRSOL,1,2024,6.7481
RE1,TSM01H004,PWRSOL,1,2025,23.1503
RE1,TSM01H005,PWRSOL,1,2025,389.4704
RE1,TSM01H006,PWRSOL,1,2025,768.0465
RE1,TSM01H007,PWRSOL,1,2025,768.0465
RE1,TSM01H008,PWRSOL,1,2025,710.8516
RE1,TSM01H009,PWRSOL,1,2025,326.8283
RE1,TSM01H010,PWRSOL,1,2025,14.9796
RE1,TSM02H004,PWRSOL,1,2025,38.13
RE1,TSM02H005,PWRSOL,1,2025,416.7061
RE1,TSM02H006,PWRSOL,1,2025,728.1534
RE1,TSM02H007,PWRSOL,1,2025,768.0465
RE1,TSM02H008,PWRSOL,1,2025,686.3395
RE1,TSM02H009,PWRSOL,1,2025,307.7633
RE1,TSM02H010,PWRSOL,1,2025,6.8089
RE1,TSM01H004,PWRSOL,1,2026,23.3573
RE1,TSM01H005,PWRSOL,1,2026,392.9518
RE1,TSM01H006,PWRSOL,1,2026,774.9119
RE1,TSM01H007,PWRSOL,1,2026,774.9119
RE1,TSM01H008,PWRSOL,1,2026,717.2057
RE1,TSM01H009,PWRSOL,1,2026,329.7497
RE1,TSM01H010,PWRSOL,1,2026,15.1135
RE1,TSM02H004,PWRSOL,1,2026,38.4708
RE1,TSM02H005,PWRSOL,1,2026,383.4897
RE1,TSM02H006,PWRSOL,1,2026,774.9119
RE1,TSM02H007,PWRSOL,1,2026,771.6034
RE1,TSM02H008,PWRSOL,1,2026,692.4744
RE1,TSM02H009,PWRSOL,1,2026,310.5143
RE1,TSM02H010,PWRSOL,1,2026,6.8698
RE1,TSM01H004,PWRSOL,1,2027,23.5642
RE1,TSM01H005,PWRSOL,1,2027,396.4331
RE1,TSM01H006,PWRSOL,1,2027,781.7772
RE1,TSM01H007,PWRSOL,1,2027,781.7772
RE1,TSM01H008,PWRSOL,1,2027,723.5597
RE1,TSM01H009,PWRSOL,1,2027,332.6711
RE1,TSM01H010,PWRSOL,1,2027,15.2474
RE1,TSM02H004,PWRSOL,1,2027,38.8116
RE1,TSM02H005,PWRSOL,1,2027,424.1557
RE1,TSM02H006,PWRSOL,1,2027,781.7772
RE1,TSM02H007,PWRSOL,1,2027,741.1709
RE1,TSM02H008,PWRSOL,1,2027,698.6094
RE1,TSM02H009,PWRSOL,1,2027,313.2653
RE1,TSM02H010,PWRSOL,1,2027,6.9306
RE1,TSM01H004,PWRSOL,1,2028,23.5642
RE1,TSM01H005,PWRSOL,1,2028,396.4331
RE1,TSM01H006,PWRSOL,1,2028,781.7772
RE1,TSM01H007,PWRSOL,1,2028,781.7772
RE1,TSM01H008,PWRSOL,1,2028,723.5597
RE1,TSM01H009,PWRSOL,1,2028,332.6711
RE1,TSM01H010,PWRSOL,1,2028,15.2474
RE1,TSM02H004,PWRSOL,1,2028,38.8116
RE1,TSM02H005,PWRSOL,1,2028,424.1557
RE1,TSM02H006,PWRSOL,1,2028,781.7772
RE1,TSM02H007,PWRSOL,1,2028,741.1709
RE1,TSM02H008,PWRSOL,1,2028,698.6094
RE1,TSM02H009,PWRSOL,1,2028,313.2653
RE1,TSM02H010,PWRSOL,1,2028,6.9306
RE1,TSM01H004,PWRSOL,1,2029,23.5642
RE1,TSM01H005,PWRSOL,1,2029,396.4331
RE1,TSM01H006,PWRSOL,1,2029,781.7772
RE1,TSM01H007,PWRSOL,1,2029,781.7772
RE1,TSM01H008,PWRSOL,1,2029,723.5597
RE1,TSM01H009,PWRSOL,1,2029,332.6711
RE1,TSM01H010,PWRSOL,1,2029,15.2474
RE1,TSM02H004,PWRSOL,1,2029,38.8116
RE1,TSM02H005,PWRSOL,1,2029,424.1557
RE1,TSM02H006,PWRSOL,1,2029,741.1709
RE1,TSM02H007,PWRSOL,1,2029,781.7772
RE1,TSM02H008,PWRSOL,1,2029,698.6094
RE1,TSM02H009,PWRSOL,1,2029,313.2653
RE1,TSM02H010,PWRSOL,1,2029,6.9306
RE1,TSM01H004,PWRSOL,1,2030,23.5642
RE1,TSM01H005,PWRSOL,1,2030,396.4331
RE1,TSM01H006,PWRSOL,1,2030,781.7772
RE1,TSM01H007,PWRSOL,1,2030,781.7772
RE1,TSM01H008,PWRSOL,1,2030,723.5597
RE1,TSM01H009,PWRSOL,1,2030,332.6711
RE1,TSM01H010,PWRSOL,1,2030,15.2474
RE1,TSM02H004,PWRSOL,1,2030,38.8116
RE1,TSM02H005,PWRSOL,1,2030,424.1557
RE1,TSM02H006,PWRSOL,1,2030,764.4467
RE1,TSM02H007,PWRSOL,1,2030,758.5013
RE1,TSM02H008,PWRSOL,1,2030,698.6094
RE1,TSM02H009,PWRSOL,1,2030,313.2653
RE1,TSM02H010,PWRSOL,1,2030,6.9306
RE1,TSM01H001,MINWND,1,2020,307.1606
RE1,TSM01H002,MINWND,1,2020,238.4122
RE1,TSM01H003,MINWND,1,2020,186.0624
RE1,TSM01H004,MINWND,1,2020,127.4054
RE1,TSM01H005,MINWND,1,2020,153.8957
RE1,TSM01H006,MINWND,1,2020,133.0819
RE1,TSM01H007,MINWND,1,2020,107.8531
RE1,TSM01H008,MINWND,1,2020,111.6374
RE1,TSM01H009,MINWND,1,2020,226.4285
RE1,TSM01H010,MINWND,1,2020,379.0627
RE1,TSM01H011,MINWND,1,2020,409.3373
RE1,TSM01H012,MINWND,1,2020,367.7098
RE1,TSM02H001,MINWND,1,2020,394.8307
RE1,TSM02H002,MINWND,1,2020,331.7587
RE1,TSM02H003,MINWND,1,2020,244.7194
RE1,TSM02H004,MINWND,1,2020,188.5853
RE1,TSM02H005,MINWND,1,2020,243.4579
RE1,TSM02H006,MINWND,1,2020,186.0624
RE1,TSM02H007,MINWND,1,2020,136.2355
RE1,TSM02H008,MINWND,1,2020,131.1898
RE1,TSM02H009,MINWND,1,2020,251.0266
RE1,TSM02H010,MINWND,1,2020,410.4778
RE1,TSM02H011,MINWND,1,2020,410.4778
RE1,TSM02H012,MINWND,1,2020,410.4778
RE1,TSM01H001,MINWND,1,2021,307.1606
RE1,TSM01H002,MINWND,1,2021,238.4122
RE1,TSM01H003,MINWND,1,2021,186.0624
RE1,TSM01H004,MINWND,1,2021,127.4054
RE1,TSM01H005,MINWND,1,2021,153.8957
RE1,TSM01H006,MINWND,1,2021,133.0819
RE1,TSM01H007,MINWND,1,2021,107.8531
RE1,TSM01H008,MINWND,1,2021,111.6374
RE1,TSM01H009,MINWND,1,2021,226.4285
RE1,TSM01H010,MINWND,1,2021,379.0627
RE1,TSM01H011,MINWND,1,2021,409.3373
RE1,TSM01H012,MINWND,1,2021,367.7098
RE1,TSM02H001,MINWND,1,2021,394.8307
RE1,TSM02H002,MINWND,1,2021,331.7587
RE1,TSM02H003,MINWND,1,2021,244.7194
RE1,TSM02H004,MINWND,1,2021,188.5853
RE1,TSM02H005,MINWND,1,2021,243.4579
RE1,TSM02H006,MINWND,1,2021,186.0624
RE1,TSM02H007,MINWND,1,2021,136.2355
RE1,TSM02H008,MINWND,1,2021,131.1898
RE1,TSM02H009,MINWND,1,2021,251.0266
RE1,TSM02H010,MINWND,1,2021,410.4778
RE1,TSM02H011,MINWND,1,2021,410.4778
RE1,TSM02H012,MINWND,1,2021,410.4778
RE1,TSM01H001,MINWND,1,2022,307.1606
RE1,TSM01H002,MINWND,1,2022,238.4122
RE1,TSM01H003,MINWND,1,2022,186.0624
RE1,TSM01H004,MINWND,1,2022,127.4054
RE1,TSM01H005,MINWND,1,2022,153.8957
RE1,TSM01H006,MINWND,1,2022,133.0819
RE1,TSM01H007,MINWND,1,2022,107.8531
RE1,TSM01H008,MINWND,1,2022,111.6374
RE1,TSM01H009,MINWND,1,2022,226.4285
RE1,TSM01H010,MINWND,1,2022,379.0627
RE1,TSM01H011,MINWND,1,2022,409.3373
RE1,TSM01H012,MINWND,1,2022,367.7098
RE1,TSM02H001,MINWND,1,2022,394.8307
RE1,TSM02H002,MINWND,1,2022,331.7587
RE1,TSM02H003,MINWND,1,2022,244.7194
RE1,TSM02H004,MINWND,1,2022,188.5853
RE1,TSM02H005,MINWND,1,2022,243.4579
RE1,TSM02H006,MINWND,1,2022,186.0624
RE1,TSM02H007,MINWND,1,2022,136.2355
RE1,TSM02H008,MINWND,1,2022,131.1898
RE1,TSM02H009,MINWND,1,2022,251.0266
RE1,TSM02H010,MINWND,1,2022,410.4778
RE1,TSM02H011,MINWND,1,2022,410.4778
RE1,TSM02H012,MINWND,1,2022,410.4778
RE1,TSM01H001,MINWND,1,2023,307.1606
RE1,TSM01H002,MINWND,1,2023,238.4122
RE1,TSM01H003,MINWND,1,2023,186.0624
RE1,TSM01H004,MINWND,1,2023,127.4054
RE1,TSM01H005,MINWND,1,2023,153.8957
RE1,TSM01H006,MINWND,1,2023,133.0819
RE1,TSM01H007,MINWND,1,2023,107.8531
RE1,TSM01H008,MINWND,1,2023,111.6374
RE1,TSM01H009,MINWND,1,2023,226.4285
RE1,TSM01H010,MINWND,1,2023,379.0627
RE1,TSM01H011,MINWND,1,2023,409.3373
RE1,TSM01H012,MINWND,1,2023,367.7098
RE1,TSM02H001,MINWND,1,2023,394.8307
RE1,TSM02H002,MINWND,1,2023,331.7587
RE1,TSM02H003,MINWND,1,2023,244.7194
RE1,TSM02H004,MINWND,1,2023,188.5853
RE1,TSM02H005,MINWND,1,2023,243.4579
RE1,TSM02H006,MINWND,1,2023,186.0624
RE1,TSM02H007,MINWND,1,2023,136.2355
RE1,TSM02H008,MINWND,1,2023,131.1898
RE1,TSM02H009,MINWND,1,2023,251.0266
RE1,TSM02H010,MINWND,1,2023,410.4778
RE1,TSM02H011,MINWND,1,2023,410.4778
RE1,TSM02H012,MINWND,1,2023,410.4778
RE1,TSM01H001,MINWND,1,2024,307.1606
RE1,TSM01H002,MINWND,1,2024,238.4122
RE1,TSM01H003,MINWND,1,2024,186.0624
RE1,TSM01H004,MINWND,1,2024,127.4054
RE1,TSM01H005,MINWND,1,2024,153.8957
RE1,TSM01H006,MINWND,1,2024,133.0819
RE1,TSM01H007,MINWND,1,2024,107.8531
RE1,TSM01H008,MINWND,1,2024,111.6374
RE1,TSM01H009,MINWND,1,2024,226.4285
RE1,TSM01H010,MINWND,1,2024,379.0627
RE1,TSM01H011,MINWND,1,2024,409.3373
RE1,TSM01H012,MINWND,1,2024,367.7098
RE1,TSM02H001,MINWND,1,2024,394.8307
RE1,TSM02H002,MINWND,1,2024,331.7587
RE1,TSM02H003,MINWND,1,2024,244.7194
RE1,TSM02H004,MINWND,1,2024,188.5853
RE1,TSM02H005,MINWND,1,2024,243.4579
RE1,TSM02H006,MINWND,1,2024,186.0624
RE1,TSM02H007,MINWND,1,2024,136.2355
RE1,TSM02H008,MINWND,1,2024,131.1898
RE1,TSM02H009,MINWND,1,2024,251.0266
RE1,TSM02H010,MINWND,1,2024,410.4778
RE1,TSM02H011,MINWND,1,2024,410.4778
RE1,TSM02H012,MINWND,1,2024,410.4778
RE1,TSM01H001,MINWND,1,2025,307.1606
RE1,TSM01H002,MINWND,1,2025,238.4122
RE1,TSM01H003,MINWND,1,2025,186.0624
RE1,TSM01H004,MINWND,1,2025,127.4054
RE1,TSM01H005,MINWND,1,2025,153.8957
RE1,TSM01H006,MINWND,1,2025,133.0819
RE1,TSM01H007,MINWND,1,2025,107.8531
RE1,TSM01H008,MINWND,1,2025,111.6374
RE1,TSM01H009,MINWND,1,2025,226.4285
RE1,TSM01H010,MINWND,1,2025,379.0627
RE1,TSM01H011,MINWND,1,2025,409.3373
RE1,TSM01H012,MINWND,1,2025,367.7098
RE1,TSM02H001,MINWND,1,2025,394.8307
RE1,TSM02H002,MINWND,1,2025,331.7587
RE1,TSM02H003,MINWND,1,2025,244.7194
RE1,TSM02H004,MINWND,1,2025,188.5853
RE1,TSM02H005,MINWND,1,2025,243.4579
RE1,TSM02H006,MINWND,1,2025,186.0624
RE1,TSM02H007,MINWND,1,2025,136.2355
RE1,TSM02H008,MINWND,1,2025,131.1898
RE1,TSM02H009,MINWND,1,2025,251.0266
RE1,TSM02H010,MINWND,1,2025,410.4778
RE1,TSM02H011,MINWND,1,2025,410.4778
RE1,TSM02H012,MINWND,1,2025,410.4778
RE1,TSM01H001,MINWND,1,2026,307.1606
RE1,TSM01H002,MINWND,1,2026,238.4122
RE1,TSM01H003,MINWND,1,2026,186.0624
RE1,TSM01H004,MINWND,1,2026,127.4054
RE1,TSM01H005,MINWND,1,2026,153.8957
RE1,TSM01H006,MINWND,1,2026,133.0819
RE1,TSM01H007,MINWND,1,2026,107.8531
RE1,TSM01H008,MINWND,1,2026,111.6374
RE1,TSM01H009,MINWND,1,2026,226.4285
RE1,TSM01H010,MINWND,1,2026,379.0627
RE1,TSM01H011,MINWND,1,2026,409.3373
RE1,TSM01H012,MINWND,1,2026,367.7098
RE1,TSM02H001,MINWND,1,2026,394.8307
RE1,TSM02H002,MINWND,1,2026,331.7587
RE1,TSM02H003,MINWND,1,2026,244.7194
RE1,TSM02H004,MINWND,1,2026,188.5853
RE1,TSM02H005,MINWND,1,2026,243.4579
RE1,TSM02H006,MINWND,1,2026,186.0624
RE1,TSM02H007,MINWND,1,2026,136.2355
RE1,TSM02H008,MINWND,1,2026,131.1898
RE1,TSM02H009,MINWND,1,2026,251.0266
RE1,TSM02H010,MINWND,1,2026,410.4778
RE1,TSM02H011,MINWND,1,2026,410.4778
RE1,TSM02H012,MINWND,1,2026,410.4778
RE1,TSM01H001,MINWND,1,2027,307.1606
RE1,TSM01H002,MINWND,1,2027,238.4122
RE1,TSM01H003,MINWND,1,2027,186.0624
RE1,TSM01H004,MINWND,1,2027,127.4054
RE1,TSM01H005,MINWND,1,2027,153.8957
RE1,TSM01H006,MINWND,1,2027,133.0819
RE1,TSM01H007,MINWND,1,2027,107.8531
RE1,TSM01H008,MINWND,1,2027,111.6374
RE1,TSM01H009,MINWND,1,2027,226.4285
RE1,TSM01H010,MINWND,1,2027,379.0627
RE1,TSM01H011,MINWND,1,2027,409.3373
RE1,TSM01H012,MINWND,1,2027,367.7098
RE1,TSM02H001,MINWND,1,2027,394.8307
RE1,TSM02H002,MINWND,1,2027,331.7587
RE1,TSM02H003,MINWND,1,2027,244.7194
RE1,TSM02H004,MINWND,1,2027,188.5853
RE1,TSM02H005,MINWND,1,2027,243.4579
RE1,TSM02H006,MINWND,1,2027,186.0624
RE1,TSM02H007,MINWND,1,2027,136.2355
RE1,TSM02H008,MINWND,1,2027,131.1898
RE1,TSM02H009,MINWND,1,2027,251.0266
RE1,TSM02H010,MINWND,1,2027,410.4778
RE1,TSM02H011,MINWND,1,2027,410.4778
RE1,TSM02H012,MINWND,1,2027,410.4778
RE1,TSM01H001,MINWND,1,2028,307.1606
RE1,TSM01H002,MINWND,1,2028,238.4122
RE1,TSM01H003,MINWND,1,2028,186.0624
RE1,TSM01H004,MINWND,1,2028,127.4054
RE1,TSM01H005,MINWND,1,2028,153.8957
RE1,TSM01H006,MINWND,1,2028,133.0819
RE1,TSM01H007,MINWND,1,2028,107.8531
RE1,TSM01H008,MINWND,1,2028,111.6374
RE1,TSM01H009,MINWND,1,2028,226.4285
RE1,TSM01H010,MINWND,1,2028,379.0627
RE1,TSM01H011,MINWND,1,2028,409.3373
RE1,TSM01H012,MINWND,1,2028,367.7098
RE1,TSM02H001,MINWND,1,2028,394.8307
RE1,TSM02H002,MINWND,1,2028,331.7587
RE1,TSM02H003,MINWND,1,2028,244.7194
RE1,TSM02H004,MINWND,1,2028,188.5853
RE1,TSM02H005,MINWND,1,2028,243.4579
RE1,TSM02H006,MINWND,1,2028,186.0624
RE1,TSM02H007,MINWND,1,2028,136.2355
RE1,TSM02H008,MINWND,1,2028,131.1898
RE1,TSM02H009,MINWND,1,2028,251.0266
RE1,TSM02H010,MINWND,1,2028,410.4778
RE1,TSM02H011,MINWND,1,2028,410.4778
RE1,TSM02H012,MINWND,1,2028,410.4778
RE1,TSM01H001,MINWND,1,2029,307.1606
RE1,TSM01H002,MINWND,1,2029,238.4122
RE1,TSM01H003,MINWND,1,2029,186.0624
RE1,TSM01H004,MINWND,1,2029,127.4054
RE1,TSM01H005,MINWND,1,2029,153.8957
RE1,TSM01H006,MINWND,1,2029,133.0819
RE1,TSM01H007,MINWND,1,2029,107.8531
RE1,TSM01H008,MINWND,1,2029,111.6374
RE1,TSM01H009,MINWND,1,2029,226.4285
RE1,TSM01H010,MINWND,1,2029,379.0627
RE1,TSM01H011,MINWND,1,2029,409.3373
RE1,TSM01H012,MINWND,1,2029,367.7098
RE1,TSM02H001,MINWND,1,2029,394.8307
RE1,TSM02H002,MINWND,1,2029,331.7587
RE1,TSM02H003,MINWND,1,2029,244.7194
RE1,TSM02H004,MINWND,1,2029,188.5853
RE1,TSM02H005,MINWND,1,2029,243.4579
RE1,TSM02H006,MINWND,1,2029,186.0624
RE1,TSM02H007,MINWND,1,2029,136.2355
RE1,TSM02H008,MINWND,1,2029,131.1898
RE1,TSM02H009,MINWND,1,2029,251.0266
RE1,TSM02H010,MINWND,1,2029,410.4778
RE1,TSM02H011,MINWND,1,2029,410.4778
RE1,TSM02H012,MINWND,1,2029,410.4778
RE1,TSM01H001,MINWND,1,2030,307.1606
RE1,TSM01H002,MINWND,1,2030,238.4122
RE1,TSM01H003,MINWND,1,2030,186.0624
RE1,TSM01H004,MINWND,1,2030,127.4054
RE1,TSM01H005,MINWND,1,2030,153.8957
RE1,TSM01H006,MINWND,1,2030,133.0819
RE1,TSM01H007,MINWND,1,2030,107.8531
RE1,TSM01H008,MINWND,1,2030,111.6374
RE1,TSM01H009,MINWND,1,2030,226.4285
RE1,TSM01H010,MINWND,1,2030,379.0627
RE1,TSM01H011,MINWND,1,2030,409.3373
RE1,TSM01H012,MINWND,1,2030,367.7098
RE1,TSM02H001,MINWND,1,2030,394.8307
RE1,TSM02H002,MINWND,1,2030,331.7587
RE1,TSM02H003,MINWND,1,2030,244.7194
RE1,TSM02H004,MINWND,1,2030,188.5853
RE1,TSM02H005,MINWND,1,2030,243.4579
RE1,TSM02H006,MINWND,1,2030,186.0624
RE1,TSM02H007,MINWND,1,2030,136.2355
RE1,TSM02H008,MINWND,1,2030,131.1898
RE1,TSM02H009,MINWND,1,2030,251.0266
RE1,TSM02H010,MINWND,1,2030,410.4778
RE1,TSM02H011,MINWND,1,2030,410.4778
RE1,TSM02H012,MINWND,1,2030,410.4778
RE1,TSM01H001,PWRWND,1,2020,307.1606
RE1,TSM01H002,PWRWND,1,2020,238.4122
RE1,TSM01H003,PWRWND,1,2020,186.0624
RE1,TSM01H004,PWRWND,1,2020,127.4054
RE1,TSM01H005,PWRWND,1,2020,153.8957
RE1,TSM01H006,PWRWND,1,2020,133.0819
RE1,TSM01H007,PWRWND,1,2020,107.8531
RE1,TSM01H008,PWRWND,1,2020,111.6374
RE1,TSM01H009,PWRWND,1,2020,226.4285
RE1,TSM01H010,PWRWND,1,2020,379.0627
RE1,TSM01H011,PWRWND,1,2020,409.3373
RE1,TSM01H012,PWRWND,1,2020,367.7098
RE1,TSM02H001,PWRWND,1,2020,394.8307
RE1,TSM02H002,PWRWND,1,2020,331.7587
RE1,TSM02H003,PWRWND,1,2020,244.7194
RE1,TSM02H004,PWRWND,1,2020,188.5853
RE1,TSM02H005,PWRWND,1,2020,243.4579
RE1,TSM02H006,PWRWND,1,2020,186.0624
RE1,TSM02H007,PWRWND,1,2020,136.2355
RE1,TSM02H008,PWRWND,1,2020,131.1898
RE1,TSM02H009,PWRWND,1,2020,251.0266
RE1,TSM02H010,PWRWND,1,2020,410.4778
RE1,TSM02H011,PWRWND,1,2020,410.4778
RE1,TSM02H012,PWRWND,1,2020,410.4778
RE1,TSM01H001,PWRWND,1,2021,307.1606
RE1,TSM01H002,PWRWND,1,2021,238.4122
RE1,TSM01H003,PWRWND,1,2021,186.0624
RE1,TSM01H004,PWRWND,1,2021,127.4054
RE1,TSM01H005,PWRWND,1,2021,153.8957
RE1,TSM01H006,PWRWND,1,2021,133.0819
RE1,TSM01H007,PWRWND,1,2021,107.8531
RE1,TSM01H008,PWRWND,1,2021,111.6374
RE1,TSM01H009,PWRWND,1,2021,226.4285
RE1,TSM01H010,PWRWND,1,2021,379.0627
RE1,TSM01H011,PWRWND,1,2021,409.3373
RE1,TSM01H012,PWRWND,1,2021,367.7098
RE1,TSM02H001,PWRWND,1,2021,394.8307
RE1,TSM02H002,PWRWND,1,2021,331.7587
RE1,TSM02H003,PWRWND,1,2021,244.7194
RE1,TSM02H004,PWRWND,1,2021,188.5853
RE1,TSM02H005,PWRWND,1,2021,243.4579
RE1,TSM02H006,PWRWND,1,2021,186.0624
RE1,TSM02H007,PWRWND,1,2021,136.2355
RE1,TSM02H008,PWRWND,1,2021,131.1898
RE1,TSM02H009,PWRWND,1,2021,251.0266
RE1,TSM02H010,PWRWND,1,2021,410.4778
RE1,TSM02H011,PWRWND,1,2021,410.4778
RE1,TSM02H012,PWRWND,1,2021,410.4778
RE1,TSM01H001,PWRWND,1,2022,307.1606
RE1,TSM01H002,PWRWND,1,2022,238.4122
RE1,TSM01H003,PWRWND,1,2022,186.0624
RE1,TSM01H004,PWRWND,1,2022,127.4054
RE1,TSM01H005,PWRWND,1,2022,153.8957
RE1,TSM01H006,PWRWND,1,2022,133.0819
RE1,TSM01H007,PWRWND,1,2022,107.8531
RE1,TSM01H008,PWRWND,1,2022,111.6374
RE1,TSM01H009,PWRWND,1,2022,226.4285
RE1,TSM01H010,PWRWND,1,2022,379.0627
RE1,TSM01H011,PWRWND,1,2022,409.3373
RE1,TSM01H012,PWRWND,1,2022,367.7098
RE1,TSM02H001,PWRWND,1,2022,394.8307
RE1,TSM02H002,PWRWND,1,2022,331.7587
RE1,TSM02H003,PWRWND,1,2022,244.7194
RE1,TSM02H004,PWRWND,1,2022,188.5853
RE1,TSM02H005,PWRWND,1,2022,243.4579
RE1,TSM02H006,PWRWND,1,2022,186.0624
RE1,TSM02H007,PWRWND,1,2022,136.2355
RE1,TSM02H008,PWRWND,1,2022,131.1898
RE1,TSM02H009,PWRWND,1,2022,251.0266
RE1,TSM02H010,PWRWND,1,2022,410.4778
RE1,TSM02H011,PWRWND,1,2022,410.4778
RE1,TSM02H012,PWRWND,1,2022,410.4778
RE1,TSM01H001,PWRWND,1,2023,307.1606
RE1,TSM01H002,PWRWND,1,2023,238.4122
RE1,TSM01H003,PWRWND,1,2023,186.0624
RE1,TSM01H004,PWRWND,1,2023,127.4054
RE1,TSM01H005,PWRWND,1,2023,153.8957
RE1,TSM01H006,PWRWND,1,2023,133.0819
RE1,TSM01H007,PWRWND,1,2023,107.8531
RE1,TSM01H008,PWRWND,1,2023,111.6374
RE1,TSM01H009,PWRWND,1,2023,226.4285
RE1,TSM01H010,PWRWND,1,2023,379.0627
RE1,TSM01H011,PWRWND,1,2023,409.3373
RE1,TSM01H012,PWRWND,1,2023,367.7098
RE1,TSM02H001,PWRWND,1,2023,394.8307
RE1,TSM02H002,PWRWND,1,2023,331.7587
RE1,TSM02H003,PWRWND,1,2023,244.7194
RE1,TSM02H004,PWRWND,1,2023,188.5853
RE1,TSM02H005,PWRWND,1,2023,243.4579
RE1,TSM02H006,PWRWND,1,2023,186.0624
RE1,TSM02H007,PWRWND,1,2023,136.2355
RE1,TSM02H008,PWRWND,1,2023,131.1898
RE1,TSM02H009,PWRWND,1,2023,251.0266
RE1,TSM02H010,PWRWND,1,2023,410.4778
RE1,TSM02H011,PWRWND,1,2023,410.4778
RE1,TSM02H012,PWRWND,1,2023,410.4778
RE1,TSM01H001,PWRWND,1,2024,307.1606
RE1,TSM01H002,PWRWND,1,2024,238.4122
RE1,TSM01H003,PWRWND,1,2024,186.0624
RE1,TSM01H004,PWRWND,1,2024,127.4054
RE1,TSM01H005,PWRWND,1,2024,153.8957
RE1,TSM01H006,PWRWND,1,2024,133.0819
RE1,TSM01H007,PWRWND,1,2024,107.8531
RE1,TSM01H008,PWRWND,1,2024,111.6374
RE1,TSM01H009,PWRWND,1,2024,226.4285
RE1,TSM01H010,PWRWND,1,2024,379.0627
RE1,TSM01H011,PWRWND,1,2024,409.3373
RE1,TSM01H012,PWRWND,1,2024,367.7098
RE1,TSM02H001,PWRWND,1,2024,394.8307
RE1,TSM02H002,PWRWND,1,2024,331.7587
RE1,TSM02H003,PWRWND,1,2024,244.7194
RE1,TSM02H004,PWRWND,1,2024,188.5853
RE1,TSM02H005,PWRWND,1,2024,243.4579
RE1,TSM02H006,PWRWND,1,2024,186.0624
RE1,TSM02H007,PWRWND,1,2024,136.2355
RE1,TSM02H008,PWRWND,1,2024,131.1898
RE1,TSM02H009,PWRWND,1,2024,251.0266
RE1,TSM02H010,PWRWND,1,2024,410.4778
RE1,TSM02H011,PWRWND,1,2024,410.4778
RE1,TSM02H012,PWRWND,1,2024,410.4778
RE1,TSM01H001,PWRWND,1,2025,307.1606
RE1,TSM01H002,PWRWND,1,2025,238.4122
RE1,TSM01H003,PWRWND,1,2025,186.0624
RE1,TSM01H004,PWRWND,1,2025,127.4054
RE1,TSM01H005,PWRWND,1,2025,153.8957
RE1,TSM01H006,PWRWND,1,2025,133.0819
RE1,TSM01H007,PWRWND,1,2025,107.8531
RE1,TSM01H008,PWRWND,1,2025,111.6374
RE1,TSM01H009,PWRWND,1,2025,226.4285
RE1,TSM01H010,PWRWND,1,2025,379.0627
RE1,TSM01H011,PWRWND,1,2025,409.3373
RE1,TSM01H012,PWRWND,1,2025,367.7098
RE1,TSM02H001,PWRWND,1,2025,394.8307
RE1,TSM02H002,PWRWND,1,2025,331.7587
RE1,TSM02H003,PWRWND,1,2025,244.7194
RE1,TSM02H004,PWRWND,1,2025,188.5853
RE1,TSM02H005,PWRWND,1,2025,243.4579
RE1,TSM02H006,PWRWND,1,2025,186.0624
RE1,TSM02H007,PWRWND,1,2025,136.2355
RE1,TSM02H008,PWRWND,1,2025,131.1898
RE1,TSM02H009,PWRWND,1,2025,251.0266
RE1,TSM02H010,PWRWND,1,2025,410.4778
RE1,TSM02H011,PWRWND,1,2025,410.4778
RE1,TSM02H012,PWRWND,1,2025,410.4778
RE1,TSM01H001,PWRWND,1,2026,307.1606
RE1,TSM01H002,PWRWND,1,2026,238.4122
RE1,TSM01H003,PWRWND,1,2026,186.0624
RE1,TSM01H004,PWRWND,1,2026,127.4054
RE1,TSM01H005,PWRWND,1,2026,153.8957
RE1,TSM01H006,PWRWND,1,2026,133.0819
RE1,TSM01H007,PWRWND,1,2026,107.8531
RE1,TSM01H008,PWRWND,1,2026,111.6374
RE1,TSM01H009,PWRWND,1,2026,226.4285
RE1,TSM01H010,PWRWND,1,2026,379.0627
RE1,TSM01H011,PWRWND,1,2026,409.3373
RE1,TSM01H012,PWRWND,1,2026,367.7098
RE1,TSM02H001,PWRWND,1,2026,394.8307
RE1,TSM02H002,PWRWND,1,2026,331.7587
RE1,TSM02H003,PWRWND,1,2026,244.7194
RE1,TSM02H004,PWRWND,1,2026,188.5853
RE1,TSM02H005,PWRWND,1,2026,243.4579
RE1,TSM02H006,PWRWND,1,2026,186.0624
RE1,TSM02H007,PWRWND,1,2026,136.2355
RE1,TSM02H008,PWRWND,1,2026,131.1898
RE1,TSM02H009,PWRWND,1,2026,251.0266
RE1,TSM02H010,PWRWND,1,2026,410.4778
RE1,TSM02H011,PWRWND,1,2026,410.4778
RE1,TSM02H012,PWRWND,1,2026,410.4778
RE1,TSM01H001,PWRWND,1,2027,307.1606
RE1,TSM01H002,PWRWND,1,2027,238.4122
RE1,TSM01H003,PWRWND,1,2027,186.0624
RE1,TSM01H004,PWRWND,1,2027,127.4054
RE1,TSM01H005,PWRWND,1,2027,153.8957
RE1,TSM01H006,PWRWND,1,2027,133.0819
RE1,TSM01H007,PWRWND,1,2027,107.8531
RE1,TSM01H008,PWRWND,1,2027,111.6374
RE1,TSM01H009,PWRWND,1,2027,226.4285
RE1,TSM01H010,PWRWND,1,2027,379.0627
RE1,TSM01H011,PWRWND,1,2027,409.3373
RE1,TSM01H012,PWRWND,1,2027,367.7098
RE1,TSM02H001,PWRWND,1,2027,394.8307
RE1,TSM02H002,PWRWND,1,2027,331.7587
RE1,TSM02H003,PWRWND,1,2027,244.7194
RE1,TSM02H004,PWRWND,1,2027,188.5853
RE1,TSM02H005,PWRWND,1,2027,243.4579
RE1,TSM02H006,PWRWND,1,2027,186.0624
RE1,TSM02H007,PWRWND,1,2027,136.2355
RE1,TSM02H008,PWRWND,1,2027,131.1898
RE1,TSM02H009,PWRWND,1,2027,251.0266
RE1,TSM02H010,PWRWND,1,2027,410.4778
RE1,TSM02H011,PWRWND,1,2027,410.4778
RE1,TSM02H012,PWRWND,1,2027,410.4778
RE1,TSM01H001,PWRWND,1,2028,307.1606
RE1,TSM01H002,PWRWND,1,2028,238.4122
RE1,TSM01H003,PWRWND,1,2028,186.0624
RE1,TSM01H004,PWRWND,1,2028,127.4054
RE1,TSM01H005,PWRWND,1,2028,153.8957
RE1,TSM01H006,PWRWND,1,2028,133.0819
RE1,TSM01H007,PWRWND,1,2028,107.8531
RE1,TSM01H008,PWRWND,1,2028,111.6374
RE1,TSM01H009,PWRWND,1,2028,226.4285
RE1,TSM01H010,PWRWND,1,2028,379.0627
RE1,TSM01H011,PWRWND,1,2028,409.3373
RE1,TSM01H012,PWRWND,1,2028,367.7098
RE1,TSM02H001,PWRWND,1,2028,394.8307
RE1,TSM02H002,PWRWND,1,2028,331.7587
RE1,TSM02H003,PWRWND,1,2028,244.7194
RE1,TSM02H004,PWRWND,1,2028,188.5853
RE1,TSM02H005,PWRWND,1,2028,243.4579
RE1,TSM02H006,PWRWND,1,2028,186.0624
RE1,TSM02H007,PWRWND,1,2028,136.2355
RE1,TSM02H008,PWRWND,1,2028,131.1898
RE1,TSM02H009,PWRWND,1,2028,251.0266
RE1,TSM02H010,PWRWND,1,2028,410.4778
RE1,TSM02H011,PWRWND,1,2028,410.4778
RE1,TSM02H012,PWRWND,1,2028,410.4778
RE1,TSM01H001,PWRWND,1,2029,307.1606
RE1,TSM01H002,PWRWND,1,2029,238.4122
RE1,TSM01H003,PWRWND,1,2029,186.0624
RE1,TSM01H004,PWRWND,1,2029,127.4054
RE1,TSM01H005,PWRWND,1,2029,153.8957
RE1,TSM01H006,PWRWND,1,2029,133.0819
RE1,TSM01H007,PWRWND,1,2029,107.8531
RE1,TSM01H008,PWRWND,1,2029,111.6374
RE1,TSM01H009,PWRWND,1,2029,226.4285
RE1,TSM01H010,PWRWND,1,2029,379.0627
RE1,TSM01H011,PWRWND,1,2029,409.3373
RE1,TSM01H012,PWRWND,1,2029,367.7098
RE1,TSM02H001,PWRWND,1,2029,394.8307
RE1,TSM02H002,PWRWND,1,2029,331.7587
RE1,TSM02H003,PWRWND,1,2029,244.7194
RE1,TSM02H004,PWRWND,1,2029,188.5853
RE1,TSM02H005,PWRWND,1,2029,243.4579
RE1,TSM02H006,PWRWND,1,2029,186.0624
RE1,TSM02H007,PWRWND,1,2029,136.2355
RE1,TSM02H008,PWRWND,1,2029,131.1898
RE1,TSM02H009,PWRWND,1,2029,251.0266
RE1,TSM02H010,PWRWND,1,2029,410.4778
RE1,TSM02H011,PWRWND,1,2029,410.4778
RE1,TSM02H012,PWRWND,1,2029,410.4778
RE1,TSM01H001,PWRWND,1,2030,307.1606
RE1,TSM01H002,PWRWND,1,2030,238.4122
RE1,TSM01H003,PWRWND,1,2030,186.0624
RE1,TSM01H004,PWRWND,1,2030,127.4054
RE1,TSM01H005,PWRWND,1,2030,153.8957
RE1,TSM01H006,PWRWND,1,2030,133.0819
RE1,TSM01H007,PWRWND,1,2030,107.8531
RE1,TSM01H008,PWRWND,1,2030,111.6374
RE1,TSM01H009,PWRWND,1,2030,226.4285
RE1,TSM01H010,PWRWND,1,2030,379.0627
RE1,TSM01H011,PWRWND,1,2030,409.3373
RE1,TSM01H012,PWRWND,1,2030,367.7098
RE1,TSM02H001,PWRWND,1,2030,394.8307
RE1,TSM02H002,PWRWND,1,2030,331.7587
RE1,TSM02H003,PWRWND,1,2030,244.7194
RE1,TSM02H004,PWRWND,1,2030,188.5853
RE1,TSM02H005,PWRWND,1,2030,243.4579
RE1,TSM02H006,PWRWND,1,2030,186.0624
RE1,TSM02H007,PWRWND,1,2030,136.2355
RE1,TSM02H008,PWRWND,1,2030,131.1898
RE1,TSM02H009,PWRWND,1,2030,251.0266
RE1,TSM02H010,PWRWND,1,2030,410.4778
RE1,TSM02H011,PWRWND,1,2030,410.4778
RE1,TSM02H012,PWRWND,1,2030,410.4778
RE1,TSM01H001,MINCOA,1,2020,176.0433
RE1,TSM01H002,MINCOA,1,2020,176.0433
RE1,TSM01H003,MINCOA,1,2020,176.0433
RE1,TSM01H004,MINCOA,1,2020,176.0433
RE1,TSM01H005,MINCOA,1,2020,176.0433
RE1,TSM01H006,MINCOA,1,2020,176.0433
RE1,TSM01H008,MINCOA,1,2020,176.0433
RE1,TSM01H009,MINCOA,1,2020,176.0433
RE1,TSM01H010,MINCOA,1,2020,176.0433
RE1,TSM01H011,MINCOA,1,2020,176.0433
RE1,TSM01H012,MINCOA,1,2020,176.0433
RE1,TSM01H001,MINCOA,1,2021,263.7216
RE1,TSM01H002,MINCOA,1,2021,263.7216
RE1,TSM01H003,MINCOA,1,2021,263.7216
RE1,TSM01H004,MINCOA,1,2021,263.7216
RE1,TSM01H005,MINCOA,1,2021,263.7216
RE1,TSM01H006,MINCOA,1,2021,263.7216
RE1,TSM01H007,MINCOA,1,2021,263.7216
RE1,TSM01H008,MINCOA,1,2021,263.7216
RE1,TSM01H009,MINCOA,1,2021,263.7216
RE1,TSM01H010,MINCOA,1,2021,263.7216
RE1,TSM01H011,MINCOA,1,2021,263.7216
RE1,TSM01H012,MINCOA,1,2021,263.7216
RE1,TSM02H001,MINCOA,1,2021,176.0342
RE1,TSM02H004,MINCOA,1,2021,263.7216
RE1,TSM02H009,MINCOA,1,2021,93.4844
RE1,TSM02H011,MINCOA,1,2021,153.2567
RE1,TSM02H012,MINCOA,1,2021,215.9351
RE1,TSM01H001,MINCOA,1,2022,409.7923
RE1,TSM01H002,MINCOA,1,2022,409.7923
RE1,TSM01H003,MINCOA,1,2022,409.7923
RE1,TSM01H004,MINCOA,1,2022,409.7923
RE1,TSM01H005,MINCOA,1,2022,409.7923
RE1,TSM01H006,MINCOA,1,2022,409.7923
RE1,TSM01H007,MINCOA,1,2022,409.7923
RE1,TSM01H008,MINCOA,1,2022,409.7923
RE1,TSM01H009,MINCOA,1,2022,409.7923
RE1,TSM01H010,MINCOA,1,2022,409.7923
RE1,TSM01H011,MINCOA,1,2022,409.7923
RE1,TSM01H012,MINCOA,1,2022,409.7923
RE1,TSM02H001,MINCOA,1,2022,299.7184
RE1,TSM02H002,MINCOA,1,2022,409.7923
RE1,TSM02H003,MINCOA,1,2022,409.7923
RE1,TSM02H004,MINCOA,1,2022,409.7923
RE1,TSM02H010,MINCOA,1,2022,409.7923
RE1,TSM02H011,MINCOA,1,2022,409.7923
RE1,TSM02H012,MINCOA,1,2022,240.3822
RE1,TSM01H001,MINCOA,1,2023,555.863
RE1,TSM01H002,MINCOA,1,2023,555.863
RE1,TSM01H003,MINCOA,1,2023,555.863
RE1,TSM01H004,MINCOA,1,2023,555.863
RE1,TSM01H005,MINCOA,1,2023,555.863
RE1,TSM01H006,MINCOA,1,2023,555.863
RE1,TSM01H007,MINCOA,1,2023,555.863
RE1,TSM01H008,MINCOA,1,2023,555.863
RE1,TSM01H009,MINCOA,1,2023,555.863
RE1,TSM01H010,MINCOA,1,2023,555.863
RE1,TSM01H011,MINCOA,1,2023,555.863
RE1,TSM01H012,MINCOA,1,2023,555.863
RE1,TSM02H001,MINCOA,1,2023,423.4026
RE1,TSM02H002,MINCOA,1,2023,555.863
RE1,TSM02H003,MINCOA,1,2023,555.863
RE1,TSM02H004,MINCOA,1,2023,555.863
RE1,TSM02H005,MINCOA,1,2023,94.4883
RE1,TSM02H006,MINCOA,1,2023,106.6252
RE1,TSM02H009,MINCOA,1,2023,392.7679
RE1,TSM02H010,MINCOA,1,2023,555.863
RE1,TSM02H011,MINCOA,1,2023,555.863
RE1,TSM02H012,MINCOA,1,2023,479.093
RE1,TSM01H001,MINCOA,1,2024,701.9337
RE1,TSM01H002,MINCOA,1,2024,701.9337
RE1,TSM01H003,MINCOA,1,2024,701.9337
RE1,TSM01H004,MINCOA,1,2024,701.9337
RE1,TSM01H005,MINCOA,1,2024,701.9337
RE1,TSM01H006,MINCOA,1,2024,701.9337
RE1,TSM01H007,MINCOA,1,2024,699.8423
RE1,TSM01H008,MINCOA,1,2024,701.9337
RE1,TSM01H009,MINCOA,1,2024,701.9337
RE1,TSM01H010,MINCOA,1,2024,701.9337
RE1,TSM01H011,MINCOA,1,2024,701.9337
RE1,TSM01H012,MINCOA,1,2024,701.9337
RE1,TSM02H001,MINCOA,1,2024,547.0868
RE1,TSM02H002,MINCOA,1,2024,701.9337
RE1,TSM02H003,MINCOA,1,2024,701.9337
RE1,TSM02H004,MINCOA,1,2024,701.9337
RE1,TSM02H005,MINCOA,1,2024,701.9337
RE1,TSM02H009,MINCOA,1,2024,593.9516
RE1,TSM02H010,MINCOA,1,2024,701.9337
RE1,TSM02H011,MINCOA,1,2024,701.9337
RE1,TSM02H012,MINCOA,1,2024,610.6719
RE1,TSM01H001,MINCOA,1,2025,848.0044
RE1,TSM01H002,MINCOA,1,2025,848.0044
RE1,TSM01H003,MINCOA,1,2025,848.0044
RE1,TSM01H004,MINCOA,1,2025,848.0044
RE1,TSM01H005,MINCOA,1,2025,848.0044
RE1,TSM01H006,MINCOA,1,2025,848.0044
RE1,TSM01H007,MINCOA,1,2025,840.3574
RE1,TSM01H008,MINCOA,1,2025,848.0044
RE1,TSM01H009,MINCOA,1,2025,848.0044
RE1,TSM01H010,MINCOA,1,2025,848.0044
RE1,TSM01H011,MINCOA,1,2025,848.0044
RE1,TSM01H012,MINCOA,1,2025,848.0044
RE1,TSM02H001,MINCOA,1,2025,848.0044
RE1,TSM02H002,MINCOA,1,2025,848.0044
RE1,TSM02H003,MINCOA,1,2025,848.0044
RE1,TSM02H004,MINCOA,1,2025,848.0044
RE1,TSM02H005,MINCOA,1,2025,387.929
RE1,TSM02H007,MINCOA,1,2025,586.3634
RE1,TSM02H009,MINCOA,1,2025,848.0044
RE1,TSM02H010,MINCOA,1,2025,848.0044
RE1,TSM02H011,MINCOA,1,2025,848.0044
RE1,TSM02H012,MINCOA,1,2025,742.2509
RE1,TSM01H001,MINCOA,1,2026,994.0751
RE1,TSM01H002,MINCOA,1,2026,994.0751
RE1,TSM01H003,MINCOA,1,2026,994.0751
RE1,TSM01H004,MINCOA,1,2026,994.0751
RE1,TSM01H005,MINCOA,1,2026,994.0751
RE1,TSM01H006,MINCOA,1,2026,994.0751
RE1,TSM01H007,MINCOA,1,2026,980.8726
RE1,TSM01H008,MINCOA,1,2026,994.0751
RE1,TSM01H009,MINCOA,1,2026,994.0751
RE1,TSM01H010,MINCOA,1,2026,994.0751
RE1,TSM01H011,MINCOA,1,2026,994.0751
RE1,TSM01H012,MINCOA,1,2026,994.0751
RE1,TSM02H001,MINCOA,1,2026,794.4552
RE1,TSM02H002,MINCOA,1,2026,994.0751
RE1,TSM02H003,MINCOA,1,2026,994.0751
RE1,TSM02H004,MINCOA,1,2026,994.0751
RE1,TSM02H005,MINCOA,1,2026,994.0751
RE1,TSM02H007,MINCOA,1,2026,854.1888
RE1,TSM02H008,MINCOA,1,2026,13.218
RE1,TSM02H009,MINCOA,1,2026,841.6931
RE1,TSM02H010,MINCOA,1,2026,994.0751
RE1,TSM02H011,MINCOA,1,2026,994.0751
RE1,TSM02H012,MINCOA,1,2026,873.8298
RE1,TSM01H001,MINCOA,1,2027,1140.1458
RE1,TSM01H002,MINCOA,1,2027,1140.1458
RE1,TSM01H003,MINCOA,1,2027,1140.1458
RE1,TSM01H004,MINCOA,1,2027,1140.1458
RE1,TSM01H005,MINCOA,1,2027,1140.1458
RE1,TSM01H006,MINCOA,1,2027,1140.1458
RE1,TSM01H007,MINCOA,1,2027,1121.3877
RE1,TSM01H008,MINCOA,1,2027,1140.1458
RE1,TSM01H009,MINCOA,1,2027,1140.1458
RE1,TSM01H010,MINCOA,1,2027,1140.1458
RE1,TSM01H011,MINCOA,1,2027,1140.1458
RE1,TSM01H012,MINCOA,1,2027,1140.1458
RE1,TSM02H001,MINCOA,1,2027,918.1394
RE1,TSM02H002,MINCOA,1,2027,1140.1458
RE1,TSM02H003,MINCOA,1,2027,1140.1458
RE1,TSM02H004,MINCOA,1,2027,1140.1458
RE1,TSM02H005,MINCOA,1,2027,681.3696
RE1,TSM02H006,MINCOA,1,2027,480.658
RE1,TSM02H007,MINCOA,1,2027,1103.3811
RE1,TSM02H008,MINCOA,1,2027,150.0762
RE1,TSM02H009,MINCOA,1,2027,991.3349
RE1,TSM02H010,MINCOA,1,2027,1140.1458
RE1,TSM02H011,MINCOA,1,2027,1140.1458
RE1,TSM02H012,MINCOA,1,2027,1005.4088
RE1,TSM01H001,MINCOA,1,2028,1140.1458
RE1,TSM01H002,MINCOA,1,2028,1140.1458
RE1,TSM01H003,MINCOA,1,2028,1140.1458
RE1,TSM01H004,MINCOA,1,2028,1140.1458
RE1,TSM01H005,MINCOA,1,2028,1140.1458
RE1,TSM01H006,MINCOA,1,2028,1140.1458
RE1,TSM01H007,MINCOA,1,2028,1121.3877
RE1,TSM01H008,MINCOA,1,2028,1140.1458
RE1,TSM01H009,MINCOA,1,2028,1140.1458
RE1,TSM01H010,MINCOA,1,2028,1140.1458
RE1,TSM01H011,MINCOA,1,2028,1140.1458
RE1,TSM01H012,MINCOA,1,2028,1140.1458
RE1,TSM02H001,MINCOA,1,2028,918.1394
RE1,TSM02H002,MINCOA,1,2028,1140.1458
RE1,TSM02H003,MINCOA,1,2028,1140.1458
RE1,TSM02H004,MINCOA,1,2028,1140.1458
RE1,TSM02H005,MINCOA,1,2028,878.4798
RE1,TSM02H007,MINCOA,1,2028,1103.3811
RE1,TSM02H008,MINCOA,1,2028,150.0762
RE1,TSM02H009,MINCOA,1,2028,1140.1458
RE1,TSM02H010,MINCOA,1,2028,1140.1458
RE1,TSM02H011,MINCOA,1,2028,1140.1458
RE1,TSM02H012,MINCOA,1,2028,1140.1458
RE1,TSM01H001,MINCOA,1,2029,1140.1458
RE1,TSM01H002,MINCOA,1,2029,1140.1458
RE1,TSM01H003,MINCOA,1,2029,1140.1458
RE1,TSM01H004,MINCOA,1,2029,1140.1458
RE1,TSM01H005,MINCOA,1,2029,1140.1458
RE1,TSM01H006,MINCOA,1,2029,1140.1458
RE1,TSM01H007,MINCOA,1,2029,1121.3877
RE1,TSM01H008,MINCOA,1,2029,1140.1458
RE1,TSM01H009,MINCOA,1,2029,1140.1458
RE1,TSM01H010,MINCOA,1,2029,1140.1458
RE1,TSM01H011,MINCOA,1,2029,1140.1458
RE1,TSM01H012,MINCOA,1,2029,1140.1458
RE1,TSM02H001,MINCOA,1,2029,918.1394
RE1,TSM02H002,MINCOA,1,2029,1140.1458
RE1,TSM02H003,MINCOA,1,2029,1140.1458
RE1,TSM02H004,MINCOA,1,2029,1140.1458
RE1,TSM02H005,MINCOA,1,2029,1140.1458
RE1,TSM02H006,MINCOA,1,2029,953.9004
RE1,TSM02H007,MINCOA,1,2029,22.5517
RE1,TSM02H008,MINCOA,1,2029,150.0762
RE1,TSM02H009,MINCOA,1,2029,1140.1458
RE1,TSM02H010,MINCOA,1,2029,1140.1458
RE1,TSM02H011,MINCOA,1,2029,1140.1458
RE1,TSM02H012,MINCOA,1,2029,1005.4088
RE1,TSM01H001,MINCOA,1,2030,1140.1458
RE1,TSM01H002,MINCOA,1,2030,1140.1458
RE1,TSM01H003,MINCOA,1,2030,1140.1458
RE1,TSM01H004,MINCOA,1,2030,1140.1458
RE1,TSM01H005,MINCOA,1,2030,1140.1458
RE1,TSM01H006,MINCOA,1,2030,1140.1458
RE1,TSM01H007,MINCOA,1,2030,1121.3877
RE1,TSM01H008,MINCOA,1,2030,1140.1458
RE1,TSM01H009,MINCOA,1,2030,1140.1458
RE1,TSM01H010,MINCOA,1,2030,1140.1458
RE1,TSM01H011,MINCOA,1,2030,1140.1458
RE1,TSM01H012,MINCOA,1,2030,1140.1458
RE1,TSM02H001,MINCOA,1,2030,918.1394
RE1,TSM02H002,MINCOA,1,2030,1107.3554
RE1,TSM02H003,MINCOA,1,2030,1140.1458
RE1,TSM02H004,MINCOA,1,2030,1140.1458
RE1,TSM02H005,MINCOA,1,2030,681.3696
RE1,TSM02H006,MINCOA,1,2030,884.0729
RE1,TSM02H008,MINCOA,1,2030,748.0958
RE1,TSM02H009,MINCOA,1,2030,991.3349
RE1,TSM02H010,MINCOA,1,2030,1140.1458
RE1,TSM02H011,MINCOA,1,2030,1140.1458
RE1,TSM02H012,MINCOA,1,2030,1140.1458
RE1,TSM01H001,PWRCOA,1,2020,58.6811
RE1,TSM01H002,PWRCOA,1,2020,58.6811
RE1,TSM01H003,PWRCOA,1,2020,58.6811
RE1,TSM01H004,PWRCOA,1,2020,58.6811
RE1,TSM01H005,PWRCOA,1,2020,58.6811
RE1,TSM01H006,PWRCOA,1,2020,58.6811
RE1,TSM01H008,PWRCOA,1,2020,58.6811
RE1,TSM01H009,PWRCOA,1,2020,58.6811
RE1,TSM01H010,PWRCOA,1,2020,58.6811
RE1,TSM01H011,PWRCOA,1,2020,58.6811
RE1,TSM01H012,PWRCOA,1,2020,58.6811
RE1,TSM01H001,PWRCOA,1,2021,87.9072
RE1,TSM01H002,PWRCOA,1,2021,87.9072
RE1,TSM01H003,PWRCOA,1,2021,87.9072
RE1,TSM01H004,PWRCOA,1,2021,87.9072
RE1,TSM01H005,PWRCOA,1,2021,87.9072
RE1,TSM01H006,PWRCOA,1,2021,87.9072
RE1,TSM01H007,PWRCOA,1,2021,87.9072
RE1,TSM01H008,PWRCOA,1,2021,87.9072
RE1,TSM01H009,PWRCOA,1,2021,87.9072
RE1,TSM01H010,PWRCOA,1,2021,87.9072
RE1,TSM01H011,PWRCOA,1,2021,87.9072
RE1,TSM01H012,PWRCOA,1,2021,87.9072
RE1,TSM02H001,PWRCOA,1,2021,58.6781
RE1,TSM02H004,PWRCOA,1,2021,87.9072
RE1,TSM02H009,PWRCOA,1,2021,31.1615
RE1,TSM02H011,PWRCOA,1,2021,51.0856
RE1,TSM02H012,PWRCOA,1,2021,71.9784
RE1,TSM01H001,PWRCOA,1,2022,136.5974
RE1,TSM01H002,PWRCOA,1,2022,136.5974
RE1,TSM01H003,PWRCOA,1,2022,136.5974
RE1,TSM01H004,PWRCOA,1,2022,136.5974
RE1,TSM01H005,PWRCOA,1,2022,136.5974
RE1,TSM01H006,PWRCOA,1,2022,136.5974
RE1,TSM01H007,PWRCOA,1,2022,136.5974
RE1,TSM01H008,PWRCOA,1,2022,136.5974
RE1,TSM01H009,PWRCOA,1,2022,136.5974
RE1,TSM01H010,PWRCOA,1,2022,136.5974
RE1,TSM01H011,PWRCOA,1,2022,136.5974
RE1,TSM01H012,PWRCOA,1,2022,136.5974
RE1,TSM02H001,PWRCOA,1,2022,99.9061
RE1,TSM02H002,PWRCOA,1,2022,136.5974
RE1,TSM02H003,PWRCOA,1,2022,136.5974
RE1,TSM02H004,PWRCOA,1,2022,136.5974
RE1,TSM02H010,PWRCOA,1,2022,136.5974
RE1,TSM02H011,PWRCOA,1,2022,136.5974
RE1,TSM02H012,PWRCOA,1,2022,80.1274
RE1,TSM01H001,PWRCOA,1,2023,185.2877
RE1,TSM01H002,PWRCOA,1,2023,185.2877
RE1,TSM01H003,PWRCOA,1,2023,185.2877
RE1,TSM01H004,PWRCOA,1,2023,185.2877
RE1,TSM01H005,PWRCOA,1,2023,185.2877
RE1,TSM01H006,PWRCOA,1,2023,185.2877
RE1,TSM01H007,PWRCOA,1,2023,185.2877
RE1,TSM01H008,PWRCOA,1,2023,185.2877
RE1,TSM01H009,PWRCOA,1,2023,185.2877
RE1,TSM01H010,PWRCOA,1,2023,185.2877
RE1,TSM01H011,PWRCOA,1,2023,185.2877
RE1,TSM01H012,PWRCOA,1,2023,185.2877
RE1,TSM02H001,PWRCOA,1,2023,141.1342
RE1,TSM02H002,PWRCOA,1,2023,185.2877
RE1,TSM02H003,PWRCOA,1,2023,185.2877
RE1,TSM02H004,PWRCOA,1,2023,185.2877
RE1,TSM02H005,PWRCOA,1,2023,31.4961
RE1,TSM02H006,PWRCOA,1,2023,35.5417
RE1,TSM02H009,PWRCOA,1,2023,130.9226
RE1,TSM02H010,PWRCOA,1,2023,185.2877
RE1,TSM02H011,PWRCOA,1,2023,185.2877
RE1,TSM02H012,PWRCOA,1,2023,159.6977
RE1,TSM01H001,PWRCOA,1,2024,233.9779
RE1,TSM01H002,PWRCOA,1,2024,233.9779
RE1,TSM01H003,PWRCOA,1,2024,233.9779
RE1,TSM01H004,PWRCOA,1,2024,233.9779
RE1,TSM01H005,PWRCOA,1,2024,233.9779
RE1,TSM01H006,PWRCOA,1,2024,233.9779
RE1,TSM01H007,PWRCOA,1,2024,233.2808
RE1,TSM01H008,PWRCOA,1,2024,233.9779
RE1,TSM01H009,PWRCOA,1,2024,233.9779
RE1,TSM01H010,PWRCOA,1,2024,233.9779
RE1,TSM01H011,PWRCOA,1,2024,233.9779
RE1,TSM01H012,PWRCOA,1,2024,233.9779
RE1,TSM02H001,PWRCOA,1,2024,182.3623
RE1,TSM02H002,PWRCOA,1,2024,233.9779
RE1,TSM02H003,PWRCOA,1,2024,233.9779
RE1,TSM02H004,PWRCOA,1,2024,233.9779
RE1,TSM02H005,PWRCOA,1,2024,233.9779
RE1,TSM02H009,PWRCOA,1,2024,197.9839
RE1,TSM02H010,PWRCOA,1,2024,233.9779
RE1,TSM02H011,PWRCOA,1,2024,233.9779
RE1,TSM02H012,PWRCOA,1,2024,203.5573
RE1,TSM01H001,PWRCOA,1,2025,282.6681
RE1,TSM01H002,PWRCOA,1,2025,282.6681
RE1,TSM01H003,PWRCOA,1,2025,282.6681
RE1,TSM01H004,PWRCOA,1,2025,282.6681
RE1,TSM01H005,PWRCOA,1,2025,282.6681
RE1,TSM01H006,PWRCOA,1,2025,282.6681
RE1,TSM01H007,PWRCOA,1,2025,280.1192
RE1,TSM01H008,PWRCOA,1,2025,282.6681
RE1,TSM01H009,PWRCOA,1,2025,282.6681
RE1,TSM01H010,PWRCOA,1,2025,282.6681
RE1,TSM01H011,PWRCOA,1,2025,282.6681
RE1,TSM01H012,PWRCOA,1,2025,282.6681
RE1,TSM02H001,PWRCOA,1,2025,282.6681
RE1,TSM02H002,PWRCOA,1,2025,282.6681
RE1,TSM02H003,PWRCOA,1,2025,282.6681
RE1,TSM02H004,PWRCOA,1,2025,282.6681
RE1,TSM02H005,PWRCOA,1,2025,129.3097
RE1,TSM02H007,PWRCOA,1,2025,195.4545
RE1,TSM02H009,PWRCOA,1,2025,282.6681
RE1,TSM02H010,PWRCOA,1,2025,282.6681
RE1,TSM02H011,PWRCOA,1,2025,282.6681
RE1,TSM02H012,PWRCOA,1,2025,247.417
RE1,TSM01H001,PWRCOA,1,2026,331.3584
RE1,TSM01H002,PWRCOA,1,2026,331.3584
RE1,TSM01H003,PWRCOA,1,2026,331.3584
RE1,TSM01H004,PWRCOA,1,2026,331.3584
RE1,TSM01H005,PWRCOA,1,2026,331.3584
RE1,TSM01H006,PWRCOA,1,2026,331.3584
RE1,TSM01H007,PWRCOA,1,2026,326.9575
RE1,TSM01H008,PWRCOA,1,2026,331.3584
RE1,TSM01H009,PWRCOA,1,2026,331.3584
RE1,TSM01H010,PWRCOA,1,2026,331.3584
RE1,TSM01H011,PWRCOA,1,2026,331.3584
RE1,TSM01H012,PWRCOA,1,2026,331.3584
RE1,TSM02H001,PWRCOA,1,2026,264.8184
RE1,TSM02H002,PWRCOA,1,2026,331.3584
RE1,TSM02H003,PWRCOA,1,2026,331.3584
RE1,TSM02H004,PWRCOA,1,2026,331.3584
RE1,TSM02H005,PWRCOA,1,2026,331.3584
RE1,TSM02H007,PWRCOA,1,2026,284.7296
RE1,TSM02H008,PWRCOA,1,2026,4.406
RE1,TSM02H009,PWRCOA,1,2026,280.5644
RE1,TSM02H010,PWRCOA,1,2026,331.3584
RE1,TSM02H011,PWRCOA,1,2026,331.3584
RE1,TSM02H012,PWRCOA,1,2026,291.2766
RE1,TSM01H001,PWRCOA,1,2027,380.0486
RE1,TSM01H002,PWRCOA,1,2027,380.0486
RE1,TSM01H003,PWRCOA,1,2027,380.0486
RE1,TSM01H004,PWRCOA,1,2027,380.0486
RE1,TSM01H005,PWRCOA,1,2027,380.0486
RE1,TSM01H006,PWRCOA,1,2027,380.0486
RE1,TSM01H007,PWRCOA,1,2027,373.7959
RE1,TSM01H008,PWRCOA,1,2027,380.0486
RE1,TSM01H009,PWRCOA,1,2027,380.0486
RE1,TSM01H010,PWRCOA,1,2027,380.0486
RE1,TSM01H011,PWRCOA,1,2027,380.0486
RE1,TSM01H012,PWRCOA,1,2027,380.0486
RE1,TSM02H001,PWRCOA,1,2027,306.0465
RE1,TSM02H002,PWRCOA,1,2027,380.0486
RE1,TSM02H003,PWRCOA,1,2027,380.0486
RE1,TSM02H004,PWRCOA,1,2027,380.0486
RE1,TSM02H005,PWRCOA,1,2027,227.1232
RE1,TSM02H006,PWRCOA,1,2027,160.2194
RE1,TSM02H007,PWRCOA,1,2027,367.7937
RE1,TSM02H008,PWRCOA,1,2027,50.0254
RE1,TSM02H009,PWRCOA,1,2027,330.445
RE1,TSM02H010,PWRCOA,1,2027,380.0486
RE1,TSM02H011,PWRCOA,1,2027,380.0486
RE1,TSM02H012,PWRCOA,1,2027,335.1363
RE1,TSM01H001,PWRCOA,1,2028,380.0486
RE1,TSM01H002,PWRCOA,1,2028,380.0486
RE1,TSM01H003,PWRCOA,1,2028,380.0486
RE1,TSM01H004,PWRCOA,1,2028,380.0486
RE1,TSM01H005,PWRCOA,1,2028,380.0486
RE1,TSM01H006,PWRCOA,1,2028,380.0486
RE1,TSM01H007,PWRCOA,1,2028,373.7959
RE1,TSM01H008,PWRCOA,1,2028,380.0486
RE1,TSM01H009,PWRCOA,1,2028,380.0486
RE1,TSM01H010,PWRCOA,1,2028,380.0486
RE1,TSM01H011,PWRCOA,1,2028,380.0486
RE1,TSM01H012,PWRCOA,1,2028,380.0486
RE1,TSM02H001,PWRCOA,1,2028,306.0465
RE1,TSM02H002,PWRCOA,1,2028,380.0486
RE1,TSM02H003,PWRCOA,1,2028,380.0486
RE1,TSM02H004,PWRCOA,1,2028,380.0486
RE1,TSM02H005,PWRCOA,1,2028,292.8266
RE1,TSM02H007,PWRCOA,1,2028,367.7937
RE1,TSM02H008,PWRCOA,1,2028,50.0254
RE1,TSM02H009,PWRCOA,1,2028,380.0486
RE1,TSM02H010,PWRCOA,1,2028,380.0486
RE1,TSM02H011,PWRCOA,1,2028,380.0486
RE1,TSM02H012,PWRCOA,1,2028,380.0486
RE1,TSM01H001,PWRCOA,1,2029,380.0486
RE1,TSM01H002,PWRCOA,1,2029,380.0486
RE1,TSM01H003,PWRCOA,1,2029,380.0486
RE1,TSM01H004,PWRCOA,1,2029,380.0486
RE1,TSM01H005,PWRCOA,1,2029,380.0486
RE1,TSM01H006,PWRCOA,1,2029,380.0486
RE1,TSM01H007,PWRCOA,1,2029,373.7959
RE1,TSM01H008,PWRCOA,1,2029,380.0486
RE1,TSM01H009,PWRCOA,1,2029,380.0486
RE1,TSM01H010,PWRCOA,1,2029,380.0486
RE1,TSM01H011,PWRCOA,1,2029,380.0486
RE1,TSM01H012,PWRCOA,1,2029,380.0486
RE1,TSM02H001,PWRCOA,1,2029,306.0465
RE1,TSM02H002,PWRCOA,1,2029,380.0486
RE1,TSM02H003,PWRCOA,1,2029,380.0486
RE1,TSM02H004,PWRCOA,1,2029,380.0486
RE1,TSM02H005,PWRCOA,1,2029,380.0486
RE1,TSM02H006,PWRCOA,1,2029,317.9668
RE1,TSM02H007,PWRCOA,1,2029,7.5172
RE1,TSM02H008,PWRCOA,1,2029,50.0254
RE1,TSM02H009,PWRCOA,1,2029,380.0486
RE1,TSM02H010,PWRCOA,1,2029,380.0486
RE1,TSM02H011,PWRCOA,1,2029,380.0486
RE1,TSM02H012,PWRCOA,1,2029,335.1363
RE1,TSM01H001,PWRCOA,1,2030,380.0486
RE1,TSM01H002,PWRCOA,1,2030,380.0486
RE1,TSM01H003,PWRCOA,1,2030,380.0486
RE1,TSM01H004,PWRCOA,1,2030,380.0486
RE1,TSM01H005,PWRCOA,1,2030,380.0486
RE1,TSM01H006,PWRCOA,1,2030,380.0486
RE1,TSM01H007,PWRCOA,1,2030,373.7959
RE1,TSM01H008,PWRCOA,1,2030,380.0486
RE1,TSM01H009,PWRCOA,1,2030,380.0486
RE1,TSM01H010,PWRCOA,1,2030,380.0486
RE1,TSM01H011,PWRCOA,1,2030,380.0486
RE1,TSM01H012,PWRCOA,1,2030,380.0486
RE1,TSM02H001,PWRCOA,1,2030,306.0465
RE1,TSM02H002,PWRCOA,1,2030,369.1185
RE1,TSM02H003,PWRCOA,1,2030,380.0486
RE1,TSM02H004,PWRCOA,1,2030,380.0486
RE1,TSM02H005,PWRCOA,1,2030,227.1232
RE1,TSM02H006,PWRCOA,1,2030,294.691
RE1,TSM02H008,PWRCOA,1,2030,249.3653
RE1,TSM02H009,PWRCOA,1,2030,330.445
RE1,TSM02H010,PWRCOA,1,2030,380.0486
RE1,TSM02H011,PWRCOA,1,2030,380.0486
RE1,TSM02H012,PWRCOA,1,2030,380.0486
RE1,TSM01H001,PWRTRN,1,2020,407.4074
RE1,TSM01H002,PWRTRN,1,2020,407.4074
RE1,TSM01H003,PWRTRN,1,2020,462.963
RE1,TSM01H004,PWRTRN,1,2020,518.5185
RE1,TSM01H005,PWRTRN,1,2020,555.5556
RE1,TSM01H006,PWRTRN,1,2020,555.5556
RE1,TSM01H007,PWRTRN,1,2020,537.037
RE1,TSM01H008,PWRTRN,1,2020,518.5185
RE1,TSM01H009,PWRTRN,1,2020,555.5556
RE1,TSM01H010,PWRTRN,1,2020,592.5926
RE1,TSM01H011,PWRTRN,1,2020,537.037
RE1,TSM01H012,PWRTRN,1,2020,444.4444
RE1,TSM02H001,PWRTRN,1,2020,412.2807
RE1,TSM02H002,PWRTRN,1,2020,412.2807
RE1,TSM02H003,PWRTRN,1,2020,447.3684
RE1,TSM02H004,PWRTRN,1,2020,500.0
RE1,TSM02H005,PWRTRN,1,2020,526.3158
RE1,TSM02H006,PWRTRN,1,2020,526.3158
RE1,TSM02H007,PWRTRN,1,2020,526.3158
RE1,TSM02H008,PWRTRN,1,2020,517.5439
RE1,TSM02H009,PWRTRN,1,2020,526.3158
RE1,TSM02H010,PWRTRN,1,2020,552.6316
RE1,TSM02H011,PWRTRN,1,2020,508.7719
RE1,TSM02H012,PWRTRN,1,2020,438.5965
RE1,TSM01H001,PWRTRN,1,2021,448.1482
RE1,TSM01H002,PWRTRN,1,2021,448.1482
RE1,TSM01H003,PWRTRN,1,2021,509.2593
RE1,TSM01H004,PWRTRN,1,2021,570.3704
RE1,TSM01H005,PWRTRN,1,2021,611.1111
RE1,TSM01H006,PWRTRN,1,2021,611.1111
RE1,TSM01H007,PWRTRN,1,2021,590.7407
RE1,TSM01H008,PWRTRN,1,2021,570.3704
RE1,TSM01H009,PWRTRN,1,2021,611.1111
RE1,TSM01H010,PWRTRN,1,2021,651.8518
RE1,TSM01H011,PWRTRN,1,2021,590.7407
RE1,TSM01H012,PWRTRN,1,2021,488.8889
RE1,TSM02H001,PWRTRN,1,2021,453.5088
RE1,TSM02H002,PWRTRN,1,2021,453.5088
RE1,TSM02H003,PWRTRN,1,2021,492.1053
RE1,TSM02H004,PWRTRN,1,2021,550.0
RE1,TSM02H005,PWRTRN,1,2021,578.9474
RE1,TSM02H006,PWRTRN,1,2021,578.9474
RE1,TSM02H007,PWRTRN,1,2021,578.9474
RE1,TSM02H008,PWRTRN,1,2021,569.2983
RE1,TSM02H009,PWRTRN,1,2021,578.9474
RE1,TSM02H010,PWRTRN,1,2021,607.8947
RE1,TSM02H011,PWRTRN,1,2021,559.6491
RE1,TSM02H012,PWRTRN,1,2021,482.4561
RE1,TSM01H001,PWRTRN,1,2022,488.8889
RE1,TSM01H002,PWRTRN,1,2022,488.8889
RE1,TSM01H003,PWRTRN,1,2022,555.5556
RE1,TSM01H004,PWRTRN,1,2022,622.2222
RE1,TSM01H005,PWRTRN,1,2022,666.6667
RE1,TSM01H006,PWRTRN,1,2022,666.6667
RE1,TSM01H007,PWRTRN,1,2022,644.4444
RE1,TSM01H008,PWRTRN,1,2022,622.2222
RE1,TSM01H009,PWRTRN,1,2022,666.6667
RE1,TSM01H010,PWRTRN,1,2022,711.1111
RE1,TSM01H011,PWRTRN,1,2022,644.4444
RE1,TSM01H012,PWRTRN,1,2022,533.3333
RE1,TSM02H001,PWRTRN,1,2022,494.7368
RE1,TSM02H002,PWRTRN,1,2022,494.7368
RE1,TSM02H003,PWRTRN,1,2022,536.8421
RE1,TSM02H004,PWRTRN,1,2022,600.0
RE1,TSM02H005,PWRTRN,1,2022,631.579
RE1,TSM02H006,PWRTRN,1,2022,631.579
RE1,TSM02H007,PWRTRN,1,2022,631.579
RE1,TSM02H008,PWRTRN,1,2022,621.0526
RE1,TSM02H009,PWRTRN,1,2022,631.579
RE1,TSM02H010,PWRTRN,1,2022,663.1579
RE1,TSM02H011,PWRTRN,1,2022,610.5263
RE1,TSM02H012,PWRTRN,1,2022,526.3158
RE1,TSM01H001,PWRTRN,1,2023,529.6296
RE1,TSM01H002,PWRTRN,1,2023,529.6296
RE1,TSM01H003,PWRTRN,1,2023,601.8518
RE1,TSM01H004,PWRTRN,1,2023,674.0741
RE1,TSM01H005,PWRTRN,1,2023,722.2222
RE1,TSM01H006,PWRTRN,1,2023,722.2222
RE1,TSM01H007,PWRTRN,1,2023,698.1482
RE1,TSM01H008,PWRTRN,1,2023,674.0741
RE1,TSM01H009,PWRTRN,1,2023,722.2222
RE1,TSM01H010,PWRTRN,1,2023,770.3704
RE1,TSM01H011,PWRTRN,1,2023,698.1482
RE1,TSM01H012,PWRTRN,1,2023,577.7778
RE1,TSM02H001,PWRTRN,1,2023,535.9649
RE1,TSM02H002,PWRTRN,1,2023,535.9649
RE1,TSM02H003,PWRTRN,1,2023,581.579
RE1,TSM02H004,PWRTRN,1,2023,650.0
RE1,TSM02H005,PWRTRN,1,2023,684.2105
RE1,TSM02H006,PWRTRN,1,2023,684.2105
RE1,TSM02H007,PWRTRN,1,2023,684.2105
RE1,TSM02H008,PWRTRN,1,2023,672.807
RE1,TSM02H009,PWRTRN,1,2023,684.2105
RE1,TSM02H010,PWRTRN,1,2023,718.421
RE1,TSM02H011,PWRTRN,1,2023,661.4035
RE1,TSM02H012,PWRTRN,1,2023,570.1754
RE1,TSM01H001,PWRTRN,1,2024,570.3704
RE1,TSM01H002,PWRTRN,1,2024,570.3704
RE1,TSM01H003,PWRTRN,1,2024,648.1482
RE1,TSM01H004,PWRTRN,1,2024,725.9259
RE1,TSM01H005,PWRTRN,1,2024,777.7778
RE1,TSM01H006,PWRTRN,1,2024,777.7778
RE1,TSM01H007,PWRTRN,1,2024,751.8518
RE1,TSM01H008,PWRTRN,1,2024,725.9259
RE1,TSM01H009,PWRTRN,1,2024,777.7778
RE1,TSM01H010,PWRTRN,1,2024,829.6296
RE1,TSM01H011,PWRTRN,1,2024,751.8518
RE1,TSM01H012,PWRTRN,1,2024,622.2222
RE1,TSM02H001,PWRTRN,1,2024,577.193
RE1,TSM02H002,PWRTRN,1,2024,577.193
RE1,TSM02H003,PWRTRN,1,2024,626.3158
RE1,TSM02H004,PWRTRN,1,2024,700.0
RE1,TSM02H005,PWRTRN,1,2024,736.8421
RE1,TSM02H006,PWRTRN,1,2024,736.8421
RE1,TSM02H007,PWRTRN,1,2024,736.8421
RE1,TSM02H008,PWRTRN,1,2024,724.5614
RE1,TSM02H009,PWRTRN,1,2024,736.8421
RE1,TSM02H010,PWRTRN,1,2024,773.6842
RE1,TSM02H011,PWRTRN,1,2024,712.2807
RE1,TSM02H012,PWRTRN,1,2024,614.0351
RE1,TSM01H001,PWRTRN,1,2025,611.1111
RE1,TSM01H002,PWRTRN,1,2025,611.1111
RE1,TSM01H003,PWRTRN,1,2025,694.4444
RE1,TSM01H004,PWRTRN,1,2025,777.7778
RE1,TSM01H005,PWRTRN,1,2025,833.3333
RE1,TSM01H006,PWRTRN,1,2025,833.3333
RE1,TSM01H007,PWRTRN,1,2025,805.5556
RE1,TSM01H008,PWRTRN,1,2025,777.7778
RE1,TSM01H009,PWRTRN,1,2025,833.3333
RE1,TSM01H010,PWRTRN,1,2025,888.8889
RE1,TSM01H011,PWRTRN,1,2025,805.5556
RE1,TSM01H012,PWRTRN,1,2025,666.6667
RE1,TSM02H001,PWRTRN,1,2025,618.421
RE1,TSM02H002,PWRTRN,1,2025,618.421
RE1,TSM02H003,PWRTRN,1,2025,671.0526
RE1,TSM02H004,PWRTRN,1,2025,750.0
RE1,TSM02H005,PWRTRN,1,2025,789.4737
RE1,TSM02H006,PWRTRN,1,2025,789.4737
RE1,TSM02H007,PWRTRN,1,2025,789.4737
RE1,TSM02H008,PWRTRN,1,2025,776.3158
RE1,TSM02H009,PWRTRN,1,2025,789.4737
RE1,TSM02H010,PWRTRN,1,2025,828.9474
RE1,TSM02H011,PWRTRN,1,2025,763.1579
RE1,TSM02H012,PWRTRN,1,2025,657.8947
RE1,TSM01H001,PWRTRN,1,2026,651.8518
RE1,TSM01H002,PWRTRN,1,2026,651.8518
RE1,TSM01H003,PWRTRN,1,2026,740.7407
RE1,TSM01H004,PWRTRN,1,2026,829.6296
RE1,TSM01H005,PWRTRN,1,2026,888.8889
RE1,TSM01H006,PWRTRN,1,2026,888.8889
RE1,TSM01H007,PWRTRN,1,2026,859.2593
RE1,TSM01H008,PWRTRN,1,2026,829.6296
RE1,TSM01H009,PWRTRN,1,2026,888.8889
RE1,TSM01H010,PWRTRN,1,2026,948.1482
RE1,TSM01H011,PWRTRN,1,2026,859.2593
RE1,TSM01H012,PWRTRN,1,2026,711.1111
RE1,TSM02H001,PWRTRN,1,2026,659.6491
RE1,TSM02H002,PWRTRN,1,2026,659.6491
RE1,TSM02H003,PWRTRN,1,2026,715.7895
RE1,TSM02H004,PWRTRN,1,2026,800.0
RE1,TSM02H005,PWRTRN,1,2026,842.1053
RE1,TSM02H006,PWRTRN,1,2026,842.1053
RE1,TSM02H007,PWRTRN,1,2026,842.1053
RE1,TSM02H008,PWRTRN,1,2026,828.0702
RE1,TSM02H009,PWRTRN,1,2026,842.1053
RE1,TSM02H010,PWRTRN,1,2026,884.2105
RE1,TSM02H011,PWRTRN,1,2026,814.0351
RE1,TSM02H012,PWRTRN,1,2026,701.7544
RE1,TSM01H001,PWRTRN,1,2027,692.5926
RE1,TSM01H002,PWRTRN,1,2027,692.5926
RE1,TSM01H003,PWRTRN,1,2027,787.037
RE1,TSM01H004,PWRTRN,1,2027,881.4815
RE1,TSM01H005,PWRTRN,1,2027,944.4444
RE1,TSM01H006,PWRTRN,1,2027,944.4444
RE1,TSM01H007,PWRTRN,1,2027,912.963
RE1,TSM01H008,PWRTRN,1,2027,881.4815
RE1,TSM01H009,PWRTRN,1,2027,944.4444
RE1,TSM01H010,PWRTRN,1,2027,1007.4074
RE1,TSM01H011,PWRTRN,1,2027,912.963
RE1,TSM01H012,PWRTRN,1,2027,755.5556
RE1,TSM02H001,PWRTRN,1,2027,700.8772
RE1,TSM02H002,PWRTRN,1,2027,700.8772
RE1,TSM02H003,PWRTRN,1,2027,760.5263
RE1,TSM02H004,PWRTRN,1,2027,850.0
RE1,TSM02H005,PWRTRN,1,2027,894.7368
RE1,TSM02H006,PWRTRN,1,2027,894.7368
RE1,TSM02H007,PWRTRN,1,2027,894.7368
RE1,TSM02H008,PWRTRN,1,2027,879.8246
RE1,TSM02H009,PWRTRN,1,2027,894.7368
RE1,TSM02H010,PWRTRN,1,2027,939.4737
RE1,TSM02H011,PWRTRN,1,2027,864.9123
RE1,TSM02H012,PWRTRN,1,2027,745.614
RE1,TSM01H001,PWRTRN,1,2028,692.5926
RE1,TSM01H002,PWRTRN,1,2028,692.5926
RE1,TSM01H003,PWRTRN,1,2028,787.037
RE1,TSM01H004,PWRTRN,1,2028,881.4815
RE1,TSM01H005,PWRTRN,1,2028,944.4444
RE1,TSM01H006,PWRTRN,1,2028,944.4444
RE1,TSM01H007,PWRTRN,1,2028,912.963
RE1,TSM01H008,PWRTRN,1,2028,881.4815
RE1,TSM01H009,PWRTRN,1,2028,944.4444
RE1,TSM01H010,PWRTRN,1,2028,1007.4074
RE1,TSM01H011,PWRTRN,1,2028,912.963
RE1,TSM01H012,PWRTRN,1,2028,755.5556
RE1,TSM02H001,PWRTRN,1,2028,700.8772
RE1,TSM02H002,PWRTRN,1,2028,700.8772
RE1,TSM02H003,PWRTRN,1,2028,760.5263
RE1,TSM02H004,PWRTRN,1,2028,850.0
RE1,TSM02H005,PWRTRN,1,2028,894.7368
RE1,TSM02H006,PWRTRN,1,2028,894.7368
RE1,TSM02H007,PWRTRN,1,2028,894.7368
RE1,TSM02H008,PWRTRN,1,2028,879.8246
RE1,TSM02H009,PWRTRN,1,2028,894.7368
RE1,TSM02H010,PWRTRN,1,2028,939.4737
RE1,TSM02H011,PWRTRN,1,2028,864.9123
RE1,TSM02H012,PWRTRN,1,2028,745.614
RE1,TSM01H001,PWRTRN,1,2029,692.5926
RE1,TSM01H002,PWRTRN,1,2029,692.5926
RE1,TSM01H003,PWRTRN,1,2029,787.037
RE1,TSM01H004,PWRTRN,1,2029,881.4815
RE1,TSM01H005,PWRTRN,1,2029,944.4444
RE1,TSM01H006,PWRTRN,1,2029,944.4444
RE1,TSM01H007,PWRTRN,1,2029,912.963
RE1,TSM01H008,PWRTRN,1,2029,881.4815
RE1,TSM01H009,PWRTRN,1,2029,944.4444
RE1,TSM01H010,PWRTRN,1,2029,1007.4074
RE1,TSM01H011,PWRTRN,1,2029,912.963
RE1,TSM01H012,PWRTRN,1,2029,755.5556
RE1,TSM02H001,PWRTRN,1,2029,700.8772
RE1,TSM02H002,PWRTRN,1,2029,700.8772
RE1,TSM02H003,PWRTRN,1,2029,760.5263
RE1,TSM02H004,PWRTRN,1,2029,850.0
RE1,TSM02H005,PWRTRN,1,2029,894.7368
RE1,TSM02H006,PWRTRN,1,2029,894.7368
RE1,TSM02H007,PWRTRN,1,2029,894.7368
RE1,TSM02H008,PWRTRN,1,2029,879.8246
RE1,TSM02H009,PWRTRN,1,2029,894.7368
RE1,TSM02H010,PWRTRN,1,2029,939.4737
RE1,TSM02H011,PWRTRN,1,2029,864.9123
RE1,TSM02H012,PWRTRN,1,2029,745.614
RE1,TSM01H001,PWRTRN,1,2030,692.5926
RE1,TSM01H002,PWRTRN,1,2030,692.5926
RE1,TSM01H003,PWRTRN,1,2030,787.037
RE1,TSM01H004,PWRTRN,1,2030,881.4815
RE1,TSM01H005,PWRTRN,1,2030,944.4444
RE1,TSM01H006,PWRTRN,1,2030,944.4444
RE1,TSM01H007,PWRTRN,1,2030,912.963
RE1,TSM01H008,PWRTRN,1,2030,881.4815
RE1,TSM01H009,PWRTRN,1,2030,944.4444
RE1,TSM01H010,PWRTRN,1,2030,1007.4074
RE1,TSM01H011,PWRTRN,1,2030,912.963
RE1,TSM01H012,PWRTRN,1,2030,755.5556
RE1,TSM02H001,PWRTRN,1,2030,700.8772
RE1,TSM02H002,PWRTRN,1,2030,700.8772
RE1,TSM02H003,PWRTRN,1,2030,760.5263
RE1,TSM02H004,PWRTRN,1,2030,850.0
RE1,TSM02H005,PWRTRN,1,2030,894.7368
RE1,TSM02H006,PWRTRN,1,2030,894.7368
RE1,TSM02H007,PWRTRN,1,2030,894.7368
RE1,TSM02H008,PWRTRN,1,2030,879.8246
RE1,TSM02H009,PWRTRN,1,2030,894.7368
RE1,TSM02H010,PWRTRN,1,2030,939.4737
RE1,TSM02H011,PWRTRN,1,2030,864.9123
RE1,TSM02H012,PWRTRN,1,2030,745.614
RE1,TSM01H001,PWRDIST,1,2020,407.4074
RE1,TSM01H002,PWRDIST,1,2020,407.4074
RE1,TSM01H003,PWRDIST,1,2020,462.963
RE1,TSM01H004,PWRDIST,1,2020,518.5185
RE1,TSM01H005,PWRDIST,1,2020,555.5556
RE1,TSM01H006,PWRDIST,1,2020,555.5556
RE1,TSM01H007,PWRDIST,1,2020,537.037
RE1,TSM01H008,PWRDIST,1,2020,518.5185
RE1,TSM01H009,PWRDIST,1,2020,555.5556
RE1,TSM01H010,PWRDIST,1,2020,592.5926
RE1,TSM01H011,PWRDIST,1,2020,537.037
RE1,TSM01H012,PWRDIST,1,2020,444.4444
RE1,TSM02H001,PWRDIST,1,2020,412.2807
RE1,TSM02H002,PWRDIST,1,2020,412.2807
RE1,TSM02H003,PWRDIST,1,2020,447.3684
RE1,TSM02H004,PWRDIST,1,2020,500.0
RE1,TSM02H005,PWRDIST,1,2020,526.3158
RE1,TSM02H006,PWRDIST,1,2020,526.3158
RE1,TSM02H007,PWRDIST,1,2020,526.3158
RE1,TSM02H008,PWRDIST,1,2020,517.5439
RE1,TSM02H009,PWRDIST,1,2020,526.3158
RE1,TSM02H010,PWRDIST,1,2020,552.6316
RE1,TSM02H011,PWRDIST,1,2020,508.7719
RE1,TSM02H012,PWRDIST,1,2020,438.5965
RE1,TSM01H001,PWRDIST,1,2021,448.1482
RE1,TSM01H002,PWRDIST,1,2021,448.1482
RE1,TSM01H003,PWRDIST,1,2021,509.2593
RE1,TSM01H004,PWRDIST,1,2021,570.3704
RE1,TSM01H005,PWRDIST,1,2021,611.1111
RE1,TSM01H006,PWRDIST,1,2021,611.1111
RE1,TSM01H007,PWRDIST,1,2021,590.7407
RE1,TSM01H008,PWRDIST,1,2021,570.3704
RE1,TSM01H009,PWRDIST,1,2021,611.1111
RE1,TSM01H010,PWRDIST,1,2021,651.8518
RE1,TSM01H011,PWRDIST,1,2021,590.7407
RE1,TSM01H012,PWRDIST,1,2021,488.8889
RE1,TSM02H001,PWRDIST,1,2021,453.5088
RE1,TSM02H002,PWRDIST,1,2021,453.5088
RE1,TSM02H003,PWRDIST,1,2021,492.1053
RE1,TSM02H004,PWRDIST,1,2021,550.0
RE1,TSM02H005,PWRDIST,1,2021,578.9474
RE1,TSM02H006,PWRDIST,1,2021,578.9474
RE1,TSM02H007,PWRDIST,1,2021,578.9474
RE1,TSM02H008,PWRDIST,1,2021,569.2983
RE1,TSM02H009,PWRDIST,1,2021,578.9474
RE1,TSM02H010,PWRDIST,1,2021,607.8947
RE1,TSM02H011,PWRDIST,1,2021,559.6491
RE1,TSM02H012,PWRDIST,1,2021,482.4561
RE1,TSM01H001,PWRDIST,1,2022,488.8889
RE1,TSM01H002,PWRDIST,1,2022,488.8889
RE1,TSM01H003,PWRDIST,1,2022,555.5556
RE1,TSM01H004,PWRDIST,1,2022,622.2222
RE1,TSM01H005,PWRDIST,1,2022,666.6667
RE1,TSM01H006,PWRDIST,1,2022,666.6667
RE1,TSM01H007,PWRDIST,1,2022,644.4444
RE1,TSM01H008,PWRDIST,1,2022,622.2222
RE1,TSM01H009,PWRDIST,1,2022,666.6667
RE1,TSM01H010,PWRDIST,1,2022,711.1111
RE1,TSM01H011,PWRDIST,1,2022,644.4444
RE1,TSM01H012,PWRDIST,1,2022,533.3333
RE1,TSM02H001,PWRDIST,1,2022,494.7368
RE1,TSM02H002,PWRDIST,1,2022,494.7368
RE1,TSM02H003,PWRDIST,1,2022,536.8421
RE1,TSM02H004,PWRDIST,1,2022,600.0
RE1,TSM02H005,PWRDIST,1,2022,631.579
RE1,TSM02H006,PWRDIST,1,2022,631.579
RE1,TSM02H007,PWRDIST,1,2022,631.579
RE1,TSM02H008,PWRDIST,1,2022,621.0526
RE1,TSM02H009,PWRDIST,1,2022,631.579
RE1,TSM02H010,PWRDIST,1,2022,663.1579
RE1,TSM02H011,PWRDIST,1,2022,610.5263
RE1,TSM02H012,PWRDIST,1,2022,526.3158
RE1,TSM01H001,PWRDIST,1,2023,529.6296
RE1,TSM01H002,PWRDIST,1,2023,529.6296
RE1,TSM01H003,PWRDIST,1,2023,601.8518
RE1,TSM01H004,PWRDIST,1,2023,674.0741
RE1,TSM01H005,PWRDIST,1,2023,722.2222
RE1,TSM01H006,PWRDIST,1,2023,722.2222
RE1,TSM01H007,PWRDIST,1,2023,698.1482
RE1,TSM01H008,PWRDIST,1,2023,674.0741
RE1,TSM01H009,PWRDIST,1,2023,722.2222
RE1,TSM01H010,PWRDIST,1,2023,770.3704
RE1,TSM01H011,PWRDIST,1,2023,698.1482
RE1,TSM01H012,PWRDIST,1,2023,577.7778
RE1,TSM02H001,PWRDIST,1,2023,535.9649
RE1,TSM02H002,PWRDIST,1,2023,535.9649
RE1,TSM02H003,PWRDIST,1,2023,581.579
RE1,TSM02H004,PWRDIST,1,2023,650.0
RE1,TSM02H005,PWRDIST,1,2023,684.2105
RE1,TSM02H006,PWRDIST,1,2023,684.2105
RE1,TSM02H007,PWRDIST,1,2023,684.2105
RE1,TSM02H008,PWRDIST,1,2023,672.807
RE1,TSM02H009,PWRDIST,1,2023,684.2105
RE1,TSM02H010,PWRDIST,1,2023,718.421
RE1,TSM02H011,PWRDIST,1,2023,661.4035
RE1,TSM02H012,PWRDIST,1,2023,570.1754
RE1,TSM01H001,PWRDIST,1,2024,570.3704
RE1,TSM01H002,PWRDIST,1,2024,570.3704
RE1,TSM01H003,PWRDIST,1,2024,648.1482
RE1,TSM01H004,PWRDIST,1,2024,725.9259
RE1,TSM01H005,PWRDIST,1,2024,777.7778
RE1,TSM01H006,PWRDIST,1,2024,777.7778
RE1,TSM01H007,PWRDIST,1,2024,751.8518
RE1,TSM01H008,PWRDIST,1,2024,725.9259
RE1,TSM01H009,PWRDIST,1,2024,777.7778
RE1,TSM01H010,PWRDIST,1,2024,829.6296
RE1,TSM01H011,PWRDIST,1,2024,751.8518
RE1,TSM01H012,PWRDIST,1,2024,622.2222
RE1,TSM02H001,PWRDIST,1,2024,577.193
RE1,TSM02H002,PWRDIST,1,2024,577.193
RE1,TSM02H003,PWRDIST,1,2024,626.3158
RE1,TSM02H004,PWRDIST,1,2024,700.0
RE1,TSM02H005,PWRDIST,1,2024,736.8421
RE1,TSM02H006,PWRDIST,1,2024,736.8421
RE1,TSM02H007,PWRDIST,1,2024,736.8421
RE1,TSM02H008,PWRDIST,1,2024,724.5614
RE1,TSM02H009,PWRDIST,1,2024,736.8421
RE1,TSM02H010,PWRDIST,1,2024,773.6842
RE1,TSM02H011,PWRDIST,1,2024,712.2807
RE1,TSM02H012,PWRDIST,1,2024,614.0351
RE1,TSM01H001,PWRDIST,1,2025,611.1111
RE1,TSM01H002,PWRDIST,1,2025,611.1111
RE1,TSM01H003,PWRDIST,1,2025,694.4444
RE1,TSM01H004,PWRDIST,1,2025,777.7778
RE1,TSM01H005,PWRDIST,1,2025,833.3333
RE1,TSM01H006,PWRDIST,1,2025,833.3333
RE1,TSM01H007,PWRDIST,1,2025,805.5556
RE1,TSM01H008,PWRDIST,1,2025,777.7778
RE1,TSM01H009,PWRDIST,1,2025,833.3333
RE1,TSM01H010,PWRDIST,1,2025,888.8889
RE1,TSM01H011,PWRDIST,1,2025,805.5556
RE1,TSM01H012,PWRDIST,1,2025,666.6667
RE1,TSM02H001,PWRDIST,1,2025,618.421
RE1,TSM02H002,PWRDIST,1,2025,618.421
RE1,TSM02H003,PWRDIST,1,2025,671.0526
RE1,TSM02H004,PWRDIST,1,2025,750.0
RE1,TSM02H005,PWRDIST,1,2025,789.4737
RE1,TSM02H006,PWRDIST,1,2025,789.4737
RE1,TSM02H007,PWRDIST,1,2025,789.4737
RE1,TSM02H008,PWRDIST,1,2025,776.3158
RE1,TSM02H009,PWRDIST,1,2025,789.4737
RE1,TSM02H010,PWRDIST,1,2025,828.9474
RE1,TSM02H011,PWRDIST,1,2025,763.1579
RE1,TSM02H012,PWRDIST,1,2025,657.8947
RE1,TSM01H001,PWRDIST,1,2026,651.8518
RE1,TSM01H002,PWRDIST,1,2026,651.8518
RE1,TSM01H003,PWRDIST,1,2026,740.7407
RE1,TSM01H004,PWRDIST,1,2026,829.6296
RE1,TSM01H005,PWRDIST,1,2026,888.8889
RE1,TSM01H006,PWRDIST,1,2026,888.8889
RE1,TSM01H007,PWRDIST,1,2026,859.2593
RE1,TSM01H008,PWRDIST,1,2026,829.6296
RE1,TSM01H009,PWRDIST,1,2026,888.8889
RE1,TSM01H010,PWRDIST,1,2026,948.1482
RE1,TSM01H011,PWRDIST,1,2026,859.2593
RE1,TSM01H012,PWRDIST,1,2026,711.1111
RE1,TSM02H001,PWRDIST,1,2026,659.6491
RE1,TSM02H002,PWRDIST,1,2026,659.6491
RE1,TSM02H003,PWRDIST,1,2026,715.7895
RE1,TSM02H004,PWRDIST,1,2026,800.0
RE1,TSM02H005,PWRDIST,1,2026,842.1053
RE1,TSM02H006,PWRDIST,1,2026,842.1053
RE1,TSM02H007,PWRDIST,1,2026,842.1053
RE1,TSM02H008,PWRDIST,1,2026,828.0702
RE1,TSM02H009,PWRDIST,1,2026,842.1053
RE1,TSM02H010,PWRDIST,1,2026,884.2105
RE1,TSM02H011,PWRDIST,1,2026,814.0351
RE1,TSM02H012,PWRDIST,1,2026,701.7544
RE1,TSM01H001,PWRDIST,1,2027,692.5926
RE1,TSM01H002,PWRDIST,1,2027,692.5926
RE1,TSM01H003,PWRDIST,1,2027,787.037
RE1,TSM01H004,PWRDIST,1,2027,881.4815
RE1,TSM01H005,PWRDIST,1,2027,944.4444
RE1,TSM01H006,PWRDIST,1,2027,944.4444
RE1,TSM01H007,PWRDIST,1,2027,912.963
RE1,TSM01H008,PWRDIST,1,2027,881.4815
RE1,TSM01H009,PWRDIST,1,2027,944.4444
RE1,TSM01H010,PWRDIST,1,2027,1007.4074
RE1,TSM01H011,PWRDIST,1,2027,912.963
RE1,TSM01H012,PWRDIST,1,2027,755.5556
RE1,TSM02H001,PWRDIST,1,2027,700.8772
RE1,TSM02H002,PWRDIST,1,2027,700.8772
RE1,TSM02H003,PWRDIST,1,2027,760.5263
RE1,TSM02H004,PWRDIST,1,2027,850.0
RE1,TSM02H005,PWRDIST,1,2027,894.7368
RE1,TSM02H006,PWRDIST,1,2027,894.7368
RE1,TSM02H007,PWRDIST,1,2027,894.7368
RE1,TSM02H008,PWRDIST,1,2027,879.8246
RE1,TSM02H009,PWRDIST,1,2027,894.7368
RE1,TSM02H010,PWRDIST,1,2027,939.4737
RE1,TSM02H011,PWRDIST,1,2027,864.9123
RE1,TSM02H012,PWRDIST,1,2027,745.614
RE1,TSM01H001,PWRDIST,1,2028,692.5926
RE1,TSM01H002,PWRDIST,1,2028,692.5926
RE1,TSM01H003,PWRDIST,1,2028,787.037
RE1,TSM01H004,PWRDIST,1,2028,881.4815
RE1,TSM01H005,PWRDIST,1,2028,944.4444
RE1,TSM01H006,PWRDIST,1,2028,944.4444
RE1,TSM01H007,PWRDIST,1,2028,912.963
RE1,TSM01H008,PWRDIST,1,2028,881.4815
RE1,TSM01H009,PWRDIST,1,2028,944.4444
RE1,TSM01H010,PWRDIST,1,2028,1007.4074
RE1,TSM01H011,PWRDIST,1,2028,912.963
RE1,TSM01H012,PWRDIST,1,2028,755.5556
RE1,TSM02H001,PWRDIST,1,2028,700.8772
RE1,TSM02H002,PWRDIST,1,2028,700.8772
RE1,TSM02H003,PWRDIST,1,2028,760.5263
RE1,TSM02H004,PWRDIST,1,2028,850.0
RE1,TSM02H005,PWRDIST,1,2028,894.7368
RE1,TSM02H006,PWRDIST,1,2028,894.7368
RE1,TSM02H007,PWRDIST,1,2028,894.7368
RE1,TSM02H008,PWRDIST,1,2028,879.8246
RE1,TSM02H009,PWRDIST,1,2028,894.7368
RE1,TSM02H010,PWRDIST,1,2028,939.4737
RE1,TSM02H011,PWRDIST,1,2028,864.9123
RE1,TSM02H012,PWRDIST,1,2028,745.614
RE1,TSM01H001,PWRDIST,1,2029,692.5926
RE1,TSM01H002,PWRDIST,1,2029,692.5926
RE1,TSM01H003,PWRDIST,1,2029,787.037
RE1,TSM01H004,PWRDIST,1,2029,881.4815
RE1,TSM01H005,PWRDIST,1,2029,944.4444
RE1,TSM01H006,PWRDIST,1,2029,944.4444
RE1,TSM01H007,PWRDIST,1,2029,912.963
RE1,TSM01H008,PWRDIST,1,2029,881.4815
RE1,TSM01H009,PWRDIST,1,2029,944.4444
RE1,TSM01H010,PWRDIST,1,2029,1007.4074
RE1,TSM01H011,PWRDIST,1,2029,912.963
RE1,TSM01H012,PWRDIST,1,2029,755.5556
RE1,TSM02H001,PWRDIST,1,2029,700.8772
RE1,TSM02H002,PWRDIST,1,2029,700.8772
RE1,TSM02H003,PWRDIST,1,2029,760.5263
RE1,TSM02H004,PWRDIST,1,2029,850.0
RE1,TSM02H005,PWRDIST,1,2029,894.7368
RE1,TSM02H006,PWRDIST,1,2029,894.7368
RE1,TSM02H007,PWRDIST,1,2029,894.7368
RE1,TSM02H008,PWRDIST,1,2029,879.8246
RE1,TSM02H009,PWRDIST,1,2029,894.7368
RE1,TSM02H010,PWRDIST,1,2029,939.4737
RE1,TSM02H011,PWRDIST,1,2029,864.9123
RE1,TSM02H012,PWRDIST,1,2029,745.614
RE1,TSM01H001,PWRDIST,1,2030,692.5926
RE1,TSM01H002,PWRDIST,1,2030,692.5926
RE1,TSM01H003,PWRDIST,1,2030,787.037
RE1,TSM01H004,PWRDIST,1,2030,881.4815
RE1,TSM01H005,PWRDIST,1,2030,944.4444
RE1,TSM01H006,PWRDIST,1,2030,944.4444
RE1,TSM01H007,PWRDIST,1,2030,912.963
RE1,TSM01H008,PWRDIST,1,2030,881.4815
RE1,TSM01H009,PWRDIST,1,2030,944.4444
RE1,TSM01H010,PWRDIST,1,2030,1007.4074
RE1,TSM01H011,PWRDIST,1,2030,912.963
RE1,TSM01H012,PWRDIST,1,2030,755.5556
RE1,TSM02H001,PWRDIST,1,2030,700.8772
RE1,TSM02H002,PWRDIST,1,2030,700.8772
RE1,TSM02H003,PWRDIST,1,2030,760.5263
RE1,TSM02H004,PWRDIST,1,2030,850.0
RE1,TSM02H005,PWRDIST,1,2030,894.7368
RE1,TSM02H006,PWRDIST,1,2030,894.7368
RE1,TSM02H007,PWRDIST,1,2030,894.7368
RE1,TSM02H008,PWRDIST,1,2030,879.8246
RE1,TSM02H009,PWRDIST,1,2030,894.7368
RE1,TSM02H010,PWRDIST,1,2030,939.4737
RE1,TSM02H011,PWRDIST,1,2030,864.9123
RE1,TSM02H012,PWRDIST,1,2030,745.614
RE1,TSM01H001,PWRDEM,1,2020,407.4074
RE1,TSM01H002,PWRDEM,1,2020,407.4074
RE1,TSM01H003,PWRDEM,1,2020,462.963
RE1,TSM01H004,PWRDEM,1,2020,518.5185
RE1,TSM01H005,PWRDEM,1,2020,555.5556
RE1,TSM01H006,PWRDEM,1,2020,555.5556
RE1,TSM01H007,PWRDEM,1,2020,537.037
RE1,TSM01H008,PWRDEM,1,2020,518.5185
RE1,TSM01H009,PWRDEM,1,2020,555.5556
RE1,TSM01H010,PWRDEM,1,2020,592.5926
RE1,TSM01H011,PWRDEM,1,2020,537.037
RE1,TSM01H012,PWRDEM,1,2020,444.4444
RE1,TSM02H001,PWRDEM,1,2020,412.2807
RE1,TSM02H002,PWRDEM,1,2020,412.2807
RE1,TSM02H003,PWRDEM,1,2020,447.3684
RE1,TSM02H004,PWRDEM,1,2020,500.0
RE1,TSM02H005,PWRDEM,1,2020,526.3158
RE1,TSM02H006,PWRDEM,1,2020,526.3158
RE1,TSM02H007,PWRDEM,1,2020,526.3158
RE1,TSM02H008,PWRDEM,1,2020,517.5439
RE1,TSM02H009,PWRDEM,1,2020,526.3158
RE1,TSM02H010,PWRDEM,1,2020,552.6316
RE1,TSM02H011,PWRDEM,1,2020,508.7719
RE1,TSM02H012,PWRDEM,1,2020,438.5965
RE1,TSM01H001,PWRDEM,1,2021,448.1482
RE1,TSM01H002,PWRDEM,1,2021,448.1482
RE1,TSM01H003,PWRDEM,1,2021,509.2593
RE1,TSM01H004,PWRDEM,1,2021,570.3704
RE1,TSM01H005,PWRDEM,1,2021,611.1111
RE1,TSM01H006,PWRDEM,1,2021,611.1111
RE1,TSM01H007,PWRDEM,1,2021,590.7407
RE1,TSM01H008,PWRDEM,1,2021,570.3704
RE1,TSM01H009,PWRDEM,1,2021,611.1111
RE1,TSM01H010,PWRDEM,1,2021,651.8518
RE1,TSM01H011,PWRDEM,1,2021,590.7407
RE1,TSM01H012,PWRDEM,1,2021,488.8889
RE1,TSM02H001,PWRDEM,1,2021,453.5088
RE1,TSM02H002,PWRDEM,1,2021,453.5088
RE1,TSM02H003,PWRDEM,1,2021,492.1053
RE1,TSM02H004,PWRDEM,1,2021,550.0
RE1,TSM02H005,PWRDEM,1,2021,578.9474
RE1,TSM02H006,PWRDEM,1,2021,578.9474
RE1,TSM02H007,PWRDEM,1,2021,578.9474
RE1,TSM02H008,PWRDEM,1,2021,569.2983
RE1,TSM02H009,PWRDEM,1,2021,578.9474
RE1,TSM02H010,PWRDEM,1,2021,607.8947
RE1,TSM02H011,PWRDEM,1,2021,559.6491
RE1,TSM02H012,PWRDEM,1,2021,482.4561
RE1,TSM01H001,PWRDEM,1,2022,488.8889
RE1,TSM01H002,PWRDEM,1,2022,488.8889
RE1,TSM01H003,PWRDEM,1,2022,555.5556
RE1,TSM01H004,PWRDEM,1,2022,622.2222
RE1,TSM01H005,PWRDEM,1,2022,666.6667
RE1,TSM01H006,PWRDEM,1,2022,666.6667
RE1,TSM01H007,PWRDEM,1,2022,644.4444
RE1,TSM01H008,PWRDEM,1,2022,622.2222
RE1,TSM01H009,PWRDEM,1,2022,666.6667
RE1,TSM01H010,PWRDEM,1,2022,711.1111
RE1,TSM01H011,PWRDEM,1,2022,644.4444
RE1,TSM01H012,PWRDEM,1,2022,533.3333
RE1,TSM02H001,PWRDEM,1,2022,494.7368
RE1,TSM02H002,PWRDEM,1,2022,494.7368
RE1,TSM02H003,PWRDEM,1,2022,536.8421
RE1,TSM02H004,PWRDEM,1,2022,600.0
RE1,TSM02H005,PWRDEM,1,2022,631.579
RE1,TSM02H006,PWRDEM,1,2022,631.579
RE1,TSM02H007,PWRDEM,1,2022,631.579
RE1,TSM02H008,PWRDEM,1,2022,621.0526
RE1,TSM02H009,PWRDEM,1,2022,631.579
RE1,TSM02H010,PWRDEM,1,2022,663.1579
RE1,TSM02H011,PWRDEM,1,2022,610.5263
RE1,TSM02H012,PWRDEM,1,2022,526.3158
RE1,TSM01H001,PWRDEM,1,2023,529.6296
RE1,TSM01H002,PWRDEM,1,2023,529.6296
RE1,TSM01H003,PWRDEM,1,2023,601.8518
RE1,TSM01H004,PWRDEM,1,2023,674.0741
RE1,TSM01H005,PWRDEM,1,2023,722.2222
RE1,TSM01H006,PWRDEM,1,2023,722.2222
RE1,TSM01H007,PWRDEM,1,2023,698.1482
RE1,TSM01H008,PWRDEM,1,2023,674.0741
RE1,TSM01H009,PWRDEM,1,2023,722.2222
RE1,TSM01H010,PWRDEM,1,2023,770.3704
RE1,TSM01H011,PWRDEM,1,2023,698.1482
RE1,TSM01H012,PWRDEM,1,2023,577.7778
RE1,TSM02H001,PWRDEM,1,2023,535.9649
RE1,TSM02H002,PWRDEM,1,2023,535.9649
RE1,TSM02H003,PWRDEM,1,2023,581.579
RE1,TSM02H004,PWRDEM,1,2023,650.0
RE1,TSM02H005,PWRDEM,1,2023,684.2105
RE1,TSM02H006,PWRDEM,1,2023,684.2105
RE1,TSM02H007,PWRDEM,1,2023,684.2105
RE1,TSM02H008,PWRDEM,1,2023,672.807
RE1,TSM02H009,PWRDEM,1,2023,684.2105
RE1,TSM02H010,PWRDEM,1,2023,718.421
RE1,TSM02H011,PWRDEM,1,2023,661.4035
RE1,TSM02H012,PWRDEM,1,2023,570.1754
RE1,TSM01H001,PWRDEM,1,2024,570.3704
RE1,TSM01H002,PWRDEM,1,2024,570.3704
RE1,TSM01H003,PWRDEM,1,2024,648.1482
RE1,TSM01H004,PWRDEM,1,2024,725.9259
RE1,TSM01H005,PWRDEM,1,2024,777.7778
RE1,TSM01H006,PWRDEM,1,2024,777.7778
RE1,TSM01H007,PWRDEM,1,2024,751.8518
RE1,TSM01H008,PWRDEM,1,2024,725.9259
RE1,TSM01H009,PWRDEM,1,2024,777.7778
RE1,TSM01H010,PWRDEM,1,2024,829.6296
RE1,TSM01H011,PWRDEM,1,2024,751.8518
RE1,TSM01H012,PWRDEM,1,2024,622.2222
RE1,TSM02H001,PWRDEM,1,2024,577.193
RE1,TSM02H002,PWRDEM,1,2024,577.193
RE1,TSM02H003,PWRDEM,1,2024,626.3158
RE1,TSM02H004,PWRDEM,1,2024,700.0
RE1,TSM02H005,PWRDEM,1,2024,736.8421
RE1,TSM02H006,PWRDEM,1,2024,736.8421
RE1,TSM02H007,PWRDEM,1,2024,736.8421
RE1,TSM02H008,PWRDEM,1,2024,724.5614
RE1,TSM02H009,PWRDEM,1,2024,736.8421
RE1,TSM02H010,PWRDEM,1,2024,773.6842
RE1,TSM02H011,PWRDEM,1,2024,712.2807
RE1,TSM02H012,PWRDEM,1,2024,614.0351
RE1,TSM01H001,PWRDEM,1,2025,611.1111
RE1,TSM01H002,PWRDEM,1,2025,611.1111
RE1,TSM01H003,PWRDEM,1,2025,694.4444
RE1,TSM01H004,PWRDEM,1,2025,777.7778
RE1,TSM01H005,PWRDEM,1,2025,833.3333
RE1,TSM01H006,PWRDEM,1,2025,833.3333
RE1,TSM01H007,PWRDEM,1,2025,805.5556
RE1,TSM01H008,PWRDEM,1,2025,777.7778
RE1,TSM01H009,PWRDEM,1,2025,833.3333
RE1,TSM01H010,PWRDEM,1,2025,888.8889
RE1,TSM01H011,PWRDEM,1,2025,805.5556
RE1,TSM01H012,PWRDEM,1,2025,666.6667
RE1,TSM02H001,PWRDEM,1,2025,618.421
RE1,TSM02H002,PWRDEM,1,2025,618.421
RE1,TSM02H003,PWRDEM,1,2025,671.0526
RE1,TSM02H004,PWRDEM,1,2025,750.0
RE1,TSM02H005,PWRDEM,1,2025,789.4737
RE1,TSM02H006,PWRDEM,1,2025,789.4737
RE1,TSM02H007,PWRDEM,1,2025,789.4737
RE1,TSM02H008,PWRDEM,1,2025,776.3158
RE1,TSM02H009,PWRDEM,1,2025,789.4737
RE1,TSM02H010,PWRDEM,1,2025,828.9474
RE1,TSM02H011,PWRDEM,1,2025,763.1579
RE1,TSM02H012,PWRDEM,1,2025,657.8947
RE1,TSM01H001,PWRDEM,1,2026,651.8518
RE1,TSM01H002,PWRDEM,1,2026,651.8518
RE1,TSM01H003,PWRDEM,1,2026,740.7407
RE1,TSM01H004,PWRDEM,1,2026,829.6296
RE1,TSM01H005,PWRDEM,1,2026,888.8889
RE1,TSM01H006,PWRDEM,1,2026,888.8889
RE1,TSM01H007,PWRDEM,1,2026,859.2593
RE1,TSM01H008,PWRDEM,1,2026,829.6296
RE1,TSM01H009,PWRDEM,1,2026,888.8889
RE1,TSM01H010,PWRDEM,1,2026,948.1482
RE1,TSM01H011,PWRDEM,1,2026,859.2593
RE1,TSM01H012,PWRDEM,1,2026,711.1111
RE1,TSM02H001,PWRDEM,1,2026,659.6491
RE1,TSM02H002,PWRDEM,1,2026,659.6491
RE1,TSM02H003,PWRDEM,1,2026,715.7895
RE1,TSM02H004,PWRDEM,1,2026,800.0
RE1,TSM02H005,PWRDEM,1,2026,842.1053
RE1,TSM02H006,PWRDEM,1,2026,842.1053
RE1,TSM02H007,PWRDEM,1,2026,842.1053
RE1,TSM02H008,PWRDEM,1,2026,828.0702
RE1,TSM02H009,PWRDEM,1,2026,842.1053
RE1,TSM02H010,PWRDEM,1,2026,884.2105
RE1,TSM02H011,PWRDEM,1,2026,814.0351
RE1,TSM02H012,PWRDEM,1,2026,701.7544
RE1,TSM01H001,PWRDEM,1,2027,692.5926
RE1,TSM01H002,PWRDEM,1,2027,692.5926
RE1,TSM01H003,PWRDEM,1,2027,787.037
RE1,TSM01H004,PWRDEM,1,2027,881.4815
RE1,TSM01H005,PWRDEM,1,2027,944.4444
RE1,TSM01H006,PWRDEM,1,2027,944.4444
RE1,TSM01H007,PWRDEM,1,2027,912.963
RE1,TSM01H008,PWRDEM,1,2027,881.4815
RE1,TSM01H009,PWRDEM,1,2027,944.4444
RE1,TSM01H010,PWRDEM,1,2027,1007.4074
RE1,TSM01H011,PWRDEM,1,2027,912.963
RE1,TSM01H012,PWRDEM,1,2027,755.5556
RE1,TSM02H001,PWRDEM,1,2027,700.8772
RE1,TSM02H002,PWRDEM,1,2027,700.8772
RE1,TSM02H003,PWRDEM,1,2027,760.5263
RE1,TSM02H004,PWRDEM,1,2027,850.0
RE1,TSM02H005,PWRDEM,1,2027,894.7368
RE1,TSM02H006,PWRDEM,1,2027,894.7368
RE1,TSM02H007,PWRDEM,1,2027,894.7368
RE1,TSM02H008,PWRDEM,1,2027,879.8246
RE1,TSM02H009,PWRDEM,1,2027,894.7368
RE1,TSM02H010,PWRDEM,1,2027,939.4737
RE1,TSM02H011,PWRDEM,1,2027,864.9123
RE1,TSM02H012,PWRDEM,1,2027,745.614
RE1,TSM01H001,PWRDEM,1,2028,692.5926
RE1,TSM01H002,PWRDEM,1,2028,692.5926
RE1,TSM01H003,PWRDEM,1,2028,787.037
RE1,TSM01H004,PWRDEM,1,2028,881.4815
RE1,TSM01H005,PWRDEM,1,2028,944.4444
RE1,TSM01H006,PWRDEM,1,2028,944.4444
RE1,TSM01H007,PWRDEM,1,2028,912.963
RE1,TSM01H008,PWRDEM,1,2028,881.4815
RE1,TSM01H009,PWRDEM,1,2028,944.4444
RE1,TSM01H010,PWRDEM,1,2028,1007.4074
RE1,TSM01H011,PWRDEM,1,2028,912.963
RE1,TSM01H012,PWRDEM,1,2028,755.5556
RE1,TSM02H001,PWRDEM,1,2028,700.8772
RE1,TSM02H002,PWRDEM,1,2028,700.8772
RE1,TSM02H003,PWRDEM,1,2028,760.5263
RE1,TSM02H004,PWRDEM,1,2028,850.0
RE1,TSM02H005,PWRDEM,1,2028,894.7368
RE1,TSM02H006,PWRDEM,1,2028,894.7368
RE1,TSM02H007,PWRDEM,1,2028,894.7368
RE1,TSM02H008,PWRDEM,1,2028,879.8246
RE1,TSM02H009,PWRDEM,1,2028,894.7368
RE1,TSM02H010,PWRDEM,1,2028,939.4737
RE1,TSM02H011,PWRDEM,1,2028,864.9123
RE1,TSM02H012,PWRDEM,1,2028,745.614
RE1,TSM01H001,PWRDEM,1,2029,692.5926
RE1,TSM01H002,PWRDEM,1,2029,692.5926
RE1,TSM01H003,PWRDEM,1,2029,787.037
RE1,TSM01H004,PWRDEM,1,2029,881.4815
RE1,TSM01H005,PWRDEM,1,2029,944.4444
RE1,TSM01H006,PWRDEM,1,2029,944.4444
RE1,TSM01H007,PWRDEM,1,2029,912.963
RE1,TSM01H008,PWRDEM,1,2029,881.4815
RE1,TSM01H009,PWRDEM,1,2029,944.4444
RE1,TSM01H010,PWRDEM,1,2029,1007.4074
RE1,TSM01H011,PWRDEM,1,2029,912.963
RE1,TSM01H012,PWRDEM,1,2029,755.5556
RE1,TSM02H001,PWRDEM,1,2029,700.8772
RE1,TSM02H002,PWRDEM,1,2029,700.8772
RE1,TSM02H003,PWRDEM,1,2029,760.5263
RE1,TSM02H004,PWRDEM,1,2029,850.0
RE1,TSM02H005,PWRDEM,1,2029,894.7368
RE1,TSM02H006,PWRDEM,1,2029,894.7368
RE1,TSM02H007,PWRDEM,1,2029,894.7368
RE1,TSM02H008,PWRDEM,1,2029,879.8246
RE1,TSM02H009,PWRDEM,1,2029,894.7368
RE1,TSM02H010,PWRDEM,1,2029,939.4737
RE1,TSM02H011,PWRDEM,1,2029,864.9123
RE1,TSM02H012,PWRDEM,1,2029,745.614
RE1,TSM01H001,PWRDEM,1,2030,692.5926
RE1,TSM01H002,PWRDEM,1,2030,692.5926
RE1,TSM01H003,PWRDEM,1,2030,787.037
RE1,TSM01H004,PWRDEM,1,2030,881.4815
RE1,TSM01H005,PWRDEM,1,2030,944.4444
RE1,TSM01H006,PWRDEM,1,2030,944.4444
RE1,TSM01H007,PWRDEM,1,2030,912.963
RE1,TSM01H008,PWRDEM,1,2030,881.4815
RE1,TSM01H009,PWRDEM,1,2030,944.4444
RE1,TSM01H010,PWRDEM,1,2030,1007.4074
RE1,TSM01H011,PWRDEM,1,2030,912.963
RE1,TSM01H012,PWRDEM,1,2030,755.5556
RE1,TSM02H001,PWRDEM,1,2030,700.8772
RE1,TSM02H002,PWRDEM,1,2030,700.8772
RE1,TSM02H003,PWRDEM,1,2030,760.5263
RE1,TSM02H004,PWRDEM,1,2030,850.0
RE1,TSM02H005,PWRDEM,1,2030,894.7368
RE1,TSM02H006,PWRDEM,1,2030,894.7368
RE1,TSM02H007,PWRDEM,1,2030,894.7368
RE1,TSM02H008,PWRDEM,1,2030,879.8246
RE1,TSM02H009,PWRDEM,1,2030,894.7368
RE1,TSM02H010,PWRDEM,1,2030,939.4737
RE1,TSM02H011,PWRDEM,1,2030,864.9123
RE1,TSM02H012,PWRDEM,1,2030,745.614
RE1,TSM01H006,PWRBATIN,1,2020,309.476
RE1,TSM01H007,PWRBATIN,1,2020,312.1384
RE1,TSM01H008,PWRBATIN,1,2020,274.9315
RE1,TSM01H009,PWRBATIN,1,2020,16.0513
RE1,TSM02H005,PWRBATIN,1,2020,82.4261
RE1,TSM02H006,PWRBATIN,1,2020,312.1384
RE1,TSM02H007,PWRBATIN,1,2020,236.8587
RE1,TSM02H008,PWRBATIN,1,2020,215.2901
RE1,TSM01H005,PWRBATIN,1,2021,6.2368
RE1,TSM01H006,PWRBATIN,1,2021,350.4632
RE1,TSM01H007,PWRBATIN,1,2021,350.4632
RE1,TSM01H008,PWRBATIN,1,2021,314.6095
RE1,TSM01H009,PWRBATIN,1,2021,18.3672
RE1,TSM02H005,PWRBATIN,1,2021,66.3174
RE1,TSM02H006,PWRBATIN,1,2021,350.4632
RE1,TSM02H007,PWRBATIN,1,2021,302.7318
RE1,TSM02H008,PWRBATIN,1,2021,175.3016
RE1,TSM01H005,PWRBATIN,1,2022,2.8528
RE1,TSM01H006,PWRBATIN,1,2022,350.4632
RE1,TSM01H007,PWRBATIN,1,2022,350.4632
RE1,TSM01H008,PWRBATIN,1,2022,317.802
RE1,TSM01H009,PWRBATIN,1,2022,14.4233
RE1,TSM02H005,PWRBATIN,1,2022,17.4107
RE1,TSM02H006,PWRBATIN,1,2022,304.9406
RE1,TSM02H007,PWRBATIN,1,2022,208.853
RE1,TSM02H008,PWRBATIN,1,2022,178.0717
RE1,TSM01H006,PWRBATIN,1,2023,350.4632
RE1,TSM01H007,PWRBATIN,1,2023,350.4632
RE1,TSM01H008,PWRBATIN,1,2023,320.9944
RE1,TSM01H009,PWRBATIN,1,2023,10.4794
RE1,TSM02H006,PWRBATIN,1,2023,250.8278
RE1,TSM02H007,PWRBATIN,1,2023,207.4956
RE1,TSM02H008,PWRBATIN,1,2023,132.4523
RE1,TSM01H006,PWRBATIN,1,2024,350.4632
RE1,TSM01H007,PWRBATIN,1,2024,350.4632
RE1,TSM01H008,PWRBATIN,1,2024,324.1869
RE1,TSM01H009,PWRBATIN,1,2024,6.5355
RE1,TSM02H005,PWRBATIN,1,2024,153.575
RE1,TSM02H006,PWRBATIN,1,2024,188.0456
RE1,TSM02H007,PWRBATIN,1,2024,160.5746
RE1,TSM02H008,PWRBATIN,1,2024,86.8328
RE1,TSM01H006,PWRBATIN,1,2025,350.4632
RE1,TSM01H007,PWRBATIN,1,2025,350.4632
RE1,TSM01H008,PWRBATIN,1,2025,327.3794
RE1,TSM01H009,PWRBATIN,1,2025,2.5916
RE1,TSM02H001,PWRBATIN,1,2025,59.0778
RE1,TSM02H006,PWRBATIN,1,2025,124.7421
RE1,TSM02H007,PWRBATIN,1,2025,310.2628
RE1,TSM02H008,PWRBATIN,1,2025,41.2134
RE1,TSM02H009,PWRBATIN,1,2025,51.9843
RE1,TSM01H006,PWRBATIN,1,2026,350.4632
RE1,TSM01H007,PWRBATIN,1,2026,350.4632
RE1,TSM01H008,PWRBATIN,1,2026,330.5718
RE1,TSM02H002,PWRBATIN,1,2026,3.468
RE1,TSM02H005,PWRBATIN,1,2026,116.2007
RE1,TSM02H006,PWRBATIN,1,2026,118.869
RE1,TSM02H007,PWRBATIN,1,2026,350.4632
RE1,TSM01H006,PWRBATIN,1,2027,350.4632
RE1,TSM01H007,PWRBATIN,1,2027,350.4632
RE1,TSM01H008,PWRBATIN,1,2027,333.7643
RE1,TSM02H002,PWRBATIN,1,2027,10.9301
RE1,TSM02H006,PWRBATIN,1,2027,233.3221
RE1,TSM02H007,PWRBATIN,1,2027,350.4632
RE1,TSM01H006,PWRBATIN,1,2028,350.4632
RE1,TSM01H007,PWRBATIN,1,2028,350.4632
RE1,TSM01H008,PWRBATIN,1,2028,333.7643
RE1,TSM02H002,PWRBATIN,1,2028,10.9301
RE1,TSM02H005,PWRBATIN,1,2028,65.7034
RE1,TSM02H006,PWRBATIN,1,2028,73.1027
RE1,TSM02H007,PWRBATIN,1,2028,350.4632
RE1,TSM02H009,PWRBATIN,1,2028,49.6036
RE1,TSM02H012,PWRBATIN,1,2028,44.9123
RE1,TSM01H006,PWRBATIN,1,2029,350.4632
RE1,TSM01H007,PWRBATIN,1,2029,350.4632
RE1,TSM01H008,PWRBATIN,1,2029,333.7643
RE1,TSM02H002,PWRBATIN,1,2029,10.9301
RE1,TSM02H005,PWRBATIN,1,2029,152.9254
RE1,TSM02H006,PWRBATIN,1,2029,350.4632
RE1,TSM02H007,PWRBATIN,1,2029,30.7931
RE1,TSM02H009,PWRBATIN,1,2029,49.6036
RE1,TSM01H006,PWRBATIN,1,2030,350.4632
RE1,TSM01H007,PWRBATIN,1,2030,350.4632
RE1,TSM01H008,PWRBATIN,1,2030,333.7643
RE1,TSM02H006,PWRBATIN,1,2030,350.4632
RE1,TSM02H008,PWRBATIN,1,2030,199.3399
RE1,TSM02H012,PWRBATIN,1,2030,44.9123
RE1,TSM01H001,PWRBATOUT,2,2020,41.5657
RE1,TSM01H002,PWRBATOUT,2,2020,110.3142
RE1,TSM01H003,PWRBATOUT,2,2020,218.2195
RE1,TSM01H004,PWRBATOUT,2,2020,312.1384
RE1,TSM01H005,PWRBATOUT,2,2020,1.5696
RE1,TSM01H010,PWRBATOUT,2,2020,141.7177
RE1,TSM01H011,PWRBATOUT,2,2020,69.0187
RE1,TSM01H012,PWRBATOUT,2,2020,18.0536
RE1,TSM02H001,PWRBATOUT,2,2020,17.45
RE1,TSM02H002,PWRBATOUT,2,2020,80.522
RE1,TSM02H003,PWRBATOUT,2,2020,202.6491
RE1,TSM02H004,PWRBATOUT,2,2020,277.99
RE1,TSM02H009,PWRBATOUT,2,2020,5.5043
RE1,TSM02H010,PWRBATOUT,2,2020,136.1851
RE1,TSM02H011,PWRBATOUT,2,2020,98.2942
RE1,TSM02H012,PWRBATOUT,2,2020,28.1187
RE1,TSM01H001,PWRBATOUT,2,2021,53.0803
RE1,TSM01H002,PWRBATOUT,2,2021,121.8288
RE1,TSM01H003,PWRBATOUT,2,2021,235.2897
RE1,TSM01H004,PWRBATOUT,2,2021,332.7351
RE1,TSM01H010,PWRBATOUT,2,2021,170.4379
RE1,TSM01H011,PWRBATOUT,2,2021,93.4963
RE1,TSM01H012,PWRBATOUT,2,2021,33.2719
RE1,TSM02H002,PWRBATOUT,2,2021,121.75
RE1,TSM02H003,PWRBATOUT,2,2021,247.3859
RE1,TSM02H004,PWRBATOUT,2,2021,236.7409
RE1,TSM02H010,PWRBATOUT,2,2021,190.8515
RE1,TSM02H011,PWRBATOUT,2,2021,98.0858
RE1,TSM01H001,PWRBATOUT,2,2022,45.1308
RE1,TSM01H002,PWRBATOUT,2,2022,113.8793
RE1,TSM01H003,PWRBATOUT,2,2022,232.8957
RE1,TSM01H004,PWRBATOUT,2,2022,335.6898
RE1,TSM01H010,PWRBATOUT,2,2022,180.873
RE1,TSM01H011,PWRBATOUT,2,2022,98.5097
RE1,TSM01H012,PWRBATOUT,2,2022,29.0261
RE1,TSM02H002,PWRBATOUT,2,2022,26.3807
RE1,TSM02H003,PWRBATOUT,2,2022,155.5253
RE1,TSM02H004,PWRBATOUT,2,2022,237.7098
RE1,TSM02H009,PWRBATOUT,2,2022,81.0421
RE1,TSM02H010,PWRBATOUT,2,2022,109.4564
RE1,TSM02H011,PWRBATOUT,2,2022,63.4511
RE1,TSM02H012,PWRBATOUT,2,2022,35.7106
RE1,TSM01H001,PWRBATOUT,2,2023,37.1813
RE1,TSM01H002,PWRBATOUT,2,2023,105.9298
RE1,TSM01H003,PWRBATOUT,2,2023,230.5018
RE1,TSM01H004,PWRBATOUT,2,2023,338.6445
RE1,TSM01H005,PWRBATOUT,2,2023,0.5312
RE1,TSM01H010,PWRBATOUT,2,2023,191.3082
RE1,TSM01H011,PWRBATOUT,2,2023,103.5232
RE1,TSM01H012,PWRBATOUT,2,2023,24.7804
RE1,TSM02H002,PWRBATOUT,2,2023,18.9185
RE1,TSM02H003,PWRBATOUT,2,2023,151.5719
RE1,TSM02H004,PWRBATOUT,2,2023,238.6788
RE1,TSM02H010,PWRBATOUT,2,2023,115.9684
RE1,TSM02H011,PWRBATOUT,2,2023,65.6381
RE1,TSM01H001,PWRBATOUT,2,2024,29.2318
RE1,TSM01H002,PWRBATOUT,2,2024,97.9803
RE1,TSM01H003,PWRBATOUT,2,2024,228.1079
RE1,TSM01H004,PWRBATOUT,2,2024,341.5992
RE1,TSM01H005,PWRBATOUT,2,2024,3.9152
RE1,TSM01H010,PWRBATOUT,2,2024,201.7433
RE1,TSM01H011,PWRBATOUT,2,2024,108.5367
RE1,TSM01H012,PWRBATOUT,2,2024,20.5346
RE1,TSM02H002,PWRBATOUT,2,2024,11.4564
RE1,TSM02H003,PWRBATOUT,2,2024,147.6185
RE1,TSM02H004,PWRBATOUT,2,2024,239.6477
RE1,TSM02H010,PWRBATOUT,2,2024,122.4805
RE1,TSM02H011,PWRBATOUT,2,2024,67.825
RE1,TSM01H001,PWRBATOUT,2,2025,21.2823
RE1,TSM01H002,PWRBATOUT,2,2025,90.0308
RE1,TSM01H003,PWRBATOUT,2,2025,225.7139
RE1,TSM01H004,PWRBATOUT,2,2025,344.5539
RE1,TSM01H005,PWRBATOUT,2,2025,7.2991
RE1,TSM01H010,PWRBATOUT,2,2025,212.1784
RE1,TSM01H011,PWRBATOUT,2,2025,113.5502
RE1,TSM01H012,PWRBATOUT,2,2025,16.2888
RE1,TSM02H002,PWRBATOUT,2,2025,3.9942
RE1,TSM02H003,PWRBATOUT,2,2025,143.6652
RE1,TSM02H004,PWRBATOUT,2,2025,240.6166
RE1,TSM02H010,PWRBATOUT,2,2025,128.9926
RE1,TSM02H011,PWRBATOUT,2,2025,70.012
RE1,TSM01H001,PWRBATOUT,2,2026,13.3329
RE1,TSM01H002,PWRBATOUT,2,2026,82.0813
RE1,TSM01H003,PWRBATOUT,2,2026,223.32
RE1,TSM01H004,PWRBATOUT,2,2026,347.5086
RE1,TSM01H005,PWRBATOUT,2,2026,10.6831
RE1,TSM01H009,PWRBATOUT,2,2026,1.3523
RE1,TSM01H010,PWRBATOUT,2,2026,222.6135
RE1,TSM01H011,PWRBATOUT,2,2026,118.5636
RE1,TSM01H012,PWRBATOUT,2,2026,12.043
RE1,TSM02H003,PWRBATOUT,2,2026,139.7118
RE1,TSM02H004,PWRBATOUT,2,2026,241.5856
RE1,TSM02H010,PWRBATOUT,2,2026,135.5046
RE1,TSM02H011,PWRBATOUT,2,2026,72.199
RE1,TSM01H001,PWRBATOUT,2,2027,5.3834
RE1,TSM01H002,PWRBATOUT,2,2027,74.1318
RE1,TSM01H003,PWRBATOUT,2,2027,220.926
RE1,TSM01H004,PWRBATOUT,2,2027,350.4632
RE1,TSM01H005,PWRBATOUT,2,2027,14.0671
RE1,TSM01H009,PWRBATOUT,2,2027,5.2962
RE1,TSM01H010,PWRBATOUT,2,2027,233.0487
RE1,TSM01H011,PWRBATOUT,2,2027,123.5771
RE1,TSM01H012,PWRBATOUT,2,2027,7.7972
RE1,TSM02H003,PWRBATOUT,2,2027,135.7584
RE1,TSM02H004,PWRBATOUT,2,2027,242.5545
RE1,TSM02H010,PWRBATOUT,2,2027,142.0167
RE1,TSM02H011,PWRBATOUT,2,2027,74.3859
RE1,TSM01H001,PWRBATOUT,2,2028,5.3834
RE1,TSM01H002,PWRBATOUT,2,2028,74.1318
RE1,TSM01H003,PWRBATOUT,2,2028,220.926
RE1,TSM01H004,PWRBATOUT,2,2028,350.4632
RE1,TSM01H005,PWRBATOUT,2,2028,14.0671
RE1,TSM01H009,PWRBATOUT,2,2028,5.2962
RE1,TSM01H010,PWRBATOUT,2,2028,233.0487
RE1,TSM01H011,PWRBATOUT,2,2028,123.5771
RE1,TSM01H012,PWRBATOUT,2,2028,7.7972
RE1,TSM02H003,PWRBATOUT,2,2028,135.7584
RE1,TSM02H004,PWRBATOUT,2,2028,242.5545
RE1,TSM02H010,PWRBATOUT,2,2028,142.0167
RE1,TSM02H011,PWRBATOUT,2,2028,74.3859
RE1,TSM01H001,PWRBATOUT,2,2029,5.3834
RE1,TSM01H002,PWRBATOUT,2,2029,74.1318
RE1,TSM01H003,PWRBATOUT,2,2029,220.926
RE1,TSM01H004,PWRBATOUT,2,2029,350.4632
RE1,TSM01H005,PWRBATOUT,2,2029,14.0671
RE1,TSM01H009,PWRBATOUT,2,2029,5.2962
RE1,TSM01H010,PWRBATOUT,2,2029,233.0487
RE1,TSM01H011,PWRBATOUT,2,2029,123.5771
RE1,TSM01H012,PWRBATOUT,2,2029,7.7972
RE1,TSM02H003,PWRBATOUT,2,2029,135.7584
RE1,TSM02H004,PWRBATOUT,2,2029,242.5545
RE1,TSM02H010,PWRBATOUT,2,2029,142.0167
RE1,TSM02H011,PWRBATOUT,2,2029,74.3859
RE1,TSM01H001,PWRBATOUT,2,2030,5.3834
RE1,TSM01H002,PWRBATOUT,2,2030,74.1318
RE1,TSM01H003,PWRBATOUT,2,2030,220.926
RE1,TSM01H004,PWRBATOUT,2,2030,350.4632
RE1,TSM01H005,PWRBATOUT,2,2030,14.0671
RE1,TSM01H009,PWRBATOUT,2,2030,5.2962
RE1,TSM01H010,PWRBATOUT,2,2030,233.0487
RE1,TSM01H011,PWRBATOUT,2,2030,123.5771
RE1,TSM01H012,PWRBATOUT,2,2030,7.7972
RE1,TSM02H003,PWRBATOUT,2,2030,135.7584
RE1,TSM02H004,PWRBATOUT,2,2030,242.5545
RE1,TSM02H010,PWRBATOUT,2,2030,142.0167
RE1,TSM02H011,PWRBATOUT,2,2030,74.3859
