r,t,y,SalvageValue
RE1,PWRSOL,2020,238407.66
RE1,PWRSOL,2021,26485.751
RE1,PWRSOL,2022,2971.2762
RE1,PWRSOL,2023,3241.3922
RE1,PWRSOL,2024,3511.5082
RE1,PWRSOL,2025,3781.6242
RE1,PWRSOL,2026,4051.7402
RE1,PWRSOL,2027,4321.8562
RE1,PWRWND,2020,280107.9
RE1,PWRCOA,2020,105144.37
RE1,PWRCOA,2021,54549.084
RE1,PWRCOA,2022,94513.051
RE1,PWRCOA,2023,98148.168
RE1,PWRCOA,2024,101783.29
RE1,PWRCOA,2025,105418.4
RE1,PWRCOA,2026,109053.52
RE1,PWRCOA,2027,112688.64
RE1,PWRTRN,2020,13.6227
RE1,PWRTRN,2021,1.4092
RE1,PWRTRN,2022,1.4562
RE1,PWRTRN,2023,1.5032
RE1,PWRTRN,2024,1.5502
RE1,PWRTRN,2025,1.5971
RE1,PWRTRN,2026,1.6441
RE1,PWRTRN,2027,1.6911
RE1,PWRDIST,2020,13.6227
RE1,PWRDIST,2021,1.4092
RE1,PWRDIST,2022,1.4562
RE1,PWRDIST,2023,1.5032
RE1,PWRDIST,2024,1.5502
RE1,PWRDIST,2025,1.5971
RE1,PWRDIST,2026,1.6441
RE1,PWRDIST,2027,1.6911
RE1,PWRDEM,2020,15.3422
RE1,PWRDEM,2021,1.5655
RE1,PWRDEM,2022,1.5968
RE1,PWRDEM,2023,1.6281
RE1,PWRDEM,2024,1.6595
RE1,PWRDEM,2025,1.6908
RE1,PWRDEM,2026,1.7221
RE1,PWRDEM,2027,1.7534
RE1,PWRBATIN,2020,26407.225
RE1,PWRBATIN,2021,4052.8974
RE1,PWRBATOUT,2020,2.6407
RE1,PWRBATOUT,2021,0.4053
