r,t,y,TotalCapacityAnnual
RE1,MINSOL,2020,23.5072
RE1,MINSOL,2021,23.6379
RE1,MINSOL,2022,23.7968
RE1,MINSOL,2023,23.9558
RE1,MINSOL,2024,24.1369
RE1,MINSOL,2025,24.3546
RE1,MINSOL,2026,24.5723
RE1,MINSOL,2027,24.79
RE1,MINSOL,2028,24.79
RE1,MINSOL,2029,24.79
RE1,MINSOL,2030,24.79
RE1,PWRSOL,2020,37.8532
RE1,PWRSOL,2021,41.6379
RE1,PWRSOL,2022,42.0239
RE1,PWRSOL,2023,42.4099
RE1,PWRSOL,2024,42.7959
RE1,PWRSOL,2025,43.1819
RE1,PWRSOL,2026,43.5679
RE1,PWRSOL,2027,43.9539
RE1,PWRSOL,2028,43.9539
RE1,PWRSOL,2029,43.9539
RE1,PWRSOL,2030,43.9539
RE1,MINWND,2020,13.0162
RE1,MINWND,2021,13.0162
RE1,MINWND,2022,13.0162
RE1,MINWND,2023,13.0162
RE1,MINWND,2024,13.0162
RE1,MINWND,2025,13.0162
RE1,MINWND,2026,13.0162
RE1,MINWND,2027,13.0162
RE1,MINWND,2028,13.0162
RE1,MINWND,2029,13.0162
RE1,MINWND,2030,13.0162
RE1,PWRWND,2020,20.0
RE1,PWRWND,2021,20.0
RE1,PWRWND,2022,20.0
RE1,PWRWND,2023,20.0
RE1,PWRWND,2024,20.0
RE1,PWRWND,2025,20.0
RE1,PWRWND,2026,20.0
RE1,PWRWND,2027,20.0
RE1,PWRWND,2028,20.0
RE1,PWRWND,2029,20.0
RE1,PWRWND,2030,20.0
RE1,MINCOA,2020,5.5823
RE1,MINCOA,2021,8.3626
RE1,MINCOA,2022,12.9944
RE1,MINCOA,2023,17.6263
RE1,MINCOA,2024,22.2582
RE1,MINCOA,2025,26.89
RE1,MINCOA,2026,31.5219
RE1,MINCOA,2027,36.1538
RE1,MINCOA,2028,36.1538
RE1,MINCOA,2029,36.1538
RE1,MINCOA,2030,36.1538
RE1,PWRCOA,2020,2.1891
RE1,PWRCOA,2021,3.2794
RE1,PWRCOA,2022,5.0959
RE1,PWRCOA,2023,6.9123
RE1,PWRCOA,2024,8.7287
RE1,PWRCOA,2025,10.5451
RE1,PWRCOA,2026,12.3615
RE1,PWRCOA,2027,14.178
RE1,PWRCOA,2028,14.178
RE1,PWRCOA,2029,14.178
RE1,PWRCOA,2030,14.178
RE1,PWRTRN,2020,18.791
RE1,PWRTRN,2021,20.6701
RE1,PWRTRN,2022,22.5492
RE1,PWRTRN,2023,24.4283
RE1,PWRTRN,2024,26.3074
RE1,PWRTRN,2025,28.1865
RE1,PWRTRN,2026,30.0656
RE1,PWRTRN,2027,31.9447
RE1,PWRTRN,2028,31.9447
RE1,PWRTRN,2029,31.9447
RE1,PWRTRN,2030,31.9447
RE1,PWRDIST,2020,18.791
RE1,PWRDIST,2021,20.6701
RE1,PWRDIST,2022,22.5492
RE1,PWRDIST,2023,24.4283
RE1,PWRDIST,2024,26.3074
RE1,PWRDIST,2025,28.1865
RE1,PWRDIST,2026,30.0656
RE1,PWRDIST,2027,31.9447
RE1,PWRDIST,2028,31.9447
RE1,PWRDIST,2029,31.9447
RE1,PWRDIST,2030,31.9447
RE1,PWRDEM,2020,18.791
RE1,PWRDEM,2021,20.6701
RE1,PWRDEM,2022,22.5492
RE1,PWRDEM,2023,24.4283
RE1,PWRDEM,2024,26.3074
RE1,PWRDEM,2025,28.1865
RE1,PWRDEM,2026,30.0656
RE1,PWRDEM,2027,31.9447
RE1,PWRDEM,2028,31.9447
RE1,PWRDEM,2029,31.9447
RE1,PWRDEM,2030,31.9447
RE1,PWRBATIN,2020,9.8978
RE1,PWRBATIN,2021,11.1131
RE1,PWRBATIN,2022,11.1131
RE1,PWRBATIN,2023,11.1131
RE1,PWRBATIN,2024,11.1131
RE1,PWRBATIN,2025,11.1131
RE1,PWRBATIN,2026,11.1131
RE1,PWRBATIN,2027,11.1131
RE1,PWRBATIN,2028,11.1131
RE1,PWRBATIN,2029,11.1131
RE1,PWRBATIN,2030,11.1131
RE1,PWRBATOUT,2020,9.8978
RE1,PWRBATOUT,2021,11.1131
RE1,PWRBATOUT,2022,11.1131
RE1,PWRBATOUT,2023,11.1131
RE1,PWRBATOUT,2024,11.1131
RE1,PWRBATOUT,2025,11.1131
RE1,PWRBATOUT,2026,11.1131
RE1,PWRBATOUT,2027,11.1131
RE1,PWRBATOUT,2028,11.1131
RE1,PWRBATOUT,2029,11.1131
RE1,PWRBATOUT,2030,11.1131
