r,t,y,TotalTechnologyAnnualActivity
RE1,MINSOL,2020,218.5344
RE1,MINSOL,2021,240.3845
RE1,MINSOL,2022,242.6129
RE1,MINSOL,2023,244.8413
RE1,MINSOL,2024,247.0697
RE1,MINSOL,2025,249.2981
RE1,MINSOL,2026,251.5265
RE1,MINSOL,2027,253.7549
RE1,MINSOL,2028,253.7549
RE1,MINSOL,2029,253.7549
RE1,MINSOL,2030,253.7549
RE1,PWRSOL,2020,218.5344
RE1,PWRSOL,2021,240.3845
RE1,PWRSOL,2022,242.6129
RE1,PWRSOL,2023,244.8413
RE1,PWRSOL,2024,247.0697
RE1,PWRSOL,2025,249.2981
RE1,PWRSOL,2026,251.5265
RE1,PWRSOL,2027,253.7549
RE1,PWRSOL,2028,253.7549
RE1,PWRSOL,2029,253.7549
RE1,PWRSOL,2030,253.7549
RE1,MINWND,2020,264.5374
RE1,MINWND,2021,264.5374
RE1,MINWND,2022,264.5374
RE1,MINWND,2023,264.5374
RE1,MINWND,2024,264.5374
RE1,MINWND,2025,264.5374
RE1,MINWND,2026,264.5374
RE1,MINWND,2027,264.5374
RE1,MINWND,2028,264.5374
RE1,MINWND,2029,264.5374
RE1,MINWND,2030,264.5374
RE1,PWRWND,2020,264.5374
RE1,PWRWND,2021,264.5374
RE1,PWRWND,2022,264.5374
RE1,PWRWND,2023,264.5374
RE1,PWRWND,2024,264.5374
RE1,PWRWND,2025,264.5374
RE1,PWRWND,2026,264.5374
RE1,PWRWND,2027,264.5374
RE1,PWRWND,2028,264.5374
RE1,PWRWND,2029,264.5374
RE1,PWRWND,2030,264.5374
RE1,MINCOA,2020,52.2849
RE1,MINCOA,2021,136.8844
RE1,MINCOA,2022,280.3492
RE1,MINCOA,2023,423.814
RE1,MINCOA,2024,567.2788
RE1,MINCOA,2025,710.7437
RE1,MINCOA,2026,854.2085
RE1,MINCOA,2027,997.6733
RE1,MINCOA,2028,997.6733
RE1,MINCOA,2029,997.6733
RE1,MINCOA,2030,997.6733
RE1,PWRCOA,2020,17.4283
RE1,PWRCOA,2021,45.6281
RE1,PWRCOA,2022,93.4497
RE1,PWRCOA,2023,141.2714
RE1,PWRCOA,2024,189.093
RE1,PWRCOA,2025,236.9146
RE1,PWRCOA,2026,284.7362
RE1,PWRCOA,2027,332.5578
RE1,PWRCOA,2028,332.5578
RE1,PWRCOA,2029,332.5578
RE1,PWRCOA,2030,332.5578
RE1,PWRTRN,2020,500.5
RE1,PWRTRN,2021,550.55
RE1,PWRTRN,2022,600.6
RE1,PWRTRN,2023,650.65
RE1,PWRTRN,2024,700.7
RE1,PWRTRN,2025,750.75
RE1,PWRTRN,2026,800.8
RE1,PWRTRN,2027,850.85
RE1,PWRTRN,2028,850.85
RE1,PWRTRN,2029,850.85
RE1,PWRTRN,2030,850.85
RE1,PWRDIST,2020,500.5
RE1,PWRDIST,2021,550.55
RE1,PWRDIST,2022,600.6
RE1,PWRDIST,2023,650.65
RE1,PWRDIST,2024,700.7
RE1,PWRDIST,2025,750.75
RE1,PWRDIST,2026,800.8
RE1,PWRDIST,2027,850.85
RE1,PWRDIST,2028,850.85
RE1,PWRDIST,2029,850.85
RE1,PWRDIST,2030,850.85
RE1,PWRDEM,2020,500.5
RE1,PWRDEM,2021,550.55
RE1,PWRDEM,2022,600.6
RE1,PWRDEM,2023,650.65
RE1,PWRDEM,2024,700.7
RE1,PWRDEM,2025,750.75
RE1,PWRDEM,2026,800.8
RE1,PWRDEM,2027,850.85
RE1,PWRDEM,2028,850.85
RE1,PWRDEM,2029,850.85
RE1,PWRDEM,2030,850.85
RE1,PWRBATIN,2020,72.9028
RE1,PWRBATIN,2021,79.0882
RE1,PWRBATIN,2022,68.4009
RE1,PWRBATIN,2023,61.549
RE1,PWRBATIN,2024,61.4291
RE1,PWRBATIN,2025,61.3092
RE1,PWRBATIN,2026,61.4235
RE1,PWRBATIN,2027,61.8354
RE1,PWRBATIN,2028,61.8354
RE1,PWRBATIN,2029,61.8354
RE1,PWRBATIN,2030,61.8354
RE1,PWRBATOUT,2020,72.9028
RE1,PWRBATOUT,2021,79.0882
RE1,PWRBATOUT,2022,68.4009
RE1,PWRBATOUT,2023,61.549
RE1,PWRBATOUT,2024,61.4291
RE1,PWRBATOUT,2025,61.3092
RE1,PWRBATOUT,2026,61.4235
RE1,PWRBATOUT,2027,61.8354
RE1,PWRBATOUT,2028,61.8354
RE1,PWRBATOUT,2029,61.8354
RE1,PWRBATOUT,2030,61.8354
