r_x,f,t,y,m,r_y,l,r,UseByTechnologyByMode
RE1,COA,PWRCOA,2020,1,RE1,TSM01H001,RE1,4.7532
RE1,COA,PWRCOA,2021,1,RE1,TSM01H001,RE1,7.1205
RE1,COA,PWRCOA,2022,1,RE1,TSM01H001,RE1,11.0644
RE1,COA,PWRCOA,2023,1,RE1,TSM01H001,RE1,15.0083
RE1,COA,PWRCOA,2024,1,RE1,TSM01H001,RE1,18.9522
RE1,COA,PWRCOA,2025,1,RE1,TSM01H001,RE1,22.8961
RE1,COA,PWRCOA,2026,1,RE1,TSM01H001,RE1,26.84
RE1,COA,PWRCOA,2027,1,RE1,TSM01H001,RE1,30.7839
RE1,COA,PWRCOA,2028,1,RE1,TSM01H001,RE1,30.7839
RE1,COA,PWRCOA,2029,1,RE1,TSM01H001,RE1,30.7839
RE1,COA,PWRCOA,2030,1,RE1,TSM01H001,RE1,30.7839
RE1,Elc3,PWRDEM,2020,1,RE1,TSM01H001,RE1,11.0
RE1,Elc3,PWRDEM,2021,1,RE1,TSM01H001,RE1,12.1
RE1,Elc3,PWRDEM,2022,1,RE1,TSM01H001,RE1,13.2
RE1,Elc3,PWRDEM,2023,1,RE1,TSM01H001,RE1,14.3
RE1,Elc3,PWRDEM,2024,1,RE1,TSM01H001,RE1,15.4
RE1,Elc3,PWRDEM,2025,1,RE1,TSM01H001,RE1,16.5
RE1,Elc3,PWRDEM,2026,1,RE1,TSM01H001,RE1,17.6
RE1,Elc3,PWRDEM,2027,1,RE1,TSM01H001,RE1,18.7
RE1,Elc3,PWRDEM,2028,1,RE1,TSM01H001,RE1,18.7
RE1,Elc3,PWRDEM,2029,1,RE1,TSM01H001,RE1,18.7
RE1,Elc3,PWRDEM,2030,1,RE1,TSM01H001,RE1,18.7
RE1,Elc2,PWRDIST,2020,1,RE1,TSM01H001,RE1,11.0
RE1,Elc2,PWRDIST,2021,1,RE1,TSM01H001,RE1,12.1
RE1,Elc2,PWRDIST,2022,1,RE1,TSM01H001,RE1,13.2
RE1,Elc2,PWRDIST,2023,1,RE1,TSM01H001,RE1,14.3
RE1,Elc2,PWRDIST,2024,1,RE1,TSM01H001,RE1,15.4
RE1,Elc2,PWRDIST,2025,1,RE1,TSM01H001,RE1,16.5
RE1,Elc2,PWRDIST,2026,1,RE1,TSM01H001,RE1,17.6
RE1,Elc2,PWRDIST,2027,1,RE1,TSM01H001,RE1,18.7
RE1,Elc2,PWRDIST,2028,1,RE1,TSM01H001,RE1,18.7
RE1,Elc2,PWRDIST,2029,1,RE1,TSM01H001,RE1,18.7
RE1,Elc2,PWRDIST,2030,1,RE1,TSM01H001,RE1,18.7
RE1,Elc,PWRTRN,2020,1,RE1,TSM01H001,RE1,11.0
RE1,Elc,PWRTRN,2021,1,RE1,TSM01H001,RE1,12.1
RE1,Elc,PWRTRN,2022,1,RE1,TSM01H001,RE1,13.2
RE1,Elc,PWRTRN,2023,1,RE1,TSM01H001,RE1,14.3
RE1,Elc,PWRTRN,2024,1,RE1,TSM01H001,RE1,15.4
RE1,Elc,PWRTRN,2025,1,RE1,TSM01H001,RE1,16.5
RE1,Elc,PWRTRN,2026,1,RE1,TSM01H001,RE1,17.6
RE1,Elc,PWRTRN,2027,1,RE1,TSM01H001,RE1,18.7
RE1,Elc,PWRTRN,2028,1,RE1,TSM01H001,RE1,18.7
RE1,Elc,PWRTRN,2029,1,RE1,TSM01H001,RE1,18.7
RE1,Elc,PWRTRN,2030,1,RE1,TSM01H001,RE1,18.7
RE1,WND,PWRWND,2020,1,RE1,TSM01H001,RE1,8.2933
RE1,WND,PWRWND,2021,1,RE1,TSM01H001,RE1,8.2933
RE1,WND,PWRWND,2022,1,RE1,TSM01H001,RE1,8.2933
RE1,WND,PWRWND,2023,1,RE1,TSM01H001,RE1,8.2933
RE1,WND,PWRWND,2024,1,RE1,TSM01H001,RE1,8.2933
RE1,WND,PWRWND,2025,1,RE1,TSM01H001,RE1,8.2933
RE1,WND,PWRWND,2026,1,RE1,TSM01H001,RE1,8.2933
RE1,WND,PWRWND,2027,1,RE1,TSM01H001,RE1,8.2933
RE1,WND,PWRWND,2028,1,RE1,TSM01H001,RE1,8.2933
RE1,WND,PWRWND,2029,1,RE1,TSM01H001,RE1,8.2933
RE1,WND,PWRWND,2030,1,RE1,TSM01H001,RE1,8.2933
RE1,COA,PWRCOA,2020,1,RE1,TSM01H002,RE1,4.7532
RE1,COA,PWRCOA,2021,1,RE1,TSM01H002,RE1,7.1205
RE1,COA,PWRCOA,2022,1,RE1,TSM01H002,RE1,11.0644
RE1,COA,PWRCOA,2023,1,RE1,TSM01H002,RE1,15.0083
RE1,COA,PWRCOA,2024,1,RE1,TSM01H002,RE1,18.9522
RE1,COA,PWRCOA,2025,1,RE1,TSM01H002,RE1,22.8961
RE1,COA,PWRCOA,2026,1,RE1,TSM01H002,RE1,26.84
RE1,COA,PWRCOA,2027,1,RE1,TSM01H002,RE1,30.7839
RE1,COA,PWRCOA,2028,1,RE1,TSM01H002,RE1,30.7839
RE1,COA,PWRCOA,2029,1,RE1,TSM01H002,RE1,30.7839
RE1,COA,PWRCOA,2030,1,RE1,TSM01H002,RE1,30.7839
RE1,Elc3,PWRDEM,2020,1,RE1,TSM01H002,RE1,11.0
RE1,Elc3,PWRDEM,2021,1,RE1,TSM01H002,RE1,12.1
RE1,Elc3,PWRDEM,2022,1,RE1,TSM01H002,RE1,13.2
RE1,Elc3,PWRDEM,2023,1,RE1,TSM01H002,RE1,14.3
RE1,Elc3,PWRDEM,2024,1,RE1,TSM01H002,RE1,15.4
RE1,Elc3,PWRDEM,2025,1,RE1,TSM01H002,RE1,16.5
RE1,Elc3,PWRDEM,2026,1,RE1,TSM01H002,RE1,17.6
RE1,Elc3,PWRDEM,2027,1,RE1,TSM01H002,RE1,18.7
RE1,Elc3,PWRDEM,2028,1,RE1,TSM01H002,RE1,18.7
RE1,Elc3,PWRDEM,2029,1,RE1,TSM01H002,RE1,18.7
RE1,Elc3,PWRDEM,2030,1,RE1,TSM01H002,RE1,18.7
RE1,Elc2,PWRDIST,2020,1,RE1,TSM01H002,RE1,11.0
RE1,Elc2,PWRDIST,2021,1,RE1,TSM01H002,RE1,12.1
RE1,Elc2,PWRDIST,2022,1,RE1,TSM01H002,RE1,13.2
RE1,Elc2,PWRDIST,2023,1,RE1,TSM01H002,RE1,14.3
RE1,Elc2,PWRDIST,2024,1,RE1,TSM01H002,RE1,15.4
RE1,Elc2,PWRDIST,2025,1,RE1,TSM01H002,RE1,16.5
RE1,Elc2,PWRDIST,2026,1,RE1,TSM01H002,RE1,17.6
RE1,Elc2,PWRDIST,2027,1,RE1,TSM01H002,RE1,18.7
RE1,Elc2,PWRDIST,2028,1,RE1,TSM01H002,RE1,18.7
RE1,Elc2,PWRDIST,2029,1,RE1,TSM01H002,RE1,18.7
RE1,Elc2,PWRDIST,2030,1,RE1,TSM01H002,RE1,18.7
RE1,Elc,PWRTRN,2020,1,RE1,TSM01H002,RE1,11.0
RE1,Elc,PWRTRN,2021,1,RE1,TSM01H002,RE1,12.1
RE1,Elc,PWRTRN,2022,1,RE1,TSM01H002,RE1,13.2
RE1,Elc,PWRTRN,2023,1,RE1,TSM01H002,RE1,14.3
RE1,Elc,PWRTRN,2024,1,RE1,TSM01H002,RE1,15.4
RE1,Elc,PWRTRN,2025,1,RE1,TSM01H002,RE1,16.5
RE1,Elc,PWRTRN,2026,1,RE1,TSM01H002,RE1,17.6
RE1,Elc,PWRTRN,2027,1,RE1,TSM01H002,RE1,18.7
RE1,Elc,PWRTRN,2028,1,RE1,TSM01H002,RE1,18.7
RE1,Elc,PWRTRN,2029,1,RE1,TSM01H002,RE1,18.7
RE1,Elc,PWRTRN,2030,1,RE1,TSM01H002,RE1,18.7
RE1,WND,PWRWND,2020,1,RE1,TSM01H002,RE1,6.4371
RE1,WND,PWRWND,2021,1,RE1,TSM01H002,RE1,6.4371
RE1,WND,PWRWND,2022,1,RE1,TSM01H002,RE1,6.4371
RE1,WND,PWRWND,2023,1,RE1,TSM01H002,RE1,6.4371
RE1,WND,PWRWND,2024,1,RE1,TSM01H002,RE1,6.4371
RE1,WND,PWRWND,2025,1,RE1,TSM01H002,RE1,6.4371
RE1,WND,PWRWND,2026,1,RE1,TSM01H002,RE1,6.4371
RE1,WND,PWRWND,2027,1,RE1,TSM01H002,RE1,6.4371
RE1,WND,PWRWND,2028,1,RE1,TSM01H002,RE1,6.4371
RE1,WND,PWRWND,2029,1,RE1,TSM01H002,RE1,6.4371
RE1,WND,PWRWND,2030,1,RE1,TSM01H002,RE1,6.4371
RE1,COA,PWRCOA,2020,1,RE1,TSM01H003,RE1,4.7532
RE1,COA,PWRCOA,2021,1,RE1,TSM01H003,RE1,7.1205
RE1,COA,PWRCOA,2022,1,RE1,TSM01H003,RE1,11.0644
RE1,COA,PWRCOA,2023,1,RE1,TSM01H003,RE1,15.0083
RE1,COA,PWRCOA,2024,1,RE1,TSM01H003,RE1,18.9522
RE1,COA,PWRCOA,2025,1,RE1,TSM01H003,RE1,22.8961
RE1,COA,PWRCOA,2026,1,RE1,TSM01H003,RE1,26.84
RE1,COA,PWRCOA,2027,1,RE1,TSM01H003,RE1,30.7839
RE1,COA,PWRCOA,2028,1,RE1,TSM01H003,RE1,30.7839
RE1,COA,PWRCOA,2029,1,RE1,TSM01H003,RE1,30.7839
RE1,COA,PWRCOA,2030,1,RE1,TSM01H003,RE1,30.7839
RE1,Elc3,PWRDEM,2020,1,RE1,TSM01H003,RE1,12.5
RE1,Elc3,PWRDEM,2021,1,RE1,TSM01H003,RE1,13.75
RE1,Elc3,PWRDEM,2022,1,RE1,TSM01H003,RE1,15.0
RE1,Elc3,PWRDEM,2023,1,RE1,TSM01H003,RE1,16.25
RE1,Elc3,PWRDEM,2024,1,RE1,TSM01H003,RE1,17.5
RE1,Elc3,PWRDEM,2025,1,RE1,TSM01H003,RE1,18.75
RE1,Elc3,PWRDEM,2026,1,RE1,TSM01H003,RE1,20.0
RE1,Elc3,PWRDEM,2027,1,RE1,TSM01H003,RE1,21.25
RE1,Elc3,PWRDEM,2028,1,RE1,TSM01H003,RE1,21.25
RE1,Elc3,PWRDEM,2029,1,RE1,TSM01H003,RE1,21.25
RE1,Elc3,PWRDEM,2030,1,RE1,TSM01H003,RE1,21.25
RE1,Elc2,PWRDIST,2020,1,RE1,TSM01H003,RE1,12.5
RE1,Elc2,PWRDIST,2021,1,RE1,TSM01H003,RE1,13.75
RE1,Elc2,PWRDIST,2022,1,RE1,TSM01H003,RE1,15.0
RE1,Elc2,PWRDIST,2023,1,RE1,TSM01H003,RE1,16.25
RE1,Elc2,PWRDIST,2024,1,RE1,TSM01H003,RE1,17.5
RE1,Elc2,PWRDIST,2025,1,RE1,TSM01H003,RE1,18.75
RE1,Elc2,PWRDIST,2026,1,RE1,TSM01H003,RE1,20.0
RE1,Elc2,PWRDIST,2027,1,RE1,TSM01H003,RE1,21.25
RE1,Elc2,PWRDIST,2028,1,RE1,TSM01H003,RE1,21.25
RE1,Elc2,PWRDIST,2029,1,RE1,TSM01H003,RE1,21.25
RE1,Elc2,PWRDIST,2030,1,RE1,TSM01H003,RE1,21.25
RE1,Elc,PWRTRN,2020,1,RE1,TSM01H003,RE1,12.5
RE1,Elc,PWRTRN,2021,1,RE1,TSM01H003,RE1,13.75
RE1,Elc,PWRTRN,2022,1,RE1,TSM01H003,RE1,15.0
RE1,Elc,PWRTRN,2023,1,RE1,TSM01H003,RE1,16.25
RE1,Elc,PWRTRN,2024,1,RE1,TSM01H003,RE1,17.5
RE1,Elc,PWRTRN,2025,1,RE1,TSM01H003,RE1,18.75
RE1,Elc,PWRTRN,2026,1,RE1,TSM01H003,RE1,20.0
RE1,Elc,PWRTRN,2027,1,RE1,TSM01H003,RE1,21.25
RE1,Elc,PWRTRN,2028,1,RE1,TSM01H003,RE1,21.25
RE1,Elc,PWRTRN,2029,1,RE1,TSM01H003,RE1,21.25
RE1,Elc,PWRTRN,2030,1,RE1,TSM01H003,RE1,21.25
RE1,WND,PWRWND,2020,1,RE1,TSM01H003,RE1,5.0237
RE1,WND,PWRWND,2021,1,RE1,TSM01H003,RE1,5.0237
RE1,WND,PWRWND,2022,1,RE1,TSM01H003,RE1,5.0237
RE1,WND,PWRWND,2023,1,RE1,TSM01H003,RE1,5.0237
RE1,WND,PWRWND,2024,1,RE1,TSM01H003,RE1,5.0237
RE1,WND,PWRWND,2025,1,RE1,TSM01H003,RE1,5.0237
RE1,WND,PWRWND,2026,1,RE1,TSM01H003,RE1,5.0237
RE1,WND,PWRWND,2027,1,RE1,TSM01H003,RE1,5.0237
RE1,WND,PWRWND,2028,1,RE1,TSM01H003,RE1,5.0237
RE1,WND,PWRWND,2029,1,RE1,TSM01H003,RE1,5.0237
RE1,WND,PWRWND,2030,1,RE1,TSM01H003,RE1,5.0237
RE1,COA,PWRCOA,2020,1,RE1,TSM01H004,RE1,4.7532
RE1,COA,PWRCOA,2021,1,RE1,TSM01H004,RE1,7.1205
RE1,COA,PWRCOA,2022,1,RE1,TSM01H004,RE1,11.0644
RE1,COA,PWRCOA,2023,1,RE1,TSM01H004,RE1,15.0083
RE1,COA,PWRCOA,2024,1,RE1,TSM01H004,RE1,18.9522
RE1,COA,PWRCOA,2025,1,RE1,TSM01H004,RE1,22.8961
RE1,COA,PWRCOA,2026,1,RE1,TSM01H004,RE1,26.84
RE1,COA,PWRCOA,2027,1,RE1,TSM01H004,RE1,30.7839
RE1,COA,PWRCOA,2028,1,RE1,TSM01H004,RE1,30.7839
RE1,COA,PWRCOA,2029,1,RE1,TSM01H004,RE1,30.7839
RE1,COA,PWRCOA,2030,1,RE1,TSM01H004,RE1,30.7839
RE1,Elc3,PWRDEM,2020,1,RE1,TSM01H004,RE1,14.0
RE1,Elc3,PWRDEM,2021,1,RE1,TSM01H004,RE1,15.4
RE1,Elc3,PWRDEM,2022,1,RE1,TSM01H004,RE1,16.8
RE1,Elc3,PWRDEM,2023,1,RE1,TSM01H004,RE1,18.2
RE1,Elc3,PWRDEM,2024,1,RE1,TSM01H004,RE1,19.6
RE1,Elc3,PWRDEM,2025,1,RE1,TSM01H004,RE1,21.0
RE1,Elc3,PWRDEM,2026,1,RE1,TSM01H004,RE1,22.4
RE1,Elc3,PWRDEM,2027,1,RE1,TSM01H004,RE1,23.8
RE1,Elc3,PWRDEM,2028,1,RE1,TSM01H004,RE1,23.8
RE1,Elc3,PWRDEM,2029,1,RE1,TSM01H004,RE1,23.8
RE1,Elc3,PWRDEM,2030,1,RE1,TSM01H004,RE1,23.8
RE1,Elc2,PWRDIST,2020,1,RE1,TSM01H004,RE1,14.0
RE1,Elc2,PWRDIST,2021,1,RE1,TSM01H004,RE1,15.4
RE1,Elc2,PWRDIST,2022,1,RE1,TSM01H004,RE1,16.8
RE1,Elc2,PWRDIST,2023,1,RE1,TSM01H004,RE1,18.2
RE1,Elc2,PWRDIST,2024,1,RE1,TSM01H004,RE1,19.6
RE1,Elc2,PWRDIST,2025,1,RE1,TSM01H004,RE1,21.0
RE1,Elc2,PWRDIST,2026,1,RE1,TSM01H004,RE1,22.4
RE1,Elc2,PWRDIST,2027,1,RE1,TSM01H004,RE1,23.8
RE1,Elc2,PWRDIST,2028,1,RE1,TSM01H004,RE1,23.8
RE1,Elc2,PWRDIST,2029,1,RE1,TSM01H004,RE1,23.8
RE1,Elc2,PWRDIST,2030,1,RE1,TSM01H004,RE1,23.8
RE1,SOL,PWRSOL,2020,1,RE1,TSM01H004,RE1,0.5479
RE1,SOL,PWRSOL,2021,1,RE1,TSM01H004,RE1,0.6027
RE1,SOL,PWRSOL,2022,1,RE1,TSM01H004,RE1,0.6083
RE1,SOL,PWRSOL,2023,1,RE1,TSM01H004,RE1,0.6139
RE1,SOL,PWRSOL,2024,1,RE1,TSM01H004,RE1,0.6195
RE1,SOL,PWRSOL,2025,1,RE1,TSM01H004,RE1,0.6251
RE1,SOL,PWRSOL,2026,1,RE1,TSM01H004,RE1,0.6306
RE1,SOL,PWRSOL,2027,1,RE1,TSM01H004,RE1,0.6362
RE1,SOL,PWRSOL,2028,1,RE1,TSM01H004,RE1,0.6362
RE1,SOL,PWRSOL,2029,1,RE1,TSM01H004,RE1,0.6362
RE1,SOL,PWRSOL,2030,1,RE1,TSM01H004,RE1,0.6362
RE1,Elc,PWRTRN,2020,1,RE1,TSM01H004,RE1,14.0
RE1,Elc,PWRTRN,2021,1,RE1,TSM01H004,RE1,15.4
RE1,Elc,PWRTRN,2022,1,RE1,TSM01H004,RE1,16.8
RE1,Elc,PWRTRN,2023,1,RE1,TSM01H004,RE1,18.2
RE1,Elc,PWRTRN,2024,1,RE1,TSM01H004,RE1,19.6
RE1,Elc,PWRTRN,2025,1,RE1,TSM01H004,RE1,21.0
RE1,Elc,PWRTRN,2026,1,RE1,TSM01H004,RE1,22.4
RE1,Elc,PWRTRN,2027,1,RE1,TSM01H004,RE1,23.8
RE1,Elc,PWRTRN,2028,1,RE1,TSM01H004,RE1,23.8
RE1,Elc,PWRTRN,2029,1,RE1,TSM01H004,RE1,23.8
RE1,Elc,PWRTRN,2030,1,RE1,TSM01H004,RE1,23.8
RE1,WND,PWRWND,2020,1,RE1,TSM01H004,RE1,3.4399
RE1,WND,PWRWND,2021,1,RE1,TSM01H004,RE1,3.4399
RE1,WND,PWRWND,2022,1,RE1,TSM01H004,RE1,3.4399
RE1,WND,PWRWND,2023,1,RE1,TSM01H004,RE1,3.4399
RE1,WND,PWRWND,2024,1,RE1,TSM01H004,RE1,3.4399
RE1,WND,PWRWND,2025,1,RE1,TSM01H004,RE1,3.4399
RE1,WND,PWRWND,2026,1,RE1,TSM01H004,RE1,3.4399
RE1,WND,PWRWND,2027,1,RE1,TSM01H004,RE1,3.4399
RE1,WND,PWRWND,2028,1,RE1,TSM01H004,RE1,3.4399
RE1,WND,PWRWND,2029,1,RE1,TSM01H004,RE1,3.4399
RE1,WND,PWRWND,2030,1,RE1,TSM01H004,RE1,3.4399
RE1,Elc,PWRBATIN,2021,1,RE1,TSM01H005,RE1,0.1684
RE1,Elc,PWRBATIN,2022,1,RE1,TSM01H005,RE1,0.077
RE1,COA,PWRCOA,2020,1,RE1,TSM01H005,RE1,4.7532
RE1,COA,PWRCOA,2021,1,RE1,TSM01H005,RE1,7.1205
RE1,COA,PWRCOA,2022,1,RE1,TSM01H005,RE1,11.0644
RE1,COA,PWRCOA,2023,1,RE1,TSM01H005,RE1,15.0083
RE1,COA,PWRCOA,2024,1,RE1,TSM01H005,RE1,18.9522
RE1,COA,PWRCOA,2025,1,RE1,TSM01H005,RE1,22.8961
RE1,COA,PWRCOA,2026,1,RE1,TSM01H005,RE1,26.84
RE1,COA,PWRCOA,2027,1,RE1,TSM01H005,RE1,30.7839
RE1,COA,PWRCOA,2028,1,RE1,TSM01H005,RE1,30.7839
RE1,COA,PWRCOA,2029,1,RE1,TSM01H005,RE1,30.7839
RE1,COA,PWRCOA,2030,1,RE1,TSM01H005,RE1,30.7839
RE1,Elc3,PWRDEM,2020,1,RE1,TSM01H005,RE1,15.0
RE1,Elc3,PWRDEM,2021,1,RE1,TSM01H005,RE1,16.5
RE1,Elc3,PWRDEM,2022,1,RE1,TSM01H005,RE1,18.0
RE1,Elc3,PWRDEM,2023,1,RE1,TSM01H005,RE1,19.5
RE1,Elc3,PWRDEM,2024,1,RE1,TSM01H005,RE1,21.0
RE1,Elc3,PWRDEM,2025,1,RE1,TSM01H005,RE1,22.5
RE1,Elc3,PWRDEM,2026,1,RE1,TSM01H005,RE1,24.0
RE1,Elc3,PWRDEM,2027,1,RE1,TSM01H005,RE1,25.5
RE1,Elc3,PWRDEM,2028,1,RE1,TSM01H005,RE1,25.5
RE1,Elc3,PWRDEM,2029,1,RE1,TSM01H005,RE1,25.5
RE1,Elc3,PWRDEM,2030,1,RE1,TSM01H005,RE1,25.5
RE1,Elc2,PWRDIST,2020,1,RE1,TSM01H005,RE1,15.0
RE1,Elc2,PWRDIST,2021,1,RE1,TSM01H005,RE1,16.5
RE1,Elc2,PWRDIST,2022,1,RE1,TSM01H005,RE1,18.0
RE1,Elc2,PWRDIST,2023,1,RE1,TSM01H005,RE1,19.5
RE1,Elc2,PWRDIST,2024,1,RE1,TSM01H005,RE1,21.0
RE1,Elc2,PWRDIST,2025,1,RE1,TSM01H005,RE1,22.5
RE1,Elc2,PWRDIST,2026,1,RE1,TSM01H005,RE1,24.0
RE1,Elc2,PWRDIST,2027,1,RE1,TSM01H005,RE1,25.5
RE1,Elc2,PWRDIST,2028,1,RE1,TSM01H005,RE1,25.5
RE1,Elc2,PWRDIST,2029,1,RE1,TSM01H005,RE1,25.5
RE1,Elc2,PWRDIST,2030,1,RE1,TSM01H005,RE1,25.5
RE1,SOL,PWRSOL,2020,1,RE1,TSM01H005,RE1,9.218
RE1,SOL,PWRSOL,2021,1,RE1,TSM01H005,RE1,10.1397
RE1,SOL,PWRSOL,2022,1,RE1,TSM01H005,RE1,10.2337
RE1,SOL,PWRSOL,2023,1,RE1,TSM01H005,RE1,10.3277
RE1,SOL,PWRSOL,2024,1,RE1,TSM01H005,RE1,10.4217
RE1,SOL,PWRSOL,2025,1,RE1,TSM01H005,RE1,10.5157
RE1,SOL,PWRSOL,2026,1,RE1,TSM01H005,RE1,10.6097
RE1,SOL,PWRSOL,2027,1,RE1,TSM01H005,RE1,10.7037
RE1,SOL,PWRSOL,2028,1,RE1,TSM01H005,RE1,10.7037
RE1,SOL,PWRSOL,2029,1,RE1,TSM01H005,RE1,10.7037
RE1,SOL,PWRSOL,2030,1,RE1,TSM01H005,RE1,10.7037
RE1,Elc,PWRTRN,2020,1,RE1,TSM01H005,RE1,15.0
RE1,Elc,PWRTRN,2021,1,RE1,TSM01H005,RE1,16.5
RE1,Elc,PWRTRN,2022,1,RE1,TSM01H005,RE1,18.0
RE1,Elc,PWRTRN,2023,1,RE1,TSM01H005,RE1,19.5
RE1,Elc,PWRTRN,2024,1,RE1,TSM01H005,RE1,21.0
RE1,Elc,PWRTRN,2025,1,RE1,TSM01H005,RE1,22.5
RE1,Elc,PWRTRN,2026,1,RE1,TSM01H005,RE1,24.0
RE1,Elc,PWRTRN,2027,1,RE1,TSM01H005,RE1,25.5
RE1,Elc,PWRTRN,2028,1,RE1,TSM01H005,RE1,25.5
RE1,Elc,PWRTRN,2029,1,RE1,TSM01H005,RE1,25.5
RE1,Elc,PWRTRN,2030,1,RE1,TSM01H005,RE1,25.5
RE1,WND,PWRWND,2020,1,RE1,TSM01H005,RE1,4.1552
RE1,WND,PWRWND,2021,1,RE1,TSM01H005,RE1,4.1552
RE1,WND,PWRWND,2022,1,RE1,TSM01H005,RE1,4.1552
RE1,WND,PWRWND,2023,1,RE1,TSM01H005,RE1,4.1552
RE1,WND,PWRWND,2024,1,RE1,TSM01H005,RE1,4.1552
RE1,WND,PWRWND,2025,1,RE1,TSM01H005,RE1,4.1552
RE1,WND,PWRWND,2026,1,RE1,TSM01H005,RE1,4.1552
RE1,WND,PWRWND,2027,1,RE1,TSM01H005,RE1,4.1552
RE1,WND,PWRWND,2028,1,RE1,TSM01H005,RE1,4.1552
RE1,WND,PWRWND,2029,1,RE1,TSM01H005,RE1,4.1552
RE1,WND,PWRWND,2030,1,RE1,TSM01H005,RE1,4.1552
RE1,Elc,PWRBATIN,2020,1,RE1,TSM01H006,RE1,8.3559
RE1,Elc,PWRBATIN,2021,1,RE1,TSM01H006,RE1,9.4625
RE1,Elc,PWRBATIN,2022,1,RE1,TSM01H006,RE1,9.4625
RE1,Elc,PWRBATIN,2023,1,RE1,TSM01H006,RE1,9.4625
RE1,Elc,PWRBATIN,2024,1,RE1,TSM01H006,RE1,9.4625
RE1,Elc,PWRBATIN,2025,1,RE1,TSM01H006,RE1,9.4625
RE1,Elc,PWRBATIN,2026,1,RE1,TSM01H006,RE1,9.4625
RE1,Elc,PWRBATIN,2027,1,RE1,TSM01H006,RE1,9.4625
RE1,Elc,PWRBATIN,2028,1,RE1,TSM01H006,RE1,9.4625
RE1,Elc,PWRBATIN,2029,1,RE1,TSM01H006,RE1,9.4625
RE1,Elc,PWRBATIN,2030,1,RE1,TSM01H006,RE1,9.4625
RE1,COA,PWRCOA,2020,1,RE1,TSM01H006,RE1,4.7532
RE1,COA,PWRCOA,2021,1,RE1,TSM01H006,RE1,7.1205
RE1,COA,PWRCOA,2022,1,RE1,TSM01H006,RE1,11.0644
RE1,COA,PWRCOA,2023,1,RE1,TSM01H006,RE1,15.0083
RE1,COA,PWRCOA,2024,1,RE1,TSM01H006,RE1,18.9522
RE1,COA,PWRCOA,2025,1,RE1,TSM01H006,RE1,22.8961
RE1,COA,PWRCOA,2026,1,RE1,TSM01H006,RE1,26.84
RE1,COA,PWRCOA,2027,1,RE1,TSM01H006,RE1,30.7839
RE1,COA,PWRCOA,2028,1,RE1,TSM01H006,RE1,30.7839
RE1,COA,PWRCOA,2029,1,RE1,TSM01H006,RE1,30.7839
RE1,COA,PWRCOA,2030,1,RE1,TSM01H006,RE1,30.7839
RE1,Elc3,PWRDEM,2020,1,RE1,TSM01H006,RE1,15.0
RE1,Elc3,PWRDEM,2021,1,RE1,TSM01H006,RE1,16.5
RE1,Elc3,PWRDEM,2022,1,RE1,TSM01H006,RE1,18.0
RE1,Elc3,PWRDEM,2023,1,RE1,TSM01H006,RE1,19.5
RE1,Elc3,PWRDEM,2024,1,RE1,TSM01H006,RE1,21.0
RE1,Elc3,PWRDEM,2025,1,RE1,TSM01H006,RE1,22.5
RE1,Elc3,PWRDEM,2026,1,RE1,TSM01H006,RE1,24.0
RE1,Elc3,PWRDEM,2027,1,RE1,TSM01H006,RE1,25.5
RE1,Elc3,PWRDEM,2028,1,RE1,TSM01H006,RE1,25.5
RE1,Elc3,PWRDEM,2029,1,RE1,TSM01H006,RE1,25.5
RE1,Elc3,PWRDEM,2030,1,RE1,TSM01H006,RE1,25.5
RE1,Elc2,PWRDIST,2020,1,RE1,TSM01H006,RE1,15.0
RE1,Elc2,PWRDIST,2021,1,RE1,TSM01H006,RE1,16.5
RE1,Elc2,PWRDIST,2022,1,RE1,TSM01H006,RE1,18.0
RE1,Elc2,PWRDIST,2023,1,RE1,TSM01H006,RE1,19.5
RE1,Elc2,PWRDIST,2024,1,RE1,TSM01H006,RE1,21.0
RE1,Elc2,PWRDIST,2025,1,RE1,TSM01H006,RE1,22.5
RE1,Elc2,PWRDIST,2026,1,RE1,TSM01H006,RE1,24.0
RE1,Elc2,PWRDIST,2027,1,RE1,TSM01H006,RE1,25.5
RE1,Elc2,PWRDIST,2028,1,RE1,TSM01H006,RE1,25.5
RE1,Elc2,PWRDIST,2029,1,RE1,TSM01H006,RE1,25.5
RE1,Elc2,PWRDIST,2030,1,RE1,TSM01H006,RE1,25.5
RE1,SOL,PWRSOL,2020,1,RE1,TSM01H006,RE1,18.1782
RE1,SOL,PWRSOL,2021,1,RE1,TSM01H006,RE1,19.9958
RE1,SOL,PWRSOL,2022,1,RE1,TSM01H006,RE1,20.1812
RE1,SOL,PWRSOL,2023,1,RE1,TSM01H006,RE1,20.3665
RE1,SOL,PWRSOL,2024,1,RE1,TSM01H006,RE1,20.5519
RE1,SOL,PWRSOL,2025,1,RE1,TSM01H006,RE1,20.7373
RE1,SOL,PWRSOL,2026,1,RE1,TSM01H006,RE1,20.9226
RE1,SOL,PWRSOL,2027,1,RE1,TSM01H006,RE1,21.108
RE1,SOL,PWRSOL,2028,1,RE1,TSM01H006,RE1,21.108
RE1,SOL,PWRSOL,2029,1,RE1,TSM01H006,RE1,21.108
RE1,SOL,PWRSOL,2030,1,RE1,TSM01H006,RE1,21.108
RE1,Elc,PWRTRN,2020,1,RE1,TSM01H006,RE1,15.0
RE1,Elc,PWRTRN,2021,1,RE1,TSM01H006,RE1,16.5
RE1,Elc,PWRTRN,2022,1,RE1,TSM01H006,RE1,18.0
RE1,Elc,PWRTRN,2023,1,RE1,TSM01H006,RE1,19.5
RE1,Elc,PWRTRN,2024,1,RE1,TSM01H006,RE1,21.0
RE1,Elc,PWRTRN,2025,1,RE1,TSM01H006,RE1,22.5
RE1,Elc,PWRTRN,2026,1,RE1,TSM01H006,RE1,24.0
RE1,Elc,PWRTRN,2027,1,RE1,TSM01H006,RE1,25.5
RE1,Elc,PWRTRN,2028,1,RE1,TSM01H006,RE1,25.5
RE1,Elc,PWRTRN,2029,1,RE1,TSM01H006,RE1,25.5
RE1,Elc,PWRTRN,2030,1,RE1,TSM01H006,RE1,25.5
RE1,WND,PWRWND,2020,1,RE1,TSM01H006,RE1,3.5932
RE1,WND,PWRWND,2021,1,RE1,TSM01H006,RE1,3.5932
RE1,WND,PWRWND,2022,1,RE1,TSM01H006,RE1,3.5932
RE1,WND,PWRWND,2023,1,RE1,TSM01H006,RE1,3.5932
RE1,WND,PWRWND,2024,1,RE1,TSM01H006,RE1,3.5932
RE1,WND,PWRWND,2025,1,RE1,TSM01H006,RE1,3.5932
RE1,WND,PWRWND,2026,1,RE1,TSM01H006,RE1,3.5932
RE1,WND,PWRWND,2027,1,RE1,TSM01H006,RE1,3.5932
RE1,WND,PWRWND,2028,1,RE1,TSM01H006,RE1,3.5932
RE1,WND,PWRWND,2029,1,RE1,TSM01H006,RE1,3.5932
RE1,WND,PWRWND,2030,1,RE1,TSM01H006,RE1,3.5932
RE1,Elc,PWRBATIN,2020,1,RE1,TSM01H007,RE1,8.4277
RE1,Elc,PWRBATIN,2021,1,RE1,TSM01H007,RE1,9.4625
RE1,Elc,PWRBATIN,2022,1,RE1,TSM01H007,RE1,9.4625
RE1,Elc,PWRBATIN,2023,1,RE1,TSM01H007,RE1,9.4625
RE1,Elc,PWRBATIN,2024,1,RE1,TSM01H007,RE1,9.4625
RE1,Elc,PWRBATIN,2025,1,RE1,TSM01H007,RE1,9.4625
RE1,Elc,PWRBATIN,2026,1,RE1,TSM01H007,RE1,9.4625
RE1,Elc,PWRBATIN,2027,1,RE1,TSM01H007,RE1,9.4625
RE1,Elc,PWRBATIN,2028,1,RE1,TSM01H007,RE1,9.4625
RE1,Elc,PWRBATIN,2029,1,RE1,TSM01H007,RE1,9.4625
RE1,Elc,PWRBATIN,2030,1,RE1,TSM01H007,RE1,9.4625
RE1,COA,PWRCOA,2021,1,RE1,TSM01H007,RE1,7.1205
RE1,COA,PWRCOA,2022,1,RE1,TSM01H007,RE1,11.0644
RE1,COA,PWRCOA,2023,1,RE1,TSM01H007,RE1,15.0083
RE1,COA,PWRCOA,2024,1,RE1,TSM01H007,RE1,18.8957
RE1,COA,PWRCOA,2025,1,RE1,TSM01H007,RE1,22.6897
RE1,COA,PWRCOA,2026,1,RE1,TSM01H007,RE1,26.4836
RE1,COA,PWRCOA,2027,1,RE1,TSM01H007,RE1,30.2775
RE1,COA,PWRCOA,2028,1,RE1,TSM01H007,RE1,30.2775
RE1,COA,PWRCOA,2029,1,RE1,TSM01H007,RE1,30.2775
RE1,COA,PWRCOA,2030,1,RE1,TSM01H007,RE1,30.2775
RE1,Elc3,PWRDEM,2020,1,RE1,TSM01H007,RE1,14.5
RE1,Elc3,PWRDEM,2021,1,RE1,TSM01H007,RE1,15.95
RE1,Elc3,PWRDEM,2022,1,RE1,TSM01H007,RE1,17.4
RE1,Elc3,PWRDEM,2023,1,RE1,TSM01H007,RE1,18.85
RE1,Elc3,PWRDEM,2024,1,RE1,TSM01H007,RE1,20.3
RE1,Elc3,PWRDEM,2025,1,RE1,TSM01H007,RE1,21.75
RE1,Elc3,PWRDEM,2026,1,RE1,TSM01H007,RE1,23.2
RE1,Elc3,PWRDEM,2027,1,RE1,TSM01H007,RE1,24.65
RE1,Elc3,PWRDEM,2028,1,RE1,TSM01H007,RE1,24.65
RE1,Elc3,PWRDEM,2029,1,RE1,TSM01H007,RE1,24.65
RE1,Elc3,PWRDEM,2030,1,RE1,TSM01H007,RE1,24.65
RE1,Elc2,PWRDIST,2020,1,RE1,TSM01H007,RE1,14.5
RE1,Elc2,PWRDIST,2021,1,RE1,TSM01H007,RE1,15.95
RE1,Elc2,PWRDIST,2022,1,RE1,TSM01H007,RE1,17.4
RE1,Elc2,PWRDIST,2023,1,RE1,TSM01H007,RE1,18.85
RE1,Elc2,PWRDIST,2024,1,RE1,TSM01H007,RE1,20.3
RE1,Elc2,PWRDIST,2025,1,RE1,TSM01H007,RE1,21.75
RE1,Elc2,PWRDIST,2026,1,RE1,TSM01H007,RE1,23.2
RE1,Elc2,PWRDIST,2027,1,RE1,TSM01H007,RE1,24.65
RE1,Elc2,PWRDIST,2028,1,RE1,TSM01H007,RE1,24.65
RE1,Elc2,PWRDIST,2029,1,RE1,TSM01H007,RE1,24.65
RE1,Elc2,PWRDIST,2030,1,RE1,TSM01H007,RE1,24.65
RE1,SOL,PWRSOL,2020,1,RE1,TSM01H007,RE1,20.0157
RE1,SOL,PWRSOL,2021,1,RE1,TSM01H007,RE1,20.127
RE1,SOL,PWRSOL,2022,1,RE1,TSM01H007,RE1,20.2623
RE1,SOL,PWRSOL,2023,1,RE1,TSM01H007,RE1,20.3977
RE1,SOL,PWRSOL,2024,1,RE1,TSM01H007,RE1,20.5519
RE1,SOL,PWRSOL,2025,1,RE1,TSM01H007,RE1,20.7373
RE1,SOL,PWRSOL,2026,1,RE1,TSM01H007,RE1,20.9226
RE1,SOL,PWRSOL,2027,1,RE1,TSM01H007,RE1,21.108
RE1,SOL,PWRSOL,2028,1,RE1,TSM01H007,RE1,21.108
RE1,SOL,PWRSOL,2029,1,RE1,TSM01H007,RE1,21.108
RE1,SOL,PWRSOL,2030,1,RE1,TSM01H007,RE1,21.108
RE1,Elc,PWRTRN,2020,1,RE1,TSM01H007,RE1,14.5
RE1,Elc,PWRTRN,2021,1,RE1,TSM01H007,RE1,15.95
RE1,Elc,PWRTRN,2022,1,RE1,TSM01H007,RE1,17.4
RE1,Elc,PWRTRN,2023,1,RE1,TSM01H007,RE1,18.85
RE1,Elc,PWRTRN,2024,1,RE1,TSM01H007,RE1,20.3
RE1,Elc,PWRTRN,2025,1,RE1,TSM01H007,RE1,21.75
RE1,Elc,PWRTRN,2026,1,RE1,TSM01H007,RE1,23.2
RE1,Elc,PWRTRN,2027,1,RE1,TSM01H007,RE1,24.65
RE1,Elc,PWRTRN,2028,1,RE1,TSM01H007,RE1,24.65
RE1,Elc,PWRTRN,2029,1,RE1,TSM01H007,RE1,24.65
RE1,Elc,PWRTRN,2030,1,RE1,TSM01H007,RE1,24.65
RE1,WND,PWRWND,2020,1,RE1,TSM01H007,RE1,2.912
RE1,WND,PWRWND,2021,1,RE1,TSM01H007,RE1,2.912
RE1,WND,PWRWND,2022,1,RE1,TSM01H007,RE1,2.912
RE1,WND,PWRWND,2023,1,RE1,TSM01H007,RE1,2.912
RE1,WND,PWRWND,2024,1,RE1,TSM01H007,RE1,2.912
RE1,WND,PWRWND,2025,1,RE1,TSM01H007,RE1,2.912
RE1,WND,PWRWND,2026,1,RE1,TSM01H007,RE1,2.912
RE1,WND,PWRWND,2027,1,RE1,TSM01H007,RE1,2.912
RE1,WND,PWRWND,2028,1,RE1,TSM01H007,RE1,2.912
RE1,WND,PWRWND,2029,1,RE1,TSM01H007,RE1,2.912
RE1,WND,PWRWND,2030,1,RE1,TSM01H007,RE1,2.912
RE1,Elc,PWRBATIN,2020,1,RE1,TSM01H008,RE1,7.4232
RE1,Elc,PWRBATIN,2021,1,RE1,TSM01H008,RE1,8.4945
RE1,Elc,PWRBATIN,2022,1,RE1,TSM01H008,RE1,8.5807
RE1,Elc,PWRBATIN,2023,1,RE1,TSM01H008,RE1,8.6668
RE1,Elc,PWRBATIN,2024,1,RE1,TSM01H008,RE1,8.753
RE1,Elc,PWRBATIN,2025,1,RE1,TSM01H008,RE1,8.8392
RE1,Elc,PWRBATIN,2026,1,RE1,TSM01H008,RE1,8.9254
RE1,Elc,PWRBATIN,2027,1,RE1,TSM01H008,RE1,9.0116
RE1,Elc,PWRBATIN,2028,1,RE1,TSM01H008,RE1,9.0116
RE1,Elc,PWRBATIN,2029,1,RE1,TSM01H008,RE1,9.0116
RE1,Elc,PWRBATIN,2030,1,RE1,TSM01H008,RE1,9.0116
RE1,COA,PWRCOA,2020,1,RE1,TSM01H008,RE1,4.7532
RE1,COA,PWRCOA,2021,1,RE1,TSM01H008,RE1,7.1205
RE1,COA,PWRCOA,2022,1,RE1,TSM01H008,RE1,11.0644
RE1,COA,PWRCOA,2023,1,RE1,TSM01H008,RE1,15.0083
RE1,COA,PWRCOA,2024,1,RE1,TSM01H008,RE1,18.9522
RE1,COA,PWRCOA,2025,1,RE1,TSM01H008,RE1,22.8961
RE1,COA,PWRCOA,2026,1,RE1,TSM01H008,RE1,26.84
RE1,COA,PWRCOA,2027,1,RE1,TSM01H008,RE1,30.7839
RE1,COA,PWRCOA,2028,1,RE1,TSM01H008,RE1,30.7839
RE1,COA,PWRCOA,2029,1,RE1,TSM01H008,RE1,30.7839
RE1,COA,PWRCOA,2030,1,RE1,TSM01H008,RE1,30.7839
RE1,Elc3,PWRDEM,2020,1,RE1,TSM01H008,RE1,14.0
RE1,Elc3,PWRDEM,2021,1,RE1,TSM01H008,RE1,15.4
RE1,Elc3,PWRDEM,2022,1,RE1,TSM01H008,RE1,16.8
RE1,Elc3,PWRDEM,2023,1,RE1,TSM01H008,RE1,18.2
RE1,Elc3,PWRDEM,2024,1,RE1,TSM01H008,RE1,19.6
RE1,Elc3,PWRDEM,2025,1,RE1,TSM01H008,RE1,21.0
RE1,Elc3,PWRDEM,2026,1,RE1,TSM01H008,RE1,22.4
RE1,Elc3,PWRDEM,2027,1,RE1,TSM01H008,RE1,23.8
RE1,Elc3,PWRDEM,2028,1,RE1,TSM01H008,RE1,23.8
RE1,Elc3,PWRDEM,2029,1,RE1,TSM01H008,RE1,23.8
RE1,Elc3,PWRDEM,2030,1,RE1,TSM01H008,RE1,23.8
RE1,Elc2,PWRDIST,2020,1,RE1,TSM01H008,RE1,14.0
RE1,Elc2,PWRDIST,2021,1,RE1,TSM01H008,RE1,15.4
RE1,Elc2,PWRDIST,2022,1,RE1,TSM01H008,RE1,16.8
RE1,Elc2,PWRDIST,2023,1,RE1,TSM01H008,RE1,18.2
RE1,Elc2,PWRDIST,2024,1,RE1,TSM01H008,RE1,19.6
RE1,Elc2,PWRDIST,2025,1,RE1,TSM01H008,RE1,21.0
RE1,Elc2,PWRDIST,2026,1,RE1,TSM01H008,RE1,22.4
RE1,Elc2,PWRDIST,2027,1,RE1,TSM01H008,RE1,23.8
RE1,Elc2,PWRDIST,2028,1,RE1,TSM01H008,RE1,23.8
RE1,Elc2,PWRDIST,2029,1,RE1,TSM01H008,RE1,23.8
RE1,Elc2,PWRDIST,2030,1,RE1,TSM01H008,RE1,23.8
RE1,SOL,PWRSOL,2020,1,RE1,TSM01H008,RE1,16.8246
RE1,SOL,PWRSOL,2021,1,RE1,TSM01H008,RE1,18.5068
RE1,SOL,PWRSOL,2022,1,RE1,TSM01H008,RE1,18.6783
RE1,SOL,PWRSOL,2023,1,RE1,TSM01H008,RE1,18.8499
RE1,SOL,PWRSOL,2024,1,RE1,TSM01H008,RE1,19.0214
RE1,SOL,PWRSOL,2025,1,RE1,TSM01H008,RE1,19.193
RE1,SOL,PWRSOL,2026,1,RE1,TSM01H008,RE1,19.3646
RE1,SOL,PWRSOL,2027,1,RE1,TSM01H008,RE1,19.5361
RE1,SOL,PWRSOL,2028,1,RE1,TSM01H008,RE1,19.5361
RE1,SOL,PWRSOL,2029,1,RE1,TSM01H008,RE1,19.5361
RE1,SOL,PWRSOL,2030,1,RE1,TSM01H008,RE1,19.5361
RE1,Elc,PWRTRN,2020,1,RE1,TSM01H008,RE1,14.0
RE1,Elc,PWRTRN,2021,1,RE1,TSM01H008,RE1,15.4
RE1,Elc,PWRTRN,2022,1,RE1,TSM01H008,RE1,16.8
RE1,Elc,PWRTRN,2023,1,RE1,TSM01H008,RE1,18.2
RE1,Elc,PWRTRN,2024,1,RE1,TSM01H008,RE1,19.6
RE1,Elc,PWRTRN,2025,1,RE1,TSM01H008,RE1,21.0
RE1,Elc,PWRTRN,2026,1,RE1,TSM01H008,RE1,22.4
RE1,Elc,PWRTRN,2027,1,RE1,TSM01H008,RE1,23.8
RE1,Elc,PWRTRN,2028,1,RE1,TSM01H008,RE1,23.8
RE1,Elc,PWRTRN,2029,1,RE1,TSM01H008,RE1,23.8
RE1,Elc,PWRTRN,2030,1,RE1,TSM01H008,RE1,23.8
RE1,WND,PWRWND,2020,1,RE1,TSM01H008,RE1,3.0142
RE1,WND,PWRWND,2021,1,RE1,TSM01H008,RE1,3.0142
RE1,WND,PWRWND,2022,1,RE1,TSM01H008,RE1,3.0142
RE1,WND,PWRWND,2023,1,RE1,TSM01H008,RE1,3.0142
RE1,WND,PWRWND,2024,1,RE1,TSM01H008,RE1,3.0142
RE1,WND,PWRWND,2025,1,RE1,TSM01H008,RE1,3.0142
RE1,WND,PWRWND,2026,1,RE1,TSM01H008,RE1,3.0142
RE1,WND,PWRWND,2027,1,RE1,TSM01H008,RE1,3.0142
RE1,WND,PWRWND,2028,1,RE1,TSM01H008,RE1,3.0142
RE1,WND,PWRWND,2029,1,RE1,TSM01H008,RE1,3.0142
RE1,WND,PWRWND,2030,1,RE1,TSM01H008,RE1,3.0142
RE1,Elc,PWRBATIN,2020,1,RE1,TSM01H009,RE1,0.4334
RE1,Elc,PWRBATIN,2021,1,RE1,TSM01H009,RE1,0.4959
RE1,Elc,PWRBATIN,2022,1,RE1,TSM01H009,RE1,0.3894
RE1,Elc,PWRBATIN,2023,1,RE1,TSM01H009,RE1,0.2829
RE1,Elc,PWRBATIN,2024,1,RE1,TSM01H009,RE1,0.1765
RE1,Elc,PWRBATIN,2025,1,RE1,TSM01H009,RE1,0.07
RE1,COA,PWRCOA,2020,1,RE1,TSM01H009,RE1,4.7532
RE1,COA,PWRCOA,2021,1,RE1,TSM01H009,RE1,7.1205
RE1,COA,PWRCOA,2022,1,RE1,TSM01H009,RE1,11.0644
RE1,COA,PWRCOA,2023,1,RE1,TSM01H009,RE1,15.0083
RE1,COA,PWRCOA,2024,1,RE1,TSM01H009,RE1,18.9522
RE1,COA,PWRCOA,2025,1,RE1,TSM01H009,RE1,22.8961
RE1,COA,PWRCOA,2026,1,RE1,TSM01H009,RE1,26.84
RE1,COA,PWRCOA,2027,1,RE1,TSM01H009,RE1,30.7839
RE1,COA,PWRCOA,2028,1,RE1,TSM01H009,RE1,30.7839
RE1,COA,PWRCOA,2029,1,RE1,TSM01H009,RE1,30.7839
RE1,COA,PWRCOA,2030,1,RE1,TSM01H009,RE1,30.7839
RE1,Elc3,PWRDEM,2020,1,RE1,TSM01H009,RE1,15.0
RE1,Elc3,PWRDEM,2021,1,RE1,TSM01H009,RE1,16.5
RE1,Elc3,PWRDEM,2022,1,RE1,TSM01H009,RE1,18.0
RE1,Elc3,PWRDEM,2023,1,RE1,TSM01H009,RE1,19.5
RE1,Elc3,PWRDEM,2024,1,RE1,TSM01H009,RE1,21.0
RE1,Elc3,PWRDEM,2025,1,RE1,TSM01H009,RE1,22.5
RE1,Elc3,PWRDEM,2026,1,RE1,TSM01H009,RE1,24.0
RE1,Elc3,PWRDEM,2027,1,RE1,TSM01H009,RE1,25.5
RE1,Elc3,PWRDEM,2028,1,RE1,TSM01H009,RE1,25.5
RE1,Elc3,PWRDEM,2029,1,RE1,TSM01H009,RE1,25.5
RE1,Elc3,PWRDEM,2030,1,RE1,TSM01H009,RE1,25.5
RE1,Elc2,PWRDIST,2020,1,RE1,TSM01H009,RE1,15.0
RE1,Elc2,PWRDIST,2021,1,RE1,TSM01H009,RE1,16.5
RE1,Elc2,PWRDIST,2022,1,RE1,TSM01H009,RE1,18.0
RE1,Elc2,PWRDIST,2023,1,RE1,TSM01H009,RE1,19.5
RE1,Elc2,PWRDIST,2024,1,RE1,TSM01H009,RE1,21.0
RE1,Elc2,PWRDIST,2025,1,RE1,TSM01H009,RE1,22.5
RE1,Elc2,PWRDIST,2026,1,RE1,TSM01H009,RE1,24.0
RE1,Elc2,PWRDIST,2027,1,RE1,TSM01H009,RE1,25.5
RE1,Elc2,PWRDIST,2028,1,RE1,TSM01H009,RE1,25.5
RE1,Elc2,PWRDIST,2029,1,RE1,TSM01H009,RE1,25.5
RE1,Elc2,PWRDIST,2030,1,RE1,TSM01H009,RE1,25.5
RE1,SOL,PWRSOL,2020,1,RE1,TSM01H009,RE1,7.7354
RE1,SOL,PWRSOL,2021,1,RE1,TSM01H009,RE1,8.5089
RE1,SOL,PWRSOL,2022,1,RE1,TSM01H009,RE1,8.5877
RE1,SOL,PWRSOL,2023,1,RE1,TSM01H009,RE1,8.6666
RE1,SOL,PWRSOL,2024,1,RE1,TSM01H009,RE1,8.7455
RE1,SOL,PWRSOL,2025,1,RE1,TSM01H009,RE1,8.8244
RE1,SOL,PWRSOL,2026,1,RE1,TSM01H009,RE1,8.9032
RE1,SOL,PWRSOL,2027,1,RE1,TSM01H009,RE1,8.9821
RE1,SOL,PWRSOL,2028,1,RE1,TSM01H009,RE1,8.9821
RE1,SOL,PWRSOL,2029,1,RE1,TSM01H009,RE1,8.9821
RE1,SOL,PWRSOL,2030,1,RE1,TSM01H009,RE1,8.9821
RE1,Elc,PWRTRN,2020,1,RE1,TSM01H009,RE1,15.0
RE1,Elc,PWRTRN,2021,1,RE1,TSM01H009,RE1,16.5
RE1,Elc,PWRTRN,2022,1,RE1,TSM01H009,RE1,18.0
RE1,Elc,PWRTRN,2023,1,RE1,TSM01H009,RE1,19.5
RE1,Elc,PWRTRN,2024,1,RE1,TSM01H009,RE1,21.0
RE1,Elc,PWRTRN,2025,1,RE1,TSM01H009,RE1,22.5
RE1,Elc,PWRTRN,2026,1,RE1,TSM01H009,RE1,24.0
RE1,Elc,PWRTRN,2027,1,RE1,TSM01H009,RE1,25.5
RE1,Elc,PWRTRN,2028,1,RE1,TSM01H009,RE1,25.5
RE1,Elc,PWRTRN,2029,1,RE1,TSM01H009,RE1,25.5
RE1,Elc,PWRTRN,2030,1,RE1,TSM01H009,RE1,25.5
RE1,WND,PWRWND,2020,1,RE1,TSM01H009,RE1,6.1136
RE1,WND,PWRWND,2021,1,RE1,TSM01H009,RE1,6.1136
RE1,WND,PWRWND,2022,1,RE1,TSM01H009,RE1,6.1136
RE1,WND,PWRWND,2023,1,RE1,TSM01H009,RE1,6.1136
RE1,WND,PWRWND,2024,1,RE1,TSM01H009,RE1,6.1136
RE1,WND,PWRWND,2025,1,RE1,TSM01H009,RE1,6.1136
RE1,WND,PWRWND,2026,1,RE1,TSM01H009,RE1,6.1136
RE1,WND,PWRWND,2027,1,RE1,TSM01H009,RE1,6.1136
RE1,WND,PWRWND,2028,1,RE1,TSM01H009,RE1,6.1136
RE1,WND,PWRWND,2029,1,RE1,TSM01H009,RE1,6.1136
RE1,WND,PWRWND,2030,1,RE1,TSM01H009,RE1,6.1136
RE1,COA,PWRCOA,2020,1,RE1,TSM01H010,RE1,4.7532
RE1,COA,PWRCOA,2021,1,RE1,TSM01H010,RE1,7.1205
RE1,COA,PWRCOA,2022,1,RE1,TSM01H010,RE1,11.0644
RE1,COA,PWRCOA,2023,1,RE1,TSM01H010,RE1,15.0083
RE1,COA,PWRCOA,2024,1,RE1,TSM01H010,RE1,18.9522
RE1,COA,PWRCOA,2025,1,RE1,TSM01H010,RE1,22.8961
RE1,COA,PWRCOA,2026,1,RE1,TSM01H010,RE1,26.84
RE1,COA,PWRCOA,2027,1,RE1,TSM01H010,RE1,30.7839
RE1,COA,PWRCOA,2028,1,RE1,TSM01H010,RE1,30.7839
RE1,COA,PWRCOA,2029,1,RE1,TSM01H010,RE1,30.7839
RE1,COA,PWRCOA,2030,1,RE1,TSM01H010,RE1,30.7839
RE1,Elc3,PWRDEM,2020,1,RE1,TSM01H010,RE1,16.0
RE1,Elc3,PWRDEM,2021,1,RE1,TSM01H010,RE1,17.6
RE1,Elc3,PWRDEM,2022,1,RE1,TSM01H010,RE1,19.2
RE1,Elc3,PWRDEM,2023,1,RE1,TSM01H010,RE1,20.8
RE1,Elc3,PWRDEM,2024,1,RE1,TSM01H010,RE1,22.4
RE1,Elc3,PWRDEM,2025,1,RE1,TSM01H010,RE1,24.0
RE1,Elc3,PWRDEM,2026,1,RE1,TSM01H010,RE1,25.6
RE1,Elc3,PWRDEM,2027,1,RE1,TSM01H010,RE1,27.2
RE1,Elc3,PWRDEM,2028,1,RE1,TSM01H010,RE1,27.2
RE1,Elc3,PWRDEM,2029,1,RE1,TSM01H010,RE1,27.2
RE1,Elc3,PWRDEM,2030,1,RE1,TSM01H010,RE1,27.2
RE1,Elc2,PWRDIST,2020,1,RE1,TSM01H010,RE1,16.0
RE1,Elc2,PWRDIST,2021,1,RE1,TSM01H010,RE1,17.6
RE1,Elc2,PWRDIST,2022,1,RE1,TSM01H010,RE1,19.2
RE1,Elc2,PWRDIST,2023,1,RE1,TSM01H010,RE1,20.8
RE1,Elc2,PWRDIST,2024,1,RE1,TSM01H010,RE1,22.4
RE1,Elc2,PWRDIST,2025,1,RE1,TSM01H010,RE1,24.0
RE1,Elc2,PWRDIST,2026,1,RE1,TSM01H010,RE1,25.6
RE1,Elc2,PWRDIST,2027,1,RE1,TSM01H010,RE1,27.2
RE1,Elc2,PWRDIST,2028,1,RE1,TSM01H010,RE1,27.2
RE1,Elc2,PWRDIST,2029,1,RE1,TSM01H010,RE1,27.2
RE1,Elc2,PWRDIST,2030,1,RE1,TSM01H010,RE1,27.2
RE1,SOL,PWRSOL,2020,1,RE1,TSM01H010,RE1,0.3545
RE1,SOL,PWRSOL,2021,1,RE1,TSM01H010,RE1,0.39
RE1,SOL,PWRSOL,2022,1,RE1,TSM01H010,RE1,0.3936
RE1,SOL,PWRSOL,2023,1,RE1,TSM01H010,RE1,0.3972
RE1,SOL,PWRSOL,2024,1,RE1,TSM01H010,RE1,0.4008
RE1,SOL,PWRSOL,2025,1,RE1,TSM01H010,RE1,0.4044
RE1,SOL,PWRSOL,2026,1,RE1,TSM01H010,RE1,0.4081
RE1,SOL,PWRSOL,2027,1,RE1,TSM01H010,RE1,0.4117
RE1,SOL,PWRSOL,2028,1,RE1,TSM01H010,RE1,0.4117
RE1,SOL,PWRSOL,2029,1,RE1,TSM01H010,RE1,0.4117
RE1,SOL,PWRSOL,2030,1,RE1,TSM01H010,RE1,0.4117
RE1,Elc,PWRTRN,2020,1,RE1,TSM01H010,RE1,16.0
RE1,Elc,PWRTRN,2021,1,RE1,TSM01H010,RE1,17.6
RE1,Elc,PWRTRN,2022,1,RE1,TSM01H010,RE1,19.2
RE1,Elc,PWRTRN,2023,1,RE1,TSM01H010,RE1,20.8
RE1,Elc,PWRTRN,2024,1,RE1,TSM01H010,RE1,22.4
RE1,Elc,PWRTRN,2025,1,RE1,TSM01H010,RE1,24.0
RE1,Elc,PWRTRN,2026,1,RE1,TSM01H010,RE1,25.6
RE1,Elc,PWRTRN,2027,1,RE1,TSM01H010,RE1,27.2
RE1,Elc,PWRTRN,2028,1,RE1,TSM01H010,RE1,27.2
RE1,Elc,PWRTRN,2029,1,RE1,TSM01H010,RE1,27.2
RE1,Elc,PWRTRN,2030,1,RE1,TSM01H010,RE1,27.2
RE1,WND,PWRWND,2020,1,RE1,TSM01H010,RE1,10.2347
RE1,WND,PWRWND,2021,1,RE1,TSM01H010,RE1,10.2347
RE1,WND,PWRWND,2022,1,RE1,TSM01H010,RE1,10.2347
RE1,WND,PWRWND,2023,1,RE1,TSM01H010,RE1,10.2347
RE1,WND,PWRWND,2024,1,RE1,TSM01H010,RE1,10.2347
RE1,WND,PWRWND,2025,1,RE1,TSM01H010,RE1,10.2347
RE1,WND,PWRWND,2026,1,RE1,TSM01H010,RE1,10.2347
RE1,WND,PWRWND,2027,1,RE1,TSM01H010,RE1,10.2347
RE1,WND,PWRWND,2028,1,RE1,TSM01H010,RE1,10.2347
RE1,WND,PWRWND,2029,1,RE1,TSM01H010,RE1,10.2347
RE1,WND,PWRWND,2030,1,RE1,TSM01H010,RE1,10.2347
RE1,COA,PWRCOA,2020,1,RE1,TSM01H011,RE1,4.7532
RE1,COA,PWRCOA,2021,1,RE1,TSM01H011,RE1,7.1205
RE1,COA,PWRCOA,2022,1,RE1,TSM01H011,RE1,11.0644
RE1,COA,PWRCOA,2023,1,RE1,TSM01H011,RE1,15.0083
RE1,COA,PWRCOA,2024,1,RE1,TSM01H011,RE1,18.9522
RE1,COA,PWRCOA,2025,1,RE1,TSM01H011,RE1,22.8961
RE1,COA,PWRCOA,2026,1,RE1,TSM01H011,RE1,26.84
RE1,COA,PWRCOA,2027,1,RE1,TSM01H011,RE1,30.7839
RE1,COA,PWRCOA,2028,1,RE1,TSM01H011,RE1,30.7839
RE1,COA,PWRCOA,2029,1,RE1,TSM01H011,RE1,30.7839
RE1,COA,PWRCOA,2030,1,RE1,TSM01H011,RE1,30.7839
RE1,Elc3,PWRDEM,2020,1,RE1,TSM01H011,RE1,14.5
RE1,Elc3,PWRDEM,2021,1,RE1,TSM01H011,RE1,15.95
RE1,Elc3,PWRDEM,2022,1,RE1,TSM01H011,RE1,17.4
RE1,Elc3,PWRDEM,2023,1,RE1,TSM01H011,RE1,18.85
RE1,Elc3,PWRDEM,2024,1,RE1,TSM01H011,RE1,20.3
RE1,Elc3,PWRDEM,2025,1,RE1,TSM01H011,RE1,21.75
RE1,Elc3,PWRDEM,2026,1,RE1,TSM01H011,RE1,23.2
RE1,Elc3,PWRDEM,2027,1,RE1,TSM01H011,RE1,24.65
RE1,Elc3,PWRDEM,2028,1,RE1,TSM01H011,RE1,24.65
RE1,Elc3,PWRDEM,2029,1,RE1,TSM01H011,RE1,24.65
RE1,Elc3,PWRDEM,2030,1,RE1,TSM01H011,RE1,24.65
RE1,Elc2,PWRDIST,2020,1,RE1,TSM01H011,RE1,14.5
RE1,Elc2,PWRDIST,2021,1,RE1,TSM01H011,RE1,15.95
RE1,Elc2,PWRDIST,2022,1,RE1,TSM01H011,RE1,17.4
RE1,Elc2,PWRDIST,2023,1,RE1,TSM01H011,RE1,18.85
RE1,Elc2,PWRDIST,2024,1,RE1,TSM01H011,RE1,20.3
RE1,Elc2,PWRDIST,2025,1,RE1,TSM01H011,RE1,21.75
RE1,Elc2,PWRDIST,2026,1,RE1,TSM01H011,RE1,23.2
RE1,Elc2,PWRDIST,2027,1,RE1,TSM01H011,RE1,24.65
RE1,Elc2,PWRDIST,2028,1,RE1,TSM01H011,RE1,24.65
RE1,Elc2,PWRDIST,2029,1,RE1,TSM01H011,RE1,24.65
RE1,Elc2,PWRDIST,2030,1,RE1,TSM01H011,RE1,24.65
RE1,Elc,PWRTRN,2020,1,RE1,TSM01H011,RE1,14.5
RE1,Elc,PWRTRN,2021,1,RE1,TSM01H011,RE1,15.95
RE1,Elc,PWRTRN,2022,1,RE1,TSM01H011,RE1,17.4
RE1,Elc,PWRTRN,2023,1,RE1,TSM01H011,RE1,18.85
RE1,Elc,PWRTRN,2024,1,RE1,TSM01H011,RE1,20.3
RE1,Elc,PWRTRN,2025,1,RE1,TSM01H011,RE1,21.75
RE1,Elc,PWRTRN,2026,1,RE1,TSM01H011,RE1,23.2
RE1,Elc,PWRTRN,2027,1,RE1,TSM01H011,RE1,24.65
RE1,Elc,PWRTRN,2028,1,RE1,TSM01H011,RE1,24.65
RE1,Elc,PWRTRN,2029,1,RE1,TSM01H011,RE1,24.65
RE1,Elc,PWRTRN,2030,1,RE1,TSM01H011,RE1,24.65
RE1,WND,PWRWND,2020,1,RE1,TSM01H011,RE1,11.0521
RE1,WND,PWRWND,2021,1,RE1,TSM01H011,RE1,11.0521
RE1,WND,PWRWND,2022,1,RE1,TSM01H011,RE1,11.0521
RE1,WND,PWRWND,2023,1,RE1,TSM01H011,RE1,11.0521
RE1,WND,PWRWND,2024,1,RE1,TSM01H011,RE1,11.0521
RE1,WND,PWRWND,2025,1,RE1,TSM01H011,RE1,11.0521
RE1,WND,PWRWND,2026,1,RE1,TSM01H011,RE1,11.0521
RE1,WND,PWRWND,2027,1,RE1,TSM01H011,RE1,11.0521
RE1,WND,PWRWND,2028,1,RE1,TSM01H011,RE1,11.0521
RE1,WND,PWRWND,2029,1,RE1,TSM01H011,RE1,11.0521
RE1,WND,PWRWND,2030,1,RE1,TSM01H011,RE1,11.0521
RE1,COA,PWRCOA,2020,1,RE1,TSM01H012,RE1,4.7532
RE1,COA,PWRCOA,2021,1,RE1,TSM01H012,RE1,7.1205
RE1,COA,PWRCOA,2022,1,RE1,TSM01H012,RE1,11.0644
RE1,COA,PWRCOA,2023,1,RE1,TSM01H012,RE1,15.0083
RE1,COA,PWRCOA,2024,1,RE1,TSM01H012,RE1,18.9522
RE1,COA,PWRCOA,2025,1,RE1,TSM01H012,RE1,22.8961
RE1,COA,PWRCOA,2026,1,RE1,TSM01H012,RE1,26.84
RE1,COA,PWRCOA,2027,1,RE1,TSM01H012,RE1,30.7839
RE1,COA,PWRCOA,2028,1,RE1,TSM01H012,RE1,30.7839
RE1,COA,PWRCOA,2029,1,RE1,TSM01H012,RE1,30.7839
RE1,COA,PWRCOA,2030,1,RE1,TSM01H012,RE1,30.7839
RE1,Elc3,PWRDEM,2020,1,RE1,TSM01H012,RE1,12.0
RE1,Elc3,PWRDEM,2021,1,RE1,TSM01H012,RE1,13.2
RE1,Elc3,PWRDEM,2022,1,RE1,TSM01H012,RE1,14.4
RE1,Elc3,PWRDEM,2023,1,RE1,TSM01H012,RE1,15.6
RE1,Elc3,PWRDEM,2024,1,RE1,TSM01H012,RE1,16.8
RE1,Elc3,PWRDEM,2025,1,RE1,TSM01H012,RE1,18.0
RE1,Elc3,PWRDEM,2026,1,RE1,TSM01H012,RE1,19.2
RE1,Elc3,PWRDEM,2027,1,RE1,TSM01H012,RE1,20.4
RE1,Elc3,PWRDEM,2028,1,RE1,TSM01H012,RE1,20.4
RE1,Elc3,PWRDEM,2029,1,RE1,TSM01H012,RE1,20.4
RE1,Elc3,PWRDEM,2030,1,RE1,TSM01H012,RE1,20.4
RE1,Elc2,PWRDIST,2020,1,RE1,TSM01H012,RE1,12.0
RE1,Elc2,PWRDIST,2021,1,RE1,TSM01H012,RE1,13.2
RE1,Elc2,PWRDIST,2022,1,RE1,TSM01H012,RE1,14.4
RE1,Elc2,PWRDIST,2023,1,RE1,TSM01H012,RE1,15.6
RE1,Elc2,PWRDIST,2024,1,RE1,TSM01H012,RE1,16.8
RE1,Elc2,PWRDIST,2025,1,RE1,TSM01H012,RE1,18.0
RE1,Elc2,PWRDIST,2026,1,RE1,TSM01H012,RE1,19.2
RE1,Elc2,PWRDIST,2027,1,RE1,TSM01H012,RE1,20.4
RE1,Elc2,PWRDIST,2028,1,RE1,TSM01H012,RE1,20.4
RE1,Elc2,PWRDIST,2029,1,RE1,TSM01H012,RE1,20.4
RE1,Elc2,PWRDIST,2030,1,RE1,TSM01H012,RE1,20.4
RE1,Elc,PWRTRN,2020,1,RE1,TSM01H012,RE1,12.0
RE1,Elc,PWRTRN,2021,1,RE1,TSM01H012,RE1,13.2
RE1,Elc,PWRTRN,2022,1,RE1,TSM01H012,RE1,14.4
RE1,Elc,PWRTRN,2023,1,RE1,TSM01H012,RE1,15.6
RE1,Elc,PWRTRN,2024,1,RE1,TSM01H012,RE1,16.8
RE1,Elc,PWRTRN,2025,1,RE1,TSM01H012,RE1,18.0
RE1,Elc,PWRTRN,2026,1,RE1,TSM01H012,RE1,19.2
RE1,Elc,PWRTRN,2027,1,RE1,TSM01H012,RE1,20.4
RE1,Elc,PWRTRN,2028,1,RE1,TSM01H012,RE1,20.4
RE1,Elc,PWRTRN,2029,1,RE1,TSM01H012,RE1,20.4
RE1,Elc,PWRTRN,2030,1,RE1,TSM01H012,RE1,20.4
RE1,WND,PWRWND,2020,1,RE1,TSM01H012,RE1,9.9282
RE1,WND,PWRWND,2021,1,RE1,TSM01H012,RE1,9.9282
RE1,WND,PWRWND,2022,1,RE1,TSM01H012,RE1,9.9282
RE1,WND,PWRWND,2023,1,RE1,TSM01H012,RE1,9.9282
RE1,WND,PWRWND,2024,1,RE1,TSM01H012,RE1,9.9282
RE1,WND,PWRWND,2025,1,RE1,TSM01H012,RE1,9.9282
RE1,WND,PWRWND,2026,1,RE1,TSM01H012,RE1,9.9282
RE1,WND,PWRWND,2027,1,RE1,TSM01H012,RE1,9.9282
RE1,WND,PWRWND,2028,1,RE1,TSM01H012,RE1,9.9282
RE1,WND,PWRWND,2029,1,RE1,TSM01H012,RE1,9.9282
RE1,WND,PWRWND,2030,1,RE1,TSM01H012,RE1,9.9282
RE1,Elc,PWRBATIN,2025,1,RE1,TSM02H001,RE1,3.3674
RE1,COA,PWRCOA,2021,1,RE1,TSM02H001,RE1,10.034
RE1,COA,PWRCOA,2022,1,RE1,TSM02H001,RE1,17.0839
RE1,COA,PWRCOA,2023,1,RE1,TSM02H001,RE1,24.1339
RE1,COA,PWRCOA,2024,1,RE1,TSM02H001,RE1,31.184
RE1,COA,PWRCOA,2025,1,RE1,TSM02H001,RE1,48.3362
RE1,COA,PWRCOA,2026,1,RE1,TSM02H001,RE1,45.2839
RE1,COA,PWRCOA,2027,1,RE1,TSM02H001,RE1,52.334
RE1,COA,PWRCOA,2028,1,RE1,TSM02H001,RE1,52.334
RE1,COA,PWRCOA,2029,1,RE1,TSM02H001,RE1,52.334
RE1,COA,PWRCOA,2030,1,RE1,TSM02H001,RE1,52.334
RE1,Elc3,PWRDEM,2020,1,RE1,TSM02H001,RE1,23.5
RE1,Elc3,PWRDEM,2021,1,RE1,TSM02H001,RE1,25.85
RE1,Elc3,PWRDEM,2022,1,RE1,TSM02H001,RE1,28.2
RE1,Elc3,PWRDEM,2023,1,RE1,TSM02H001,RE1,30.55
RE1,Elc3,PWRDEM,2024,1,RE1,TSM02H001,RE1,32.9
RE1,Elc3,PWRDEM,2025,1,RE1,TSM02H001,RE1,35.25
RE1,Elc3,PWRDEM,2026,1,RE1,TSM02H001,RE1,37.6
RE1,Elc3,PWRDEM,2027,1,RE1,TSM02H001,RE1,39.95
RE1,Elc3,PWRDEM,2028,1,RE1,TSM02H001,RE1,39.95
RE1,Elc3,PWRDEM,2029,1,RE1,TSM02H001,RE1,39.95
RE1,Elc3,PWRDEM,2030,1,RE1,TSM02H001,RE1,39.95
RE1,Elc2,PWRDIST,2020,1,RE1,TSM02H001,RE1,23.5
RE1,Elc2,PWRDIST,2021,1,RE1,TSM02H001,RE1,25.85
RE1,Elc2,PWRDIST,2022,1,RE1,TSM02H001,RE1,28.2
RE1,Elc2,PWRDIST,2023,1,RE1,TSM02H001,RE1,30.55
RE1,Elc2,PWRDIST,2024,1,RE1,TSM02H001,RE1,32.9
RE1,Elc2,PWRDIST,2025,1,RE1,TSM02H001,RE1,35.25
RE1,Elc2,PWRDIST,2026,1,RE1,TSM02H001,RE1,37.6
RE1,Elc2,PWRDIST,2027,1,RE1,TSM02H001,RE1,39.95
RE1,Elc2,PWRDIST,2028,1,RE1,TSM02H001,RE1,39.95
RE1,Elc2,PWRDIST,2029,1,RE1,TSM02H001,RE1,39.95
RE1,Elc2,PWRDIST,2030,1,RE1,TSM02H001,RE1,39.95
RE1,Elc,PWRTRN,2020,1,RE1,TSM02H001,RE1,23.5
RE1,Elc,PWRTRN,2021,1,RE1,TSM02H001,RE1,25.85
RE1,Elc,PWRTRN,2022,1,RE1,TSM02H001,RE1,28.2
RE1,Elc,PWRTRN,2023,1,RE1,TSM02H001,RE1,30.55
RE1,Elc,PWRTRN,2024,1,RE1,TSM02H001,RE1,32.9
RE1,Elc,PWRTRN,2025,1,RE1,TSM02H001,RE1,35.25
RE1,Elc,PWRTRN,2026,1,RE1,TSM02H001,RE1,37.6
RE1,Elc,PWRTRN,2027,1,RE1,TSM02H001,RE1,39.95
RE1,Elc,PWRTRN,2028,1,RE1,TSM02H001,RE1,39.95
RE1,Elc,PWRTRN,2029,1,RE1,TSM02H001,RE1,39.95
RE1,Elc,PWRTRN,2030,1,RE1,TSM02H001,RE1,39.95
RE1,WND,PWRWND,2020,1,RE1,TSM02H001,RE1,22.5053
RE1,WND,PWRWND,2021,1,RE1,TSM02H001,RE1,22.5053
RE1,WND,PWRWND,2022,1,RE1,TSM02H001,RE1,22.5053
RE1,WND,PWRWND,2023,1,RE1,TSM02H001,RE1,22.5053
RE1,WND,PWRWND,2024,1,RE1,TSM02H001,RE1,22.5053
RE1,WND,PWRWND,2025,1,RE1,TSM02H001,RE1,22.5053
RE1,WND,PWRWND,2026,1,RE1,TSM02H001,RE1,22.5053
RE1,WND,PWRWND,2027,1,RE1,TSM02H001,RE1,22.5053
RE1,WND,PWRWND,2028,1,RE1,TSM02H001,RE1,22.5053
RE1,WND,PWRWND,2029,1,RE1,TSM02H001,RE1,22.5053
RE1,WND,PWRWND,2030,1,RE1,TSM02H001,RE1,22.5053
RE1,Elc,PWRBATIN,2026,1,RE1,TSM02H002,RE1,0.1977
RE1,Elc,PWRBATIN,2027,1,RE1,TSM02H002,RE1,0.623
RE1,Elc,PWRBATIN,2028,1,RE1,TSM02H002,RE1,0.623
RE1,Elc,PWRBATIN,2029,1,RE1,TSM02H002,RE1,0.623
RE1,COA,PWRCOA,2022,1,RE1,TSM02H002,RE1,23.3582
RE1,COA,PWRCOA,2023,1,RE1,TSM02H002,RE1,31.6842
RE1,COA,PWRCOA,2024,1,RE1,TSM02H002,RE1,40.0102
RE1,COA,PWRCOA,2025,1,RE1,TSM02H002,RE1,48.3362
RE1,COA,PWRCOA,2026,1,RE1,TSM02H002,RE1,56.6623
RE1,COA,PWRCOA,2027,1,RE1,TSM02H002,RE1,64.9883
RE1,COA,PWRCOA,2028,1,RE1,TSM02H002,RE1,64.9883
RE1,COA,PWRCOA,2029,1,RE1,TSM02H002,RE1,64.9883
RE1,COA,PWRCOA,2030,1,RE1,TSM02H002,RE1,63.1193
RE1,Elc3,PWRDEM,2020,1,RE1,TSM02H002,RE1,23.5
RE1,Elc3,PWRDEM,2021,1,RE1,TSM02H002,RE1,25.85
RE1,Elc3,PWRDEM,2022,1,RE1,TSM02H002,RE1,28.2
RE1,Elc3,PWRDEM,2023,1,RE1,TSM02H002,RE1,30.55
RE1,Elc3,PWRDEM,2024,1,RE1,TSM02H002,RE1,32.9
RE1,Elc3,PWRDEM,2025,1,RE1,TSM02H002,RE1,35.25
RE1,Elc3,PWRDEM,2026,1,RE1,TSM02H002,RE1,37.6
RE1,Elc3,PWRDEM,2027,1,RE1,TSM02H002,RE1,39.95
RE1,Elc3,PWRDEM,2028,1,RE1,TSM02H002,RE1,39.95
RE1,Elc3,PWRDEM,2029,1,RE1,TSM02H002,RE1,39.95
RE1,Elc3,PWRDEM,2030,1,RE1,TSM02H002,RE1,39.95
RE1,Elc2,PWRDIST,2020,1,RE1,TSM02H002,RE1,23.5
RE1,Elc2,PWRDIST,2021,1,RE1,TSM02H002,RE1,25.85
RE1,Elc2,PWRDIST,2022,1,RE1,TSM02H002,RE1,28.2
RE1,Elc2,PWRDIST,2023,1,RE1,TSM02H002,RE1,30.55
RE1,Elc2,PWRDIST,2024,1,RE1,TSM02H002,RE1,32.9
RE1,Elc2,PWRDIST,2025,1,RE1,TSM02H002,RE1,35.25
RE1,Elc2,PWRDIST,2026,1,RE1,TSM02H002,RE1,37.6
RE1,Elc2,PWRDIST,2027,1,RE1,TSM02H002,RE1,39.95
RE1,Elc2,PWRDIST,2028,1,RE1,TSM02H002,RE1,39.95
RE1,Elc2,PWRDIST,2029,1,RE1,TSM02H002,RE1,39.95
RE1,Elc2,PWRDIST,2030,1,RE1,TSM02H002,RE1,39.95
RE1,Elc,PWRTRN,2020,1,RE1,TSM02H002,RE1,23.5
RE1,Elc,PWRTRN,2021,1,RE1,TSM02H002,RE1,25.85
RE1,Elc,PWRTRN,2022,1,RE1,TSM02H002,RE1,28.2
RE1,Elc,PWRTRN,2023,1,RE1,TSM02H002,RE1,30.55
RE1,Elc,PWRTRN,2024,1,RE1,TSM02H002,RE1,32.9
RE1,Elc,PWRTRN,2025,1,RE1,TSM02H002,RE1,35.25
RE1,Elc,PWRTRN,2026,1,RE1,TSM02H002,RE1,37.6
RE1,Elc,PWRTRN,2027,1,RE1,TSM02H002,RE1,39.95
RE1,Elc,PWRTRN,2028,1,RE1,TSM02H002,RE1,39.95
RE1,Elc,PWRTRN,2029,1,RE1,TSM02H002,RE1,39.95
RE1,Elc,PWRTRN,2030,1,RE1,TSM02H002,RE1,39.95
RE1,WND,PWRWND,2020,1,RE1,TSM02H002,RE1,18.9102
RE1,WND,PWRWND,2021,1,RE1,TSM02H002,RE1,18.9102
RE1,WND,PWRWND,2022,1,RE1,TSM02H002,RE1,18.9102
RE1,WND,PWRWND,2023,1,RE1,TSM02H002,RE1,18.9102
RE1,WND,PWRWND,2024,1,RE1,TSM02H002,RE1,18.9102
RE1,WND,PWRWND,2025,1,RE1,TSM02H002,RE1,18.9102
RE1,WND,PWRWND,2026,1,RE1,TSM02H002,RE1,18.9102
RE1,WND,PWRWND,2027,1,RE1,TSM02H002,RE1,18.9102
RE1,WND,PWRWND,2028,1,RE1,TSM02H002,RE1,18.9102
RE1,WND,PWRWND,2029,1,RE1,TSM02H002,RE1,18.9102
RE1,WND,PWRWND,2030,1,RE1,TSM02H002,RE1,18.9102
RE1,COA,PWRCOA,2022,1,RE1,TSM02H003,RE1,23.3582
RE1,COA,PWRCOA,2023,1,RE1,TSM02H003,RE1,31.6842
RE1,COA,PWRCOA,2024,1,RE1,TSM02H003,RE1,40.0102
RE1,COA,PWRCOA,2025,1,RE1,TSM02H003,RE1,48.3362
RE1,COA,PWRCOA,2026,1,RE1,TSM02H003,RE1,56.6623
RE1,COA,PWRCOA,2027,1,RE1,TSM02H003,RE1,64.9883
RE1,COA,PWRCOA,2028,1,RE1,TSM02H003,RE1,64.9883
RE1,COA,PWRCOA,2029,1,RE1,TSM02H003,RE1,64.9883
RE1,COA,PWRCOA,2030,1,RE1,TSM02H003,RE1,64.9883
RE1,Elc3,PWRDEM,2020,1,RE1,TSM02H003,RE1,25.5
RE1,Elc3,PWRDEM,2021,1,RE1,TSM02H003,RE1,28.05
RE1,Elc3,PWRDEM,2022,1,RE1,TSM02H003,RE1,30.6
RE1,Elc3,PWRDEM,2023,1,RE1,TSM02H003,RE1,33.15
RE1,Elc3,PWRDEM,2024,1,RE1,TSM02H003,RE1,35.7
RE1,Elc3,PWRDEM,2025,1,RE1,TSM02H003,RE1,38.25
RE1,Elc3,PWRDEM,2026,1,RE1,TSM02H003,RE1,40.8
RE1,Elc3,PWRDEM,2027,1,RE1,TSM02H003,RE1,43.35
RE1,Elc3,PWRDEM,2028,1,RE1,TSM02H003,RE1,43.35
RE1,Elc3,PWRDEM,2029,1,RE1,TSM02H003,RE1,43.35
RE1,Elc3,PWRDEM,2030,1,RE1,TSM02H003,RE1,43.35
RE1,Elc2,PWRDIST,2020,1,RE1,TSM02H003,RE1,25.5
RE1,Elc2,PWRDIST,2021,1,RE1,TSM02H003,RE1,28.05
RE1,Elc2,PWRDIST,2022,1,RE1,TSM02H003,RE1,30.6
RE1,Elc2,PWRDIST,2023,1,RE1,TSM02H003,RE1,33.15
RE1,Elc2,PWRDIST,2024,1,RE1,TSM02H003,RE1,35.7
RE1,Elc2,PWRDIST,2025,1,RE1,TSM02H003,RE1,38.25
RE1,Elc2,PWRDIST,2026,1,RE1,TSM02H003,RE1,40.8
RE1,Elc2,PWRDIST,2027,1,RE1,TSM02H003,RE1,43.35
RE1,Elc2,PWRDIST,2028,1,RE1,TSM02H003,RE1,43.35
RE1,Elc2,PWRDIST,2029,1,RE1,TSM02H003,RE1,43.35
RE1,Elc2,PWRDIST,2030,1,RE1,TSM02H003,RE1,43.35
RE1,Elc,PWRTRN,2020,1,RE1,TSM02H003,RE1,25.5
RE1,Elc,PWRTRN,2021,1,RE1,TSM02H003,RE1,28.05
RE1,Elc,PWRTRN,2022,1,RE1,TSM02H003,RE1,30.6
RE1,Elc,PWRTRN,2023,1,RE1,TSM02H003,RE1,33.15
RE1,Elc,PWRTRN,2024,1,RE1,TSM02H003,RE1,35.7
RE1,Elc,PWRTRN,2025,1,RE1,TSM02H003,RE1,38.25
RE1,Elc,PWRTRN,2026,1,RE1,TSM02H003,RE1,40.8
RE1,Elc,PWRTRN,2027,1,RE1,TSM02H003,RE1,43.35
RE1,Elc,PWRTRN,2028,1,RE1,TSM02H003,RE1,43.35
RE1,Elc,PWRTRN,2029,1,RE1,TSM02H003,RE1,43.35
RE1,Elc,PWRTRN,2030,1,RE1,TSM02H003,RE1,43.35
RE1,WND,PWRWND,2020,1,RE1,TSM02H003,RE1,13.949
RE1,WND,PWRWND,2021,1,RE1,TSM02H003,RE1,13.949
RE1,WND,PWRWND,2022,1,RE1,TSM02H003,RE1,13.949
RE1,WND,PWRWND,2023,1,RE1,TSM02H003,RE1,13.949
RE1,WND,PWRWND,2024,1,RE1,TSM02H003,RE1,13.949
RE1,WND,PWRWND,2025,1,RE1,TSM02H003,RE1,13.949
RE1,WND,PWRWND,2026,1,RE1,TSM02H003,RE1,13.949
RE1,WND,PWRWND,2027,1,RE1,TSM02H003,RE1,13.949
RE1,WND,PWRWND,2028,1,RE1,TSM02H003,RE1,13.949
RE1,WND,PWRWND,2029,1,RE1,TSM02H003,RE1,13.949
RE1,WND,PWRWND,2030,1,RE1,TSM02H003,RE1,13.949
RE1,COA,PWRCOA,2021,1,RE1,TSM02H004,RE1,15.0321
RE1,COA,PWRCOA,2022,1,RE1,TSM02H004,RE1,23.3582
RE1,COA,PWRCOA,2023,1,RE1,TSM02H004,RE1,31.6842
RE1,COA,PWRCOA,2024,1,RE1,TSM02H004,RE1,40.0102
RE1,COA,PWRCOA,2025,1,RE1,TSM02H004,RE1,48.3362
RE1,COA,PWRCOA,2026,1,RE1,TSM02H004,RE1,56.6623
RE1,COA,PWRCOA,2027,1,RE1,TSM02H004,RE1,64.9883
RE1,COA,PWRCOA,2028,1,RE1,TSM02H004,RE1,64.9883
RE1,COA,PWRCOA,2029,1,RE1,TSM02H004,RE1,64.9883
RE1,COA,PWRCOA,2030,1,RE1,TSM02H004,RE1,64.9883
RE1,Elc3,PWRDEM,2020,1,RE1,TSM02H004,RE1,28.5
RE1,Elc3,PWRDEM,2021,1,RE1,TSM02H004,RE1,31.35
RE1,Elc3,PWRDEM,2022,1,RE1,TSM02H004,RE1,34.2
RE1,Elc3,PWRDEM,2023,1,RE1,TSM02H004,RE1,37.05
RE1,Elc3,PWRDEM,2024,1,RE1,TSM02H004,RE1,39.9
RE1,Elc3,PWRDEM,2025,1,RE1,TSM02H004,RE1,42.75
RE1,Elc3,PWRDEM,2026,1,RE1,TSM02H004,RE1,45.6
RE1,Elc3,PWRDEM,2027,1,RE1,TSM02H004,RE1,48.45
RE1,Elc3,PWRDEM,2028,1,RE1,TSM02H004,RE1,48.45
RE1,Elc3,PWRDEM,2029,1,RE1,TSM02H004,RE1,48.45
RE1,Elc3,PWRDEM,2030,1,RE1,TSM02H004,RE1,48.45
RE1,Elc2,PWRDIST,2020,1,RE1,TSM02H004,RE1,28.5
RE1,Elc2,PWRDIST,2021,1,RE1,TSM02H004,RE1,31.35
RE1,Elc2,PWRDIST,2022,1,RE1,TSM02H004,RE1,34.2
RE1,Elc2,PWRDIST,2023,1,RE1,TSM02H004,RE1,37.05
RE1,Elc2,PWRDIST,2024,1,RE1,TSM02H004,RE1,39.9
RE1,Elc2,PWRDIST,2025,1,RE1,TSM02H004,RE1,42.75
RE1,Elc2,PWRDIST,2026,1,RE1,TSM02H004,RE1,45.6
RE1,Elc2,PWRDIST,2027,1,RE1,TSM02H004,RE1,48.45
RE1,Elc2,PWRDIST,2028,1,RE1,TSM02H004,RE1,48.45
RE1,Elc2,PWRDIST,2029,1,RE1,TSM02H004,RE1,48.45
RE1,Elc2,PWRDIST,2030,1,RE1,TSM02H004,RE1,48.45
RE1,SOL,PWRSOL,2020,1,RE1,TSM02H004,RE1,1.9052
RE1,SOL,PWRSOL,2021,1,RE1,TSM02H004,RE1,2.0957
RE1,SOL,PWRSOL,2022,1,RE1,TSM02H004,RE1,2.1151
RE1,SOL,PWRSOL,2023,1,RE1,TSM02H004,RE1,2.1346
RE1,SOL,PWRSOL,2024,1,RE1,TSM02H004,RE1,2.154
RE1,SOL,PWRSOL,2025,1,RE1,TSM02H004,RE1,2.1734
RE1,SOL,PWRSOL,2026,1,RE1,TSM02H004,RE1,2.1928
RE1,SOL,PWRSOL,2027,1,RE1,TSM02H004,RE1,2.2123
RE1,SOL,PWRSOL,2028,1,RE1,TSM02H004,RE1,2.2123
RE1,SOL,PWRSOL,2029,1,RE1,TSM02H004,RE1,2.2123
RE1,SOL,PWRSOL,2030,1,RE1,TSM02H004,RE1,2.2123
RE1,Elc,PWRTRN,2020,1,RE1,TSM02H004,RE1,28.5
RE1,Elc,PWRTRN,2021,1,RE1,TSM02H004,RE1,31.35
RE1,Elc,PWRTRN,2022,1,RE1,TSM02H004,RE1,34.2
RE1,Elc,PWRTRN,2023,1,RE1,TSM02H004,RE1,37.05
RE1,Elc,PWRTRN,2024,1,RE1,TSM02H004,RE1,39.9
RE1,Elc,PWRTRN,2025,1,RE1,TSM02H004,RE1,42.75
RE1,Elc,PWRTRN,2026,1,RE1,TSM02H004,RE1,45.6
RE1,Elc,PWRTRN,2027,1,RE1,TSM02H004,RE1,48.45
RE1,Elc,PWRTRN,2028,1,RE1,TSM02H004,RE1,48.45
RE1,Elc,PWRTRN,2029,1,RE1,TSM02H004,RE1,48.45
RE1,Elc,PWRTRN,2030,1,RE1,TSM02H004,RE1,48.45
RE1,WND,PWRWND,2020,1,RE1,TSM02H004,RE1,10.7494
RE1,WND,PWRWND,2021,1,RE1,TSM02H004,RE1,10.7494
RE1,WND,PWRWND,2022,1,RE1,TSM02H004,RE1,10.7494
RE1,WND,PWRWND,2023,1,RE1,TSM02H004,RE1,10.7494
RE1,WND,PWRWND,2024,1,RE1,TSM02H004,RE1,10.7494
RE1,WND,PWRWND,2025,1,RE1,TSM02H004,RE1,10.7494
RE1,WND,PWRWND,2026,1,RE1,TSM02H004,RE1,10.7494
RE1,WND,PWRWND,2027,1,RE1,TSM02H004,RE1,10.7494
RE1,WND,PWRWND,2028,1,RE1,TSM02H004,RE1,10.7494
RE1,WND,PWRWND,2029,1,RE1,TSM02H004,RE1,10.7494
RE1,WND,PWRWND,2030,1,RE1,TSM02H004,RE1,10.7494
RE1,Elc,PWRBATIN,2020,1,RE1,TSM02H005,RE1,4.6983
RE1,Elc,PWRBATIN,2021,1,RE1,TSM02H005,RE1,3.7801
RE1,Elc,PWRBATIN,2022,1,RE1,TSM02H005,RE1,0.9924
RE1,Elc,PWRBATIN,2024,1,RE1,TSM02H005,RE1,8.7538
RE1,Elc,PWRBATIN,2026,1,RE1,TSM02H005,RE1,6.6234
RE1,Elc,PWRBATIN,2028,1,RE1,TSM02H005,RE1,3.7451
RE1,Elc,PWRBATIN,2029,1,RE1,TSM02H005,RE1,8.7167
RE1,COA,PWRCOA,2023,1,RE1,TSM02H005,RE1,5.3858
RE1,COA,PWRCOA,2024,1,RE1,TSM02H005,RE1,40.0102
RE1,COA,PWRCOA,2025,1,RE1,TSM02H005,RE1,22.112
RE1,COA,PWRCOA,2026,1,RE1,TSM02H005,RE1,56.6623
RE1,COA,PWRCOA,2027,1,RE1,TSM02H005,RE1,38.8381
RE1,COA,PWRCOA,2028,1,RE1,TSM02H005,RE1,50.0733
RE1,COA,PWRCOA,2029,1,RE1,TSM02H005,RE1,64.9883
RE1,COA,PWRCOA,2030,1,RE1,TSM02H005,RE1,38.8381
RE1,Elc3,PWRDEM,2020,1,RE1,TSM02H005,RE1,30.0
RE1,Elc3,PWRDEM,2021,1,RE1,TSM02H005,RE1,33.0
RE1,Elc3,PWRDEM,2022,1,RE1,TSM02H005,RE1,36.0
RE1,Elc3,PWRDEM,2023,1,RE1,TSM02H005,RE1,39.0
RE1,Elc3,PWRDEM,2024,1,RE1,TSM02H005,RE1,42.0
RE1,Elc3,PWRDEM,2025,1,RE1,TSM02H005,RE1,45.0
RE1,Elc3,PWRDEM,2026,1,RE1,TSM02H005,RE1,48.0
RE1,Elc3,PWRDEM,2027,1,RE1,TSM02H005,RE1,51.0
RE1,Elc3,PWRDEM,2028,1,RE1,TSM02H005,RE1,51.0
RE1,Elc3,PWRDEM,2029,1,RE1,TSM02H005,RE1,51.0
RE1,Elc3,PWRDEM,2030,1,RE1,TSM02H005,RE1,51.0
RE1,Elc2,PWRDIST,2020,1,RE1,TSM02H005,RE1,30.0
RE1,Elc2,PWRDIST,2021,1,RE1,TSM02H005,RE1,33.0
RE1,Elc2,PWRDIST,2022,1,RE1,TSM02H005,RE1,36.0
RE1,Elc2,PWRDIST,2023,1,RE1,TSM02H005,RE1,39.0
RE1,Elc2,PWRDIST,2024,1,RE1,TSM02H005,RE1,42.0
RE1,Elc2,PWRDIST,2025,1,RE1,TSM02H005,RE1,45.0
RE1,Elc2,PWRDIST,2026,1,RE1,TSM02H005,RE1,48.0
RE1,Elc2,PWRDIST,2027,1,RE1,TSM02H005,RE1,51.0
RE1,Elc2,PWRDIST,2028,1,RE1,TSM02H005,RE1,51.0
RE1,Elc2,PWRDIST,2029,1,RE1,TSM02H005,RE1,51.0
RE1,Elc2,PWRDIST,2030,1,RE1,TSM02H005,RE1,51.0
RE1,SOL,PWRSOL,2020,1,RE1,TSM02H005,RE1,20.8212
RE1,SOL,PWRSOL,2021,1,RE1,TSM02H005,RE1,22.903
RE1,SOL,PWRSOL,2022,1,RE1,TSM02H005,RE1,23.1153
RE1,SOL,PWRSOL,2023,1,RE1,TSM02H005,RE1,23.3276
RE1,SOL,PWRSOL,2024,1,RE1,TSM02H005,RE1,23.5399
RE1,SOL,PWRSOL,2025,1,RE1,TSM02H005,RE1,23.7522
RE1,SOL,PWRSOL,2026,1,RE1,TSM02H005,RE1,21.8589
RE1,SOL,PWRSOL,2027,1,RE1,TSM02H005,RE1,24.1769
RE1,SOL,PWRSOL,2028,1,RE1,TSM02H005,RE1,24.1769
RE1,SOL,PWRSOL,2029,1,RE1,TSM02H005,RE1,24.1769
RE1,SOL,PWRSOL,2030,1,RE1,TSM02H005,RE1,24.1769
RE1,Elc,PWRTRN,2020,1,RE1,TSM02H005,RE1,30.0
RE1,Elc,PWRTRN,2021,1,RE1,TSM02H005,RE1,33.0
RE1,Elc,PWRTRN,2022,1,RE1,TSM02H005,RE1,36.0
RE1,Elc,PWRTRN,2023,1,RE1,TSM02H005,RE1,39.0
RE1,Elc,PWRTRN,2024,1,RE1,TSM02H005,RE1,42.0
RE1,Elc,PWRTRN,2025,1,RE1,TSM02H005,RE1,45.0
RE1,Elc,PWRTRN,2026,1,RE1,TSM02H005,RE1,48.0
RE1,Elc,PWRTRN,2027,1,RE1,TSM02H005,RE1,51.0
RE1,Elc,PWRTRN,2028,1,RE1,TSM02H005,RE1,51.0
RE1,Elc,PWRTRN,2029,1,RE1,TSM02H005,RE1,51.0
RE1,Elc,PWRTRN,2030,1,RE1,TSM02H005,RE1,51.0
RE1,WND,PWRWND,2020,1,RE1,TSM02H005,RE1,13.8771
RE1,WND,PWRWND,2021,1,RE1,TSM02H005,RE1,13.8771
RE1,WND,PWRWND,2022,1,RE1,TSM02H005,RE1,13.8771
RE1,WND,PWRWND,2023,1,RE1,TSM02H005,RE1,13.8771
RE1,WND,PWRWND,2024,1,RE1,TSM02H005,RE1,13.8771
RE1,WND,PWRWND,2025,1,RE1,TSM02H005,RE1,13.8771
RE1,WND,PWRWND,2026,1,RE1,TSM02H005,RE1,13.8771
RE1,WND,PWRWND,2027,1,RE1,TSM02H005,RE1,13.8771
RE1,WND,PWRWND,2028,1,RE1,TSM02H005,RE1,13.8771
RE1,WND,PWRWND,2029,1,RE1,TSM02H005,RE1,13.8771
RE1,WND,PWRWND,2030,1,RE1,TSM02H005,RE1,13.8771
RE1,Elc,PWRBATIN,2020,1,RE1,TSM02H006,RE1,17.7919
RE1,Elc,PWRBATIN,2021,1,RE1,TSM02H006,RE1,19.9764
RE1,Elc,PWRBATIN,2022,1,RE1,TSM02H006,RE1,17.3816
RE1,Elc,PWRBATIN,2023,1,RE1,TSM02H006,RE1,14.2972
RE1,Elc,PWRBATIN,2024,1,RE1,TSM02H006,RE1,10.7186
RE1,Elc,PWRBATIN,2025,1,RE1,TSM02H006,RE1,7.1103
RE1,Elc,PWRBATIN,2026,1,RE1,TSM02H006,RE1,6.7755
RE1,Elc,PWRBATIN,2027,1,RE1,TSM02H006,RE1,13.2994
RE1,Elc,PWRBATIN,2028,1,RE1,TSM02H006,RE1,4.1669
RE1,Elc,PWRBATIN,2029,1,RE1,TSM02H006,RE1,19.9764
RE1,Elc,PWRBATIN,2030,1,RE1,TSM02H006,RE1,19.9764
RE1,COA,PWRCOA,2023,1,RE1,TSM02H006,RE1,6.0776
RE1,COA,PWRCOA,2027,1,RE1,TSM02H006,RE1,27.3975
RE1,COA,PWRCOA,2029,1,RE1,TSM02H006,RE1,54.3723
RE1,COA,PWRCOA,2030,1,RE1,TSM02H006,RE1,50.3922
RE1,Elc3,PWRDEM,2020,1,RE1,TSM02H006,RE1,30.0
RE1,Elc3,PWRDEM,2021,1,RE1,TSM02H006,RE1,33.0
RE1,Elc3,PWRDEM,2022,1,RE1,TSM02H006,RE1,36.0
RE1,Elc3,PWRDEM,2023,1,RE1,TSM02H006,RE1,39.0
RE1,Elc3,PWRDEM,2024,1,RE1,TSM02H006,RE1,42.0
RE1,Elc3,PWRDEM,2025,1,RE1,TSM02H006,RE1,45.0
RE1,Elc3,PWRDEM,2026,1,RE1,TSM02H006,RE1,48.0
RE1,Elc3,PWRDEM,2027,1,RE1,TSM02H006,RE1,51.0
RE1,Elc3,PWRDEM,2028,1,RE1,TSM02H006,RE1,51.0
RE1,Elc3,PWRDEM,2029,1,RE1,TSM02H006,RE1,51.0
RE1,Elc3,PWRDEM,2030,1,RE1,TSM02H006,RE1,51.0
RE1,Elc2,PWRDIST,2020,1,RE1,TSM02H006,RE1,30.0
RE1,Elc2,PWRDIST,2021,1,RE1,TSM02H006,RE1,33.0
RE1,Elc2,PWRDIST,2022,1,RE1,TSM02H006,RE1,36.0
RE1,Elc2,PWRDIST,2023,1,RE1,TSM02H006,RE1,39.0
RE1,Elc2,PWRDIST,2024,1,RE1,TSM02H006,RE1,42.0
RE1,Elc2,PWRDIST,2025,1,RE1,TSM02H006,RE1,45.0
RE1,Elc2,PWRDIST,2026,1,RE1,TSM02H006,RE1,48.0
RE1,Elc2,PWRDIST,2027,1,RE1,TSM02H006,RE1,51.0
RE1,Elc2,PWRDIST,2028,1,RE1,TSM02H006,RE1,51.0
RE1,Elc2,PWRDIST,2029,1,RE1,TSM02H006,RE1,51.0
RE1,Elc2,PWRDIST,2030,1,RE1,TSM02H006,RE1,51.0
RE1,SOL,PWRSOL,2020,1,RE1,TSM02H006,RE1,37.1863
RE1,SOL,PWRSOL,2021,1,RE1,TSM02H006,RE1,42.3708
RE1,SOL,PWRSOL,2022,1,RE1,TSM02H006,RE1,42.7761
RE1,SOL,PWRSOL,2023,1,RE1,TSM02H006,RE1,40.6657
RE1,SOL,PWRSOL,2024,1,RE1,TSM02H006,RE1,42.113
RE1,SOL,PWRSOL,2025,1,RE1,TSM02H006,RE1,41.5047
RE1,SOL,PWRSOL,2026,1,RE1,TSM02H006,RE1,44.17
RE1,SOL,PWRSOL,2027,1,RE1,TSM02H006,RE1,44.5613
RE1,SOL,PWRSOL,2028,1,RE1,TSM02H006,RE1,44.5613
RE1,SOL,PWRSOL,2029,1,RE1,TSM02H006,RE1,42.2467
RE1,SOL,PWRSOL,2030,1,RE1,TSM02H006,RE1,43.5735
RE1,Elc,PWRTRN,2020,1,RE1,TSM02H006,RE1,30.0
RE1,Elc,PWRTRN,2021,1,RE1,TSM02H006,RE1,33.0
RE1,Elc,PWRTRN,2022,1,RE1,TSM02H006,RE1,36.0
RE1,Elc,PWRTRN,2023,1,RE1,TSM02H006,RE1,39.0
RE1,Elc,PWRTRN,2024,1,RE1,TSM02H006,RE1,42.0
RE1,Elc,PWRTRN,2025,1,RE1,TSM02H006,RE1,45.0
RE1,Elc,PWRTRN,2026,1,RE1,TSM02H006,RE1,48.0
RE1,Elc,PWRTRN,2027,1,RE1,TSM02H006,RE1,51.0
RE1,Elc,PWRTRN,2028,1,RE1,TSM02H006,RE1,51.0
RE1,Elc,PWRTRN,2029,1,RE1,TSM02H006,RE1,51.0
RE1,Elc,PWRTRN,2030,1,RE1,TSM02H006,RE1,51.0
RE1,WND,PWRWND,2020,1,RE1,TSM02H006,RE1,10.6056
RE1,WND,PWRWND,2021,1,RE1,TSM02H006,RE1,10.6056
RE1,WND,PWRWND,2022,1,RE1,TSM02H006,RE1,10.6056
RE1,WND,PWRWND,2023,1,RE1,TSM02H006,RE1,10.6056
RE1,WND,PWRWND,2024,1,RE1,TSM02H006,RE1,10.6056
RE1,WND,PWRWND,2025,1,RE1,TSM02H006,RE1,10.6056
RE1,WND,PWRWND,2026,1,RE1,TSM02H006,RE1,10.6056
RE1,WND,PWRWND,2027,1,RE1,TSM02H006,RE1,10.6056
RE1,WND,PWRWND,2028,1,RE1,TSM02H006,RE1,10.6056
RE1,WND,PWRWND,2029,1,RE1,TSM02H006,RE1,10.6056
RE1,WND,PWRWND,2030,1,RE1,TSM02H006,RE1,10.6056
RE1,Elc,PWRBATIN,2020,1,RE1,TSM02H007,RE1,13.5009
RE1,Elc,PWRBATIN,2021,1,RE1,TSM02H007,RE1,17.2557
RE1,Elc,PWRBATIN,2022,1,RE1,TSM02H007,RE1,11.9046
RE1,Elc,PWRBATIN,2023,1,RE1,TSM02H007,RE1,11.8272
RE1,Elc,PWRBATIN,2024,1,RE1,TSM02H007,RE1,9.1528
RE1,Elc,PWRBATIN,2025,1,RE1,TSM02H007,RE1,17.685
RE1,Elc,PWRBATIN,2026,1,RE1,TSM02H007,RE1,19.9764
RE1,Elc,PWRBATIN,2027,1,RE1,TSM02H007,RE1,19.9764
RE1,Elc,PWRBATIN,2028,1,RE1,TSM02H007,RE1,19.9764
RE1,Elc,PWRBATIN,2029,1,RE1,TSM02H007,RE1,1.7552
RE1,COA,PWRCOA,2025,1,RE1,TSM02H007,RE1,33.4227
RE1,COA,PWRCOA,2026,1,RE1,TSM02H007,RE1,48.6888
RE1,COA,PWRCOA,2027,1,RE1,TSM02H007,RE1,62.8927
RE1,COA,PWRCOA,2028,1,RE1,TSM02H007,RE1,62.8927
RE1,COA,PWRCOA,2029,1,RE1,TSM02H007,RE1,1.2854
RE1,Elc3,PWRDEM,2020,1,RE1,TSM02H007,RE1,30.0
RE1,Elc3,PWRDEM,2021,1,RE1,TSM02H007,RE1,33.0
RE1,Elc3,PWRDEM,2022,1,RE1,TSM02H007,RE1,36.0
RE1,Elc3,PWRDEM,2023,1,RE1,TSM02H007,RE1,39.0
RE1,Elc3,PWRDEM,2024,1,RE1,TSM02H007,RE1,42.0
RE1,Elc3,PWRDEM,2025,1,RE1,TSM02H007,RE1,45.0
RE1,Elc3,PWRDEM,2026,1,RE1,TSM02H007,RE1,48.0
RE1,Elc3,PWRDEM,2027,1,RE1,TSM02H007,RE1,51.0
RE1,Elc3,PWRDEM,2028,1,RE1,TSM02H007,RE1,51.0
RE1,Elc3,PWRDEM,2029,1,RE1,TSM02H007,RE1,51.0
RE1,Elc3,PWRDEM,2030,1,RE1,TSM02H007,RE1,51.0
RE1,Elc2,PWRDIST,2020,1,RE1,TSM02H007,RE1,30.0
RE1,Elc2,PWRDIST,2021,1,RE1,TSM02H007,RE1,33.0
RE1,Elc2,PWRDIST,2022,1,RE1,TSM02H007,RE1,36.0
RE1,Elc2,PWRDIST,2023,1,RE1,TSM02H007,RE1,39.0
RE1,Elc2,PWRDIST,2024,1,RE1,TSM02H007,RE1,42.0
RE1,Elc2,PWRDIST,2025,1,RE1,TSM02H007,RE1,45.0
RE1,Elc2,PWRDIST,2026,1,RE1,TSM02H007,RE1,48.0
RE1,Elc2,PWRDIST,2027,1,RE1,TSM02H007,RE1,51.0
RE1,Elc2,PWRDIST,2028,1,RE1,TSM02H007,RE1,51.0
RE1,Elc2,PWRDIST,2029,1,RE1,TSM02H007,RE1,51.0
RE1,Elc2,PWRDIST,2030,1,RE1,TSM02H007,RE1,51.0
RE1,SOL,PWRSOL,2020,1,RE1,TSM02H007,RE1,35.7355
RE1,SOL,PWRSOL,2021,1,RE1,TSM02H007,RE1,42.4903
RE1,SOL,PWRSOL,2022,1,RE1,TSM02H007,RE1,40.1392
RE1,SOL,PWRSOL,2023,1,RE1,TSM02H007,RE1,43.0618
RE1,SOL,PWRSOL,2024,1,RE1,TSM02H007,RE1,43.3873
RE1,SOL,PWRSOL,2025,1,RE1,TSM02H007,RE1,43.7787
RE1,SOL,PWRSOL,2026,1,RE1,TSM02H007,RE1,43.9814
RE1,SOL,PWRSOL,2027,1,RE1,TSM02H007,RE1,42.2467
RE1,SOL,PWRSOL,2028,1,RE1,TSM02H007,RE1,42.2467
RE1,SOL,PWRSOL,2029,1,RE1,TSM02H007,RE1,44.5613
RE1,SOL,PWRSOL,2030,1,RE1,TSM02H007,RE1,43.2346
RE1,Elc,PWRTRN,2020,1,RE1,TSM02H007,RE1,30.0
RE1,Elc,PWRTRN,2021,1,RE1,TSM02H007,RE1,33.0
RE1,Elc,PWRTRN,2022,1,RE1,TSM02H007,RE1,36.0
RE1,Elc,PWRTRN,2023,1,RE1,TSM02H007,RE1,39.0
RE1,Elc,PWRTRN,2024,1,RE1,TSM02H007,RE1,42.0
RE1,Elc,PWRTRN,2025,1,RE1,TSM02H007,RE1,45.0
RE1,Elc,PWRTRN,2026,1,RE1,TSM02H007,RE1,48.0
RE1,Elc,PWRTRN,2027,1,RE1,TSM02H007,RE1,51.0
RE1,Elc,PWRTRN,2028,1,RE1,TSM02H007,RE1,51.0
RE1,Elc,PWRTRN,2029,1,RE1,TSM02H007,RE1,51.0
RE1,Elc,PWRTRN,2030,1,RE1,TSM02H007,RE1,51.0
RE1,WND,PWRWND,2020,1,RE1,TSM02H007,RE1,7.7654
RE1,WND,PWRWND,2021,1,RE1,TSM02H007,RE1,7.7654
RE1,WND,PWRWND,2022,1,RE1,TSM02H007,RE1,7.7654
RE1,WND,PWRWND,2023,1,RE1,TSM02H007,RE1,7.7654
RE1,WND,PWRWND,2024,1,RE1,TSM02H007,RE1,7.7654
RE1,WND,PWRWND,2025,1,RE1,TSM02H007,RE1,7.7654
RE1,WND,PWRWND,2026,1,RE1,TSM02H007,RE1,7.7654
RE1,WND,PWRWND,2027,1,RE1,TSM02H007,RE1,7.7654
RE1,WND,PWRWND,2028,1,RE1,TSM02H007,RE1,7.7654
RE1,WND,PWRWND,2029,1,RE1,TSM02H007,RE1,7.7654
RE1,WND,PWRWND,2030,1,RE1,TSM02H007,RE1,7.7654
RE1,Elc,PWRBATIN,2020,1,RE1,TSM02H008,RE1,12.2715
RE1,Elc,PWRBATIN,2021,1,RE1,TSM02H008,RE1,9.9922
RE1,Elc,PWRBATIN,2022,1,RE1,TSM02H008,RE1,10.1501
RE1,Elc,PWRBATIN,2023,1,RE1,TSM02H008,RE1,7.5498
RE1,Elc,PWRBATIN,2024,1,RE1,TSM02H008,RE1,4.9495
RE1,Elc,PWRBATIN,2025,1,RE1,TSM02H008,RE1,2.3492
RE1,Elc,PWRBATIN,2030,1,RE1,TSM02H008,RE1,11.3624
RE1,COA,PWRCOA,2026,1,RE1,TSM02H008,RE1,0.7534
RE1,COA,PWRCOA,2027,1,RE1,TSM02H008,RE1,8.5543
RE1,COA,PWRCOA,2028,1,RE1,TSM02H008,RE1,8.5543
RE1,COA,PWRCOA,2029,1,RE1,TSM02H008,RE1,8.5543
RE1,COA,PWRCOA,2030,1,RE1,TSM02H008,RE1,42.6415
RE1,Elc3,PWRDEM,2020,1,RE1,TSM02H008,RE1,29.5
RE1,Elc3,PWRDEM,2021,1,RE1,TSM02H008,RE1,32.45
RE1,Elc3,PWRDEM,2022,1,RE1,TSM02H008,RE1,35.4
RE1,Elc3,PWRDEM,2023,1,RE1,TSM02H008,RE1,38.35
RE1,Elc3,PWRDEM,2024,1,RE1,TSM02H008,RE1,41.3
RE1,Elc3,PWRDEM,2025,1,RE1,TSM02H008,RE1,44.25
RE1,Elc3,PWRDEM,2026,1,RE1,TSM02H008,RE1,47.2
RE1,Elc3,PWRDEM,2027,1,RE1,TSM02H008,RE1,50.15
RE1,Elc3,PWRDEM,2028,1,RE1,TSM02H008,RE1,50.15
RE1,Elc3,PWRDEM,2029,1,RE1,TSM02H008,RE1,50.15
RE1,Elc3,PWRDEM,2030,1,RE1,TSM02H008,RE1,50.15
RE1,Elc2,PWRDIST,2020,1,RE1,TSM02H008,RE1,29.5
RE1,Elc2,PWRDIST,2021,1,RE1,TSM02H008,RE1,32.45
RE1,Elc2,PWRDIST,2022,1,RE1,TSM02H008,RE1,35.4
RE1,Elc2,PWRDIST,2023,1,RE1,TSM02H008,RE1,38.35
RE1,Elc2,PWRDIST,2024,1,RE1,TSM02H008,RE1,41.3
RE1,Elc2,PWRDIST,2025,1,RE1,TSM02H008,RE1,44.25
RE1,Elc2,PWRDIST,2026,1,RE1,TSM02H008,RE1,47.2
RE1,Elc2,PWRDIST,2027,1,RE1,TSM02H008,RE1,50.15
RE1,Elc2,PWRDIST,2028,1,RE1,TSM02H008,RE1,50.15
RE1,Elc2,PWRDIST,2029,1,RE1,TSM02H008,RE1,50.15
RE1,Elc2,PWRDIST,2030,1,RE1,TSM02H008,RE1,50.15
RE1,SOL,PWRSOL,2020,1,RE1,TSM02H008,RE1,34.2937
RE1,SOL,PWRSOL,2021,1,RE1,TSM02H008,RE1,34.9644
RE1,SOL,PWRSOL,2022,1,RE1,TSM02H008,RE1,38.0723
RE1,SOL,PWRSOL,2023,1,RE1,TSM02H008,RE1,38.422
RE1,SOL,PWRSOL,2024,1,RE1,TSM02H008,RE1,38.7717
RE1,SOL,PWRSOL,2025,1,RE1,TSM02H008,RE1,39.1214
RE1,SOL,PWRSOL,2026,1,RE1,TSM02H008,RE1,39.471
RE1,SOL,PWRSOL,2027,1,RE1,TSM02H008,RE1,39.8207
RE1,SOL,PWRSOL,2028,1,RE1,TSM02H008,RE1,39.8207
RE1,SOL,PWRSOL,2029,1,RE1,TSM02H008,RE1,39.8207
RE1,SOL,PWRSOL,2030,1,RE1,TSM02H008,RE1,39.8207
RE1,Elc,PWRTRN,2020,1,RE1,TSM02H008,RE1,29.5
RE1,Elc,PWRTRN,2021,1,RE1,TSM02H008,RE1,32.45
RE1,Elc,PWRTRN,2022,1,RE1,TSM02H008,RE1,35.4
RE1,Elc,PWRTRN,2023,1,RE1,TSM02H008,RE1,38.35
RE1,Elc,PWRTRN,2024,1,RE1,TSM02H008,RE1,41.3
RE1,Elc,PWRTRN,2025,1,RE1,TSM02H008,RE1,44.25
RE1,Elc,PWRTRN,2026,1,RE1,TSM02H008,RE1,47.2
RE1,Elc,PWRTRN,2027,1,RE1,TSM02H008,RE1,50.15
RE1,Elc,PWRTRN,2028,1,RE1,TSM02H008,RE1,50.15
RE1,Elc,PWRTRN,2029,1,RE1,TSM02H008,RE1,50.15
RE1,Elc,PWRTRN,2030,1,RE1,TSM02H008,RE1,50.15
RE1,WND,PWRWND,2020,1,RE1,TSM02H008,RE1,7.4778
RE1,WND,PWRWND,2021,1,RE1,TSM02H008,RE1,7.4778
RE1,WND,PWRWND,2022,1,RE1,TSM02H008,RE1,7.4778
RE1,WND,PWRWND,2023,1,RE1,TSM02H008,RE1,7.4778
RE1,WND,PWRWND,2024,1,RE1,TSM02H008,RE1,7.4778
RE1,WND,PWRWND,2025,1,RE1,TSM02H008,RE1,7.4778
RE1,WND,PWRWND,2026,1,RE1,TSM02H008,RE1,7.4778
RE1,WND,PWRWND,2027,1,RE1,TSM02H008,RE1,7.4778
RE1,WND,PWRWND,2028,1,RE1,TSM02H008,RE1,7.4778
RE1,WND,PWRWND,2029,1,RE1,TSM02H008,RE1,7.4778
RE1,WND,PWRWND,2030,1,RE1,TSM02H008,RE1,7.4778
RE1,Elc,PWRBATIN,2025,1,RE1,TSM02H009,RE1,2.9631
RE1,Elc,PWRBATIN,2028,1,RE1,TSM02H009,RE1,2.8274
RE1,Elc,PWRBATIN,2029,1,RE1,TSM02H009,RE1,2.8274
RE1,COA,PWRCOA,2021,1,RE1,TSM02H009,RE1,5.3286
RE1,COA,PWRCOA,2023,1,RE1,TSM02H009,RE1,22.3878
RE1,COA,PWRCOA,2024,1,RE1,TSM02H009,RE1,33.8552
RE1,COA,PWRCOA,2025,1,RE1,TSM02H009,RE1,48.3362
RE1,COA,PWRCOA,2026,1,RE1,TSM02H009,RE1,47.9765
RE1,COA,PWRCOA,2027,1,RE1,TSM02H009,RE1,56.5061
RE1,COA,PWRCOA,2028,1,RE1,TSM02H009,RE1,64.9883
RE1,COA,PWRCOA,2029,1,RE1,TSM02H009,RE1,64.9883
RE1,COA,PWRCOA,2030,1,RE1,TSM02H009,RE1,56.5061
RE1,Elc3,PWRDEM,2020,1,RE1,TSM02H009,RE1,30.0
RE1,Elc3,PWRDEM,2021,1,RE1,TSM02H009,RE1,33.0
RE1,Elc3,PWRDEM,2022,1,RE1,TSM02H009,RE1,36.0
RE1,Elc3,PWRDEM,2023,1,RE1,TSM02H009,RE1,39.0
RE1,Elc3,PWRDEM,2024,1,RE1,TSM02H009,RE1,42.0
RE1,Elc3,PWRDEM,2025,1,RE1,TSM02H009,RE1,45.0
RE1,Elc3,PWRDEM,2026,1,RE1,TSM02H009,RE1,48.0
RE1,Elc3,PWRDEM,2027,1,RE1,TSM02H009,RE1,51.0
RE1,Elc3,PWRDEM,2028,1,RE1,TSM02H009,RE1,51.0
RE1,Elc3,PWRDEM,2029,1,RE1,TSM02H009,RE1,51.0
RE1,Elc3,PWRDEM,2030,1,RE1,TSM02H009,RE1,51.0
RE1,Elc2,PWRDIST,2020,1,RE1,TSM02H009,RE1,30.0
RE1,Elc2,PWRDIST,2021,1,RE1,TSM02H009,RE1,33.0
RE1,Elc2,PWRDIST,2022,1,RE1,TSM02H009,RE1,36.0
RE1,Elc2,PWRDIST,2023,1,RE1,TSM02H009,RE1,39.0
RE1,Elc2,PWRDIST,2024,1,RE1,TSM02H009,RE1,42.0
RE1,Elc2,PWRDIST,2025,1,RE1,TSM02H009,RE1,45.0
RE1,Elc2,PWRDIST,2026,1,RE1,TSM02H009,RE1,48.0
RE1,Elc2,PWRDIST,2027,1,RE1,TSM02H009,RE1,51.0
RE1,Elc2,PWRDIST,2028,1,RE1,TSM02H009,RE1,51.0
RE1,Elc2,PWRDIST,2029,1,RE1,TSM02H009,RE1,51.0
RE1,Elc2,PWRDIST,2030,1,RE1,TSM02H009,RE1,51.0
RE1,SOL,PWRSOL,2020,1,RE1,TSM02H009,RE1,15.3777
RE1,SOL,PWRSOL,2021,1,RE1,TSM02H009,RE1,16.9153
RE1,SOL,PWRSOL,2022,1,RE1,TSM02H009,RE1,17.0721
RE1,SOL,PWRSOL,2023,1,RE1,TSM02H009,RE1,17.2289
RE1,SOL,PWRSOL,2024,1,RE1,TSM02H009,RE1,16.4064
RE1,SOL,PWRSOL,2025,1,RE1,TSM02H009,RE1,17.5425
RE1,SOL,PWRSOL,2026,1,RE1,TSM02H009,RE1,17.6993
RE1,SOL,PWRSOL,2027,1,RE1,TSM02H009,RE1,17.8561
RE1,SOL,PWRSOL,2028,1,RE1,TSM02H009,RE1,17.8561
RE1,SOL,PWRSOL,2029,1,RE1,TSM02H009,RE1,17.8561
RE1,SOL,PWRSOL,2030,1,RE1,TSM02H009,RE1,17.8561
RE1,Elc,PWRTRN,2020,1,RE1,TSM02H009,RE1,30.0
RE1,Elc,PWRTRN,2021,1,RE1,TSM02H009,RE1,33.0
RE1,Elc,PWRTRN,2022,1,RE1,TSM02H009,RE1,36.0
RE1,Elc,PWRTRN,2023,1,RE1,TSM02H009,RE1,39.0
RE1,Elc,PWRTRN,2024,1,RE1,TSM02H009,RE1,42.0
RE1,Elc,PWRTRN,2025,1,RE1,TSM02H009,RE1,45.0
RE1,Elc,PWRTRN,2026,1,RE1,TSM02H009,RE1,48.0
RE1,Elc,PWRTRN,2027,1,RE1,TSM02H009,RE1,51.0
RE1,Elc,PWRTRN,2028,1,RE1,TSM02H009,RE1,51.0
RE1,Elc,PWRTRN,2029,1,RE1,TSM02H009,RE1,51.0
RE1,Elc,PWRTRN,2030,1,RE1,TSM02H009,RE1,51.0
RE1,WND,PWRWND,2020,1,RE1,TSM02H009,RE1,14.3085
RE1,WND,PWRWND,2021,1,RE1,TSM02H009,RE1,14.3085
RE1,WND,PWRWND,2022,1,RE1,TSM02H009,RE1,14.3085
RE1,WND,PWRWND,2023,1,RE1,TSM02H009,RE1,14.3085
RE1,WND,PWRWND,2024,1,RE1,TSM02H009,RE1,14.3085
RE1,WND,PWRWND,2025,1,RE1,TSM02H009,RE1,14.3085
RE1,WND,PWRWND,2026,1,RE1,TSM02H009,RE1,14.3085
RE1,WND,PWRWND,2027,1,RE1,TSM02H009,RE1,14.3085
RE1,WND,PWRWND,2028,1,RE1,TSM02H009,RE1,14.3085
RE1,WND,PWRWND,2029,1,RE1,TSM02H009,RE1,14.3085
RE1,WND,PWRWND,2030,1,RE1,TSM02H009,RE1,14.3085
RE1,COA,PWRCOA,2022,1,RE1,TSM02H010,RE1,23.3582
RE1,COA,PWRCOA,2023,1,RE1,TSM02H010,RE1,31.6842
RE1,COA,PWRCOA,2024,1,RE1,TSM02H010,RE1,40.0102
RE1,COA,PWRCOA,2025,1,RE1,TSM02H010,RE1,48.3362
RE1,COA,PWRCOA,2026,1,RE1,TSM02H010,RE1,56.6623
RE1,COA,PWRCOA,2027,1,RE1,TSM02H010,RE1,64.9883
RE1,COA,PWRCOA,2028,1,RE1,TSM02H010,RE1,64.9883
RE1,COA,PWRCOA,2029,1,RE1,TSM02H010,RE1,64.9883
RE1,COA,PWRCOA,2030,1,RE1,TSM02H010,RE1,64.9883
RE1,Elc3,PWRDEM,2020,1,RE1,TSM02H010,RE1,31.5
RE1,Elc3,PWRDEM,2021,1,RE1,TSM02H010,RE1,34.65
RE1,Elc3,PWRDEM,2022,1,RE1,TSM02H010,RE1,37.8
RE1,Elc3,PWRDEM,2023,1,RE1,TSM02H010,RE1,40.95
RE1,Elc3,PWRDEM,2024,1,RE1,TSM02H010,RE1,44.1
RE1,Elc3,PWRDEM,2025,1,RE1,TSM02H010,RE1,47.25
RE1,Elc3,PWRDEM,2026,1,RE1,TSM02H010,RE1,50.4
RE1,Elc3,PWRDEM,2027,1,RE1,TSM02H010,RE1,53.55
RE1,Elc3,PWRDEM,2028,1,RE1,TSM02H010,RE1,53.55
RE1,Elc3,PWRDEM,2029,1,RE1,TSM02H010,RE1,53.55
RE1,Elc3,PWRDEM,2030,1,RE1,TSM02H010,RE1,53.55
RE1,Elc2,PWRDIST,2020,1,RE1,TSM02H010,RE1,31.5
RE1,Elc2,PWRDIST,2021,1,RE1,TSM02H010,RE1,34.65
RE1,Elc2,PWRDIST,2022,1,RE1,TSM02H010,RE1,37.8
RE1,Elc2,PWRDIST,2023,1,RE1,TSM02H010,RE1,40.95
RE1,Elc2,PWRDIST,2024,1,RE1,TSM02H010,RE1,44.1
RE1,Elc2,PWRDIST,2025,1,RE1,TSM02H010,RE1,47.25
RE1,Elc2,PWRDIST,2026,1,RE1,TSM02H010,RE1,50.4
RE1,Elc2,PWRDIST,2027,1,RE1,TSM02H010,RE1,53.55
RE1,Elc2,PWRDIST,2028,1,RE1,TSM02H010,RE1,53.55
RE1,Elc2,PWRDIST,2029,1,RE1,TSM02H010,RE1,53.55
RE1,Elc2,PWRDIST,2030,1,RE1,TSM02H010,RE1,53.55
RE1,SOL,PWRSOL,2020,1,RE1,TSM02H010,RE1,0.3402
RE1,SOL,PWRSOL,2021,1,RE1,TSM02H010,RE1,0.3742
RE1,SOL,PWRSOL,2022,1,RE1,TSM02H010,RE1,0.3777
RE1,SOL,PWRSOL,2023,1,RE1,TSM02H010,RE1,0.3812
RE1,SOL,PWRSOL,2024,1,RE1,TSM02H010,RE1,0.3846
RE1,SOL,PWRSOL,2025,1,RE1,TSM02H010,RE1,0.3881
RE1,SOL,PWRSOL,2026,1,RE1,TSM02H010,RE1,0.3916
RE1,SOL,PWRSOL,2027,1,RE1,TSM02H010,RE1,0.395
RE1,SOL,PWRSOL,2028,1,RE1,TSM02H010,RE1,0.395
RE1,SOL,PWRSOL,2029,1,RE1,TSM02H010,RE1,0.395
RE1,SOL,PWRSOL,2030,1,RE1,TSM02H010,RE1,0.395
RE1,Elc,PWRTRN,2020,1,RE1,TSM02H010,RE1,31.5
RE1,Elc,PWRTRN,2021,1,RE1,TSM02H010,RE1,34.65
RE1,Elc,PWRTRN,2022,1,RE1,TSM02H010,RE1,37.8
RE1,Elc,PWRTRN,2023,1,RE1,TSM02H010,RE1,40.95
RE1,Elc,PWRTRN,2024,1,RE1,TSM02H010,RE1,44.1
RE1,Elc,PWRTRN,2025,1,RE1,TSM02H010,RE1,47.25
RE1,Elc,PWRTRN,2026,1,RE1,TSM02H010,RE1,50.4
RE1,Elc,PWRTRN,2027,1,RE1,TSM02H010,RE1,53.55
RE1,Elc,PWRTRN,2028,1,RE1,TSM02H010,RE1,53.55
RE1,Elc,PWRTRN,2029,1,RE1,TSM02H010,RE1,53.55
RE1,Elc,PWRTRN,2030,1,RE1,TSM02H010,RE1,53.55
RE1,WND,PWRWND,2020,1,RE1,TSM02H010,RE1,23.3972
RE1,WND,PWRWND,2021,1,RE1,TSM02H010,RE1,23.3972
RE1,WND,PWRWND,2022,1,RE1,TSM02H010,RE1,23.3972
RE1,WND,PWRWND,2023,1,RE1,TSM02H010,RE1,23.3972
RE1,WND,PWRWND,2024,1,RE1,TSM02H010,RE1,23.3972
RE1,WND,PWRWND,2025,1,RE1,TSM02H010,RE1,23.3972
RE1,WND,PWRWND,2026,1,RE1,TSM02H010,RE1,23.3972
RE1,WND,PWRWND,2027,1,RE1,TSM02H010,RE1,23.3972
RE1,WND,PWRWND,2028,1,RE1,TSM02H010,RE1,23.3972
RE1,WND,PWRWND,2029,1,RE1,TSM02H010,RE1,23.3972
RE1,WND,PWRWND,2030,1,RE1,TSM02H010,RE1,23.3972
RE1,COA,PWRCOA,2021,1,RE1,TSM02H011,RE1,8.7356
RE1,COA,PWRCOA,2022,1,RE1,TSM02H011,RE1,23.3582
RE1,COA,PWRCOA,2023,1,RE1,TSM02H011,RE1,31.6842
RE1,COA,PWRCOA,2024,1,RE1,TSM02H011,RE1,40.0102
RE1,COA,PWRCOA,2025,1,RE1,TSM02H011,RE1,48.3362
RE1,COA,PWRCOA,2026,1,RE1,TSM02H011,RE1,56.6623
RE1,COA,PWRCOA,2027,1,RE1,TSM02H011,RE1,64.9883
RE1,COA,PWRCOA,2028,1,RE1,TSM02H011,RE1,64.9883
RE1,COA,PWRCOA,2029,1,RE1,TSM02H011,RE1,64.9883
RE1,COA,PWRCOA,2030,1,RE1,TSM02H011,RE1,64.9883
RE1,Elc3,PWRDEM,2020,1,RE1,TSM02H011,RE1,29.0
RE1,Elc3,PWRDEM,2021,1,RE1,TSM02H011,RE1,31.9
RE1,Elc3,PWRDEM,2022,1,RE1,TSM02H011,RE1,34.8
RE1,Elc3,PWRDEM,2023,1,RE1,TSM02H011,RE1,37.7
RE1,Elc3,PWRDEM,2024,1,RE1,TSM02H011,RE1,40.6
RE1,Elc3,PWRDEM,2025,1,RE1,TSM02H011,RE1,43.5
RE1,Elc3,PWRDEM,2026,1,RE1,TSM02H011,RE1,46.4
RE1,Elc3,PWRDEM,2027,1,RE1,TSM02H011,RE1,49.3
RE1,Elc3,PWRDEM,2028,1,RE1,TSM02H011,RE1,49.3
RE1,Elc3,PWRDEM,2029,1,RE1,TSM02H011,RE1,49.3
RE1,Elc3,PWRDEM,2030,1,RE1,TSM02H011,RE1,49.3
RE1,Elc2,PWRDIST,2020,1,RE1,TSM02H011,RE1,29.0
RE1,Elc2,PWRDIST,2021,1,RE1,TSM02H011,RE1,31.9
RE1,Elc2,PWRDIST,2022,1,RE1,TSM02H011,RE1,34.8
RE1,Elc2,PWRDIST,2023,1,RE1,TSM02H011,RE1,37.7
RE1,Elc2,PWRDIST,2024,1,RE1,TSM02H011,RE1,40.6
RE1,Elc2,PWRDIST,2025,1,RE1,TSM02H011,RE1,43.5
RE1,Elc2,PWRDIST,2026,1,RE1,TSM02H011,RE1,46.4
RE1,Elc2,PWRDIST,2027,1,RE1,TSM02H011,RE1,49.3
RE1,Elc2,PWRDIST,2028,1,RE1,TSM02H011,RE1,49.3
RE1,Elc2,PWRDIST,2029,1,RE1,TSM02H011,RE1,49.3
RE1,Elc2,PWRDIST,2030,1,RE1,TSM02H011,RE1,49.3
RE1,Elc,PWRTRN,2020,1,RE1,TSM02H011,RE1,29.0
RE1,Elc,PWRTRN,2021,1,RE1,TSM02H011,RE1,31.9
RE1,Elc,PWRTRN,2022,1,RE1,TSM02H011,RE1,34.8
RE1,Elc,PWRTRN,2023,1,RE1,TSM02H011,RE1,37.7
RE1,Elc,PWRTRN,2024,1,RE1,TSM02H011,RE1,40.6
RE1,Elc,PWRTRN,2025,1,RE1,TSM02H011,RE1,43.5
RE1,Elc,PWRTRN,2026,1,RE1,TSM02H011,RE1,46.4
RE1,Elc,PWRTRN,2027,1,RE1,TSM02H011,RE1,49.3
RE1,Elc,PWRTRN,2028,1,RE1,TSM02H011,RE1,49.3
RE1,Elc,PWRTRN,2029,1,RE1,TSM02H011,RE1,49.3
RE1,Elc,PWRTRN,2030,1,RE1,TSM02H011,RE1,49.3
RE1,WND,PWRWND,2020,1,RE1,TSM02H011,RE1,23.3972
RE1,WND,PWRWND,2021,1,RE1,TSM02H011,RE1,23.3972
RE1,WND,PWRWND,2022,1,RE1,TSM02H011,RE1,23.3972
RE1,WND,PWRWND,2023,1,RE1,TSM02H011,RE1,23.3972
RE1,WND,PWRWND,2024,1,RE1,TSM02H011,RE1,23.3972
RE1,WND,PWRWND,2025,1,RE1,TSM02H011,RE1,23.3972
RE1,WND,PWRWND,2026,1,RE1,TSM02H011,RE1,23.3972
RE1,WND,PWRWND,2027,1,RE1,TSM02H011,RE1,23.3972
RE1,WND,PWRWND,2028,1,RE1,TSM02H011,RE1,23.3972
RE1,WND,PWRWND,2029,1,RE1,TSM02H011,RE1,23.3972
RE1,WND,PWRWND,2030,1,RE1,TSM02H011,RE1,23.3972
RE1,Elc,PWRBATIN,2028,1,RE1,TSM02H012,RE1,2.56
RE1,Elc,PWRBATIN,2030,1,RE1,TSM02H012,RE1,2.56
RE1,COA,PWRCOA,2021,1,RE1,TSM02H012,RE1,12.3083
RE1,COA,PWRCOA,2022,1,RE1,TSM02H012,RE1,13.7018
RE1,COA,PWRCOA,2023,1,RE1,TSM02H012,RE1,27.3083
RE1,COA,PWRCOA,2024,1,RE1,TSM02H012,RE1,34.8083
RE1,COA,PWRCOA,2025,1,RE1,TSM02H012,RE1,42.3083
RE1,COA,PWRCOA,2026,1,RE1,TSM02H012,RE1,49.8083
RE1,COA,PWRCOA,2027,1,RE1,TSM02H012,RE1,57.3083
RE1,COA,PWRCOA,2028,1,RE1,TSM02H012,RE1,64.9883
RE1,COA,PWRCOA,2029,1,RE1,TSM02H012,RE1,57.3083
RE1,COA,PWRCOA,2030,1,RE1,TSM02H012,RE1,64.9883
RE1,Elc3,PWRDEM,2020,1,RE1,TSM02H012,RE1,25.0
RE1,Elc3,PWRDEM,2021,1,RE1,TSM02H012,RE1,27.5
RE1,Elc3,PWRDEM,2022,1,RE1,TSM02H012,RE1,30.0
RE1,Elc3,PWRDEM,2023,1,RE1,TSM02H012,RE1,32.5
RE1,Elc3,PWRDEM,2024,1,RE1,TSM02H012,RE1,35.0
RE1,Elc3,PWRDEM,2025,1,RE1,TSM02H012,RE1,37.5
RE1,Elc3,PWRDEM,2026,1,RE1,TSM02H012,RE1,40.0
RE1,Elc3,PWRDEM,2027,1,RE1,TSM02H012,RE1,42.5
RE1,Elc3,PWRDEM,2028,1,RE1,TSM02H012,RE1,42.5
RE1,Elc3,PWRDEM,2029,1,RE1,TSM02H012,RE1,42.5
RE1,Elc3,PWRDEM,2030,1,RE1,TSM02H012,RE1,42.5
RE1,Elc2,PWRDIST,2020,1,RE1,TSM02H012,RE1,25.0
RE1,Elc2,PWRDIST,2021,1,RE1,TSM02H012,RE1,27.5
RE1,Elc2,PWRDIST,2022,1,RE1,TSM02H012,RE1,30.0
RE1,Elc2,PWRDIST,2023,1,RE1,TSM02H012,RE1,32.5
RE1,Elc2,PWRDIST,2024,1,RE1,TSM02H012,RE1,35.0
RE1,Elc2,PWRDIST,2025,1,RE1,TSM02H012,RE1,37.5
RE1,Elc2,PWRDIST,2026,1,RE1,TSM02H012,RE1,40.0
RE1,Elc2,PWRDIST,2027,1,RE1,TSM02H012,RE1,42.5
RE1,Elc2,PWRDIST,2028,1,RE1,TSM02H012,RE1,42.5
RE1,Elc2,PWRDIST,2029,1,RE1,TSM02H012,RE1,42.5
RE1,Elc2,PWRDIST,2030,1,RE1,TSM02H012,RE1,42.5
RE1,Elc,PWRTRN,2020,1,RE1,TSM02H012,RE1,25.0
RE1,Elc,PWRTRN,2021,1,RE1,TSM02H012,RE1,27.5
RE1,Elc,PWRTRN,2022,1,RE1,TSM02H012,RE1,30.0
RE1,Elc,PWRTRN,2023,1,RE1,TSM02H012,RE1,32.5
RE1,Elc,PWRTRN,2024,1,RE1,TSM02H012,RE1,35.0
RE1,Elc,PWRTRN,2025,1,RE1,TSM02H012,RE1,37.5
RE1,Elc,PWRTRN,2026,1,RE1,TSM02H012,RE1,40.0
RE1,Elc,PWRTRN,2027,1,RE1,TSM02H012,RE1,42.5
RE1,Elc,PWRTRN,2028,1,RE1,TSM02H012,RE1,42.5
RE1,Elc,PWRTRN,2029,1,RE1,TSM02H012,RE1,42.5
RE1,Elc,PWRTRN,2030,1,RE1,TSM02H012,RE1,42.5
RE1,WND,PWRWND,2020,1,RE1,TSM02H012,RE1,23.3972
RE1,WND,PWRWND,2021,1,RE1,TSM02H012,RE1,23.3972
RE1,WND,PWRWND,2022,1,RE1,TSM02H012,RE1,23.3972
RE1,WND,PWRWND,2023,1,RE1,TSM02H012,RE1,23.3972
RE1,WND,PWRWND,2024,1,RE1,TSM02H012,RE1,23.3972
RE1,WND,PWRWND,2025,1,RE1,TSM02H012,RE1,23.3972
RE1,WND,PWRWND,2026,1,RE1,TSM02H012,RE1,23.3972
RE1,WND,PWRWND,2027,1,RE1,TSM02H012,RE1,23.3972
RE1,WND,PWRWND,2028,1,RE1,TSM02H012,RE1,23.3972
RE1,WND,PWRWND,2029,1,RE1,TSM02H012,RE1,23.3972
RE1,WND,PWRWND,2030,1,RE1,TSM02H012,RE1,23.3972
