{"osy-version": "5.0", "osy-casename": "BabyModel_V7-2", "osy-desc": "", "osy-date": "Wed Nov 06 2024", "osy-currency": "USD", "osy-mo": "2", "osy-tech": [{"TechId": "TEC_cs6qk", "Tech": "MINSOL", "Desc": "Solar potential", "CapUnitId": "GW", "ActUnitId": "PJ", "IAR": [], "OAR": ["COM_haxr4"], "EAR": [], "INCR": [], "ITCR": [], "TG": []}, {"TechId": "TEC_h689z", "Tech": "PWRSOL", "Desc": "Solar power plant", "CapUnitId": "GW", "ActUnitId": "PJ", "IAR": ["COM_haxr4"], "OAR": ["COM_9w543"], "EAR": [], "INCR": [], "ITCR": [], "TG": []}, {"TechId": "TEC_ypjbd", "Tech": "MINWND", "Desc": "Wind Potential", "CapUnitId": "GW", "ActUnitId": "PJ", "IAR": [], "OAR": ["COM_7alep"], "EAR": [], "INCR": [], "ITCR": [], "TG": []}, {"TechId": "TEC_ux5g9", "Tech": "PWRWND", "Desc": "Wind Power Plant", "CapUnitId": "GW", "ActUnitId": "PJ", "IAR": ["COM_7alep"], "OAR": ["COM_9w543"], "EAR": [], "INCR": [], "ITCR": [], "TG": []}, {"TechId": "TEC_33p16", "Tech": "MINCOA", "Desc": "Coal Mine", "CapUnitId": "GW", "ActUnitId": "PJ", "IAR": [], "OAR": ["COM_85oug"], "EAR": [], "INCR": [], "ITCR": [], "TG": []}, {"TechId": "TEC_klv3f", "Tech": "PWRCOA", "Desc": "Coal Power Plant", "CapUnitId": "GW", "ActUnitId": "PJ", "IAR": ["COM_85oug"], "OAR": ["COM_9w543"], "EAR": [], "INCR": [], "ITCR": [], "TG": []}, {"TechId": "TEC_65khz", "Tech": "MINGAS", "Desc": "Gas extraction", "CapUnitId": "GW", "ActUnitId": "PJ", "IAR": [], "OAR": ["COM_jolp6"], "EAR": [], "INCR": [], "ITCR": [], "TG": []}, {"TechId": "TEC_r9tuz", "Tech": "PWRGAS", "Desc": "Gas Power Plant", "CapUnitId": "GW", "ActUnitId": "PJ", "IAR": ["COM_jolp6"], "OAR": ["COM_9w543"], "EAR": [], "INCR": [], "ITCR": [], "TG": []}, {"TechId": "TEC_y11dz", "Tech": "PWRTRN", "Desc": "Transmission", "CapUnitId": "GW", "ActUnitId": "PJ", "IAR": ["COM_9w543"], "OAR": ["COM_vlqgh"], "EAR": [], "INCR": [], "ITCR": [], "TG": []}, {"TechId": "TEC_k2clh", "Tech": "PWRDIST", "Desc": "Distribution", "CapUnitId": "GW", "ActUnitId": "PJ", "IAR": ["COM_vlqgh"], "OAR": ["COM_8xmyd"], "EAR": [], "INCR": [], "ITCR": [], "TG": []}, {"TechId": "TEC_doa91", "Tech": "PWRDEM", "Desc": "Demand", "CapUnitId": "GW", "ActUnitId": "PJ", "IAR": ["COM_8xmyd"], "OAR": ["COM_zgbyv"], "EAR": [], "INCR": [], "ITCR": [], "TG": []}, {"TechId": "TEC_bcfdi", "Tech": "PWRBATIN", "Desc": "Battery In", "CapUnitId": "GW", "ActUnitId": "PJ", "TG": [], "IAR": ["COM_9w543"], "OAR": [], "INCR": [], "ITCR": [], "EAR": []}, {"TechId": "TEC_akx9t", "Tech": "PWRBATOUT", "Desc": "Battery out", "CapUnitId": "GW", "ActUnitId": "PJ", "TG": [], "IAR": [], "OAR": ["COM_9w543"], "INCR": [], "ITCR": [], "EAR": []}], "osy-stg": [{"StgId": "STG_xg9v0", "Stg": "STG", "Desc": "Default storage", "UnitId": "GW", "TTS": "TEC_bcfdi", "TFS": "TEC_akx9t", "Operation": "Daily"}], "osy-techGroups": [{"TechGroup": "TG_0", "TechGroupId": "TG_0", "Desc": "Default technology group"}], "osy-comm": [{"CommId": "COM_haxr4", "Comm": "SOL", "Desc": "Solar", "UnitId": "PJ"}, {"CommId": "COM_9w543", "Comm": "Elc", "Desc": "Electricity", "UnitId": "PJ"}, {"CommId": "COM_jolp6", "Comm": "GAS", "Desc": "Gas", "UnitId": "PJ"}, {"CommId": "COM_85oug", "Comm": "COA", "Desc": "Coal", "UnitId": "PJ"}, {"CommId": "COM_7alep", "Comm": "WND", "Desc": "Wind", "UnitId": "PJ"}, {"CommId": "COM_vlqgh", "Comm": "Elc2", "Desc": "Electricity from transmission", "UnitId": "PJ"}, {"CommId": "COM_8xmyd", "Comm": "Elc3", "Desc": "Electricity from distribution", "UnitId": "PJ"}, {"CommId": "COM_zgbyv", "Comm": "DEM", "Desc": "Demand", "UnitId": "PJ"}], "osy-ts": [{"TsId": "TS_g96xi", "Ts": "TSM01H001", "Desc": "Default timeslice", "SE": "SE_0", "DT": "DT_0", "DTB": "DTB_0"}, {"TsId": "TS_orifd", "Ts": "TSM01H002", "Desc": "Default timeslice", "SE": "SE_0", "DT": "DT_0", "DTB": "DTB_0"}, {"TsId": "TS_agfn8", "Ts": "TSM01H003", "Desc": "Default timeslice", "SE": "SE_0", "DT": "DT_0", "DTB": "DTB_0"}, {"TsId": "TS_7jt9l", "Ts": "TSM01H004", "Desc": "Default timeslice", "SE": "SE_0", "DT": "DT_0", "DTB": "DTB_0"}, {"TsId": "TS_d2pp4", "Ts": "TSM01H005", "Desc": "Default timeslice", "SE": "SE_0", "DT": "DT_0", "DTB": "DTB_0"}, {"TsId": "TS_xgjgm", "Ts": "TSM01H006", "Desc": "Default timeslice", "SE": "SE_0", "DT": "DT_0", "DTB": "DTB_0"}, {"TsId": "TS_jftzk", "Ts": "TSM01H007", "Desc": "Default timeslice", "SE": "SE_0", "DT": "DT_0", "DTB": "DTB_0"}, {"TsId": "TS_gd5pb", "Ts": "TSM01H008", "Desc": "Default timeslice", "SE": "SE_0", "DT": "DT_0", "DTB": "DTB_0"}, {"TsId": "TS_95crx", "Ts": "TSM01H009", "Desc": "Default timeslice", "SE": "SE_0", "DT": "DT_0", "DTB": "DTB_0"}, {"TsId": "TS_y5kiu", "Ts": "TSM01H010", "Desc": "Default timeslice", "SE": "SE_0", "DT": "DT_0", "DTB": "DTB_0"}, {"TsId": "TS_p7ne8", "Ts": "TSM01H011", "Desc": "Default timeslice", "SE": "SE_0", "DT": "DT_0", "DTB": "DTB_0"}, {"TsId": "TS_7a2xw", "Ts": "TSM01H012", "Desc": "Default timeslice", "SE": "SE_0", "DT": "DT_0", "DTB": "DTB_0"}, {"TsId": "TS_2wklo", "Ts": "TSM02H001", "Desc": "Default timeslice", "SE": "SE_0", "DT": "DT_ylhv0", "DTB": "DTB_0"}, {"TsId": "TS_gqaix", "Ts": "TSM02H002", "Desc": "Default timeslice", "SE": "SE_0", "DT": "DT_ylhv0", "DTB": "DTB_0"}, {"TsId": "TS_6yyu1", "Ts": "TSM02H003", "Desc": "Default timeslice", "SE": "SE_0", "DT": "DT_ylhv0", "DTB": "DTB_0"}, {"TsId": "TS_nz0lf", "Ts": "TSM02H004", "Desc": "Default timeslice", "SE": "SE_0", "DT": "DT_ylhv0", "DTB": "DTB_0"}, {"TsId": "TS_ajq03", "Ts": "TSM02H005", "Desc": "Default timeslice", "SE": "SE_0", "DT": "DT_ylhv0", "DTB": "DTB_0"}, {"TsId": "TS_f2o76", "Ts": "TSM02H006", "Desc": "Default timeslice", "SE": "SE_0", "DT": "DT_ylhv0", "DTB": "DTB_0"}, {"TsId": "TS_ilcuv", "Ts": "TSM02H007", "Desc": "Default timeslice", "SE": "SE_0", "DT": "DT_ylhv0", "DTB": "DTB_0"}, {"TsId": "TS_cvlhc", "Ts": "TSM02H008", "Desc": "Default timeslice", "SE": "SE_0", "DT": "DT_ylhv0", "DTB": "DTB_0"}, {"TsId": "TS_111zn", "Ts": "TSM02H009", "Desc": "Default timeslice", "SE": "SE_0", "DT": "DT_ylhv0", "DTB": "DTB_0"}, {"TsId": "TS_kpan0", "Ts": "TSM02H010", "Desc": "Default timeslice", "SE": "SE_0", "DT": "DT_ylhv0", "DTB": "DTB_0"}, {"TsId": "TS_u6kiw", "Ts": "TSM02H011", "Desc": "Default timeslice", "SE": "SE_0", "DT": "DT_ylhv0", "DTB": "DTB_0"}, {"TsId": "TS_lxasb", "Ts": "TSM02H012", "Desc": "Default timeslice", "SE": "SE_0", "DT": "DT_ylhv0", "DTB": "DTB_0"}], "osy-se": [{"SeId": "SE_0", "Se": 1, "Desc": "Default season"}], "osy-dt": [{"DtId": "DT_0", "Dt": 1, "Desc": "Default day type"}, {"DtId": "DT_ylhv0", "Dt": 2, "Desc": "Default day type"}], "osy-dtb": [{"DtbId": "DTB_0", "Dtb": 1, "Desc": "Default daily time bracket"}], "osy-emis": [{"EmisId": "EMI_uo79n", "Emis": "CO2", "Desc": "Carbon dioxide from coal combustion", "UnitId": "Mton"}], "osy-scenarios": [{"ScenarioId": "SC_0", "Scenario": "SC_0", "Desc": "Base scenario", "Active": true}], "osy-constraints": [{"ConId": "CO_wybqe", "Con": "CO_BATINOUT", "Desc": "Constraint on BATINOUT capacity", "Tag": 1, "CM": ["TEC_bcfdi", "TEC_akx9t"]}], "osy-years": ["2020", "2021", "2022", "2023", "2024", "2025", "2026", "2027", "2028", "2029", "2030"]}