{"DRI": {"SC_0": [{"TEC_cs6qk": 0.05, "TEC_h689z": 0.05, "TEC_ypjbd": 0.05, "TEC_ux5g9": 0.05, "TEC_33p16": 0.05, "TEC_klv3f": 0.05, "TEC_65khz": 0.05, "TEC_r9tuz": 0.05, "TEC_y11dz": 0.05, "TEC_k2clh": 0.05, "TEC_doa91": 0.05, "TEC_bcfdi": 0.05, "TEC_akx9t": 0.05}]}, "CAU": {"SC_0": [{"TEC_cs6qk": 31.536, "TEC_h689z": 31.536, "TEC_ypjbd": 31.536, "TEC_ux5g9": 31.536, "TEC_33p16": 31.536, "TEC_klv3f": 31.536, "TEC_65khz": 31.536, "TEC_r9tuz": 31.536, "TEC_y11dz": 31.536, "TEC_k2clh": 31.536, "TEC_doa91": 31.536, "TEC_bcfdi": 31.536, "TEC_akx9t": 31.536}]}, "OL": {"SC_0": [{"TEC_cs6qk": 1, "TEC_h689z": 20, "TEC_ypjbd": 1, "TEC_ux5g9": 25, "TEC_33p16": 1, "TEC_klv3f": 35, "TEC_65khz": 1, "TEC_r9tuz": 30, "TEC_y11dz": 40, "TEC_k2clh": 40, "TEC_doa91": 60, "TEC_bcfdi": 15, "TEC_akx9t": 15}]}, "TMPAL": {"SC_0": [{"TEC_cs6qk": 0, "TEC_h689z": 0, "TEC_ypjbd": 0, "TEC_ux5g9": 0, "TEC_33p16": 0, "TEC_klv3f": 0, "TEC_65khz": 0, "TEC_r9tuz": 0, "TEC_y11dz": 0, "TEC_k2clh": 0, "TEC_doa91": 0, "TEC_bcfdi": 0, "TEC_akx9t": 0}]}, "TMPAU": {"SC_0": [{"TEC_cs6qk": 999999, "TEC_h689z": 999999, "TEC_ypjbd": 999999, "TEC_ux5g9": 999999, "TEC_33p16": 999999, "TEC_klv3f": 999999, "TEC_65khz": 999999, "TEC_r9tuz": 999999, "TEC_y11dz": 999999, "TEC_k2clh": 999999, "TEC_doa91": 999999, "TEC_bcfdi": 999999, "TEC_akx9t": 999999}]}}