{"SDP": {"SC_0": [{"CommId": "COM_haxr4", "TsId": "TS_g96xi", "2020": 0, "2021": 0, "2022": 0, "2023": 0, "2024": 0, "2025": 0, "2026": 0, "2027": 0, "2028": 0, "2029": 0, "2030": 0}, {"CommId": "COM_haxr4", "TsId": "TS_orifd", "2020": 0, "2021": 0, "2022": 0, "2023": 0, "2024": 0, "2025": 0, "2026": 0, "2027": 0, "2028": 0, "2029": 0, "2030": 0}, {"CommId": "COM_haxr4", "TsId": "TS_agfn8", "2020": 0, "2021": 0, "2022": 0, "2023": 0, "2024": 0, "2025": 0, "2026": 0, "2027": 0, "2028": 0, "2029": 0, "2030": 0}, {"CommId": "COM_haxr4", "TsId": "TS_7jt9l", "2020": 0, "2021": 0, "2022": 0, "2023": 0, "2024": 0, "2025": 0, "2026": 0, "2027": 0, "2028": 0, "2029": 0, "2030": 0}, {"CommId": "COM_haxr4", "TsId": "TS_d2pp4", "2020": 0, "2021": 0, "2022": 0, "2023": 0, "2024": 0, "2025": 0, "2026": 0, "2027": 0, "2028": 0, "2029": 0, "2030": 0}, {"CommId": "COM_haxr4", "TsId": "TS_xgjgm", "2020": 0, "2021": 0, "2022": 0, "2023": 0, "2024": 0, "2025": 0, "2026": 0, "2027": 0, "2028": 0, "2029": 0, "2030": 0}, {"CommId": "COM_haxr4", "TsId": "TS_jftzk", "2020": 0, "2021": 0, "2022": 0, "2023": 0, "2024": 0, "2025": 0, "2026": 0, "2027": 0, "2028": 0, "2029": 0, "2030": 0}, {"CommId": "COM_haxr4", "TsId": "TS_gd5pb", "2020": 0, "2021": 0, "2022": 0, "2023": 0, "2024": 0, "2025": 0, "2026": 0, "2027": 0, "2028": 0, "2029": 0, "2030": 0}, {"CommId": "COM_haxr4", "TsId": "TS_95crx", "2020": 0, "2021": 0, "2022": 0, "2023": 0, "2024": 0, "2025": 0, "2026": 0, "2027": 0, "2028": 0, "2029": 0, "2030": 0}, {"CommId": "COM_haxr4", "TsId": "TS_y5kiu", "2020": 0, "2021": 0, "2022": 0, "2023": 0, "2024": 0, "2025": 0, "2026": 0, "2027": 0, "2028": 0, "2029": 0, "2030": 0}, {"CommId": "COM_haxr4", "TsId": "TS_p7ne8", "2020": 0, "2021": 0, "2022": 0, "2023": 0, "2024": 0, "2025": 0, "2026": 0, "2027": 0, "2028": 0, "2029": 0, "2030": 0}, {"CommId": "COM_haxr4", "TsId": "TS_7a2xw", "2020": 0, "2021": 0, "2022": 0, "2023": 0, "2024": 0, "2025": 0, "2026": 0, "2027": 0, "2028": 0, "2029": 0, "2030": 0}, {"CommId": "COM_haxr4", "TsId": "TS_2wklo", "2020": 0, "2021": 0, "2022": 0, "2023": 0, "2024": 0, "2025": 0, "2026": 0, "2027": 0, "2028": 0, "2029": 0, "2030": 0}, {"CommId": "COM_haxr4", "TsId": "TS_gqaix", "2020": 0, "2021": 0, "2022": 0, "2023": 0, "2024": 0, "2025": 0, "2026": 0, "2027": 0, "2028": 0, "2029": 0, "2030": 0}, {"CommId": "COM_haxr4", "TsId": "TS_6yyu1", "2020": 0, "2021": 0, "2022": 0, "2023": 0, "2024": 0, "2025": 0, "2026": 0, "2027": 0, "2028": 0, "2029": 0, "2030": 0}, {"CommId": "COM_haxr4", "TsId": "TS_nz0lf", "2020": 0, "2021": 0, "2022": 0, "2023": 0, "2024": 0, "2025": 0, "2026": 0, "2027": 0, "2028": 0, "2029": 0, "2030": 0}, {"CommId": "COM_haxr4", "TsId": "TS_ajq03", "2020": 0, "2021": 0, "2022": 0, "2023": 0, "2024": 0, "2025": 0, "2026": 0, "2027": 0, "2028": 0, "2029": 0, "2030": 0}, {"CommId": "COM_haxr4", "TsId": "TS_f2o76", "2020": 0, "2021": 0, "2022": 0, "2023": 0, "2024": 0, "2025": 0, "2026": 0, "2027": 0, "2028": 0, "2029": 0, "2030": 0}, {"CommId": "COM_haxr4", "TsId": "TS_ilcuv", "2020": 0, "2021": 0, "2022": 0, "2023": 0, "2024": 0, "2025": 0, "2026": 0, "2027": 0, "2028": 0, "2029": 0, "2030": 0}, {"CommId": "COM_haxr4", "TsId": "TS_cvlhc", "2020": 0, "2021": 0, "2022": 0, "2023": 0, "2024": 0, "2025": 0, "2026": 0, "2027": 0, "2028": 0, "2029": 0, "2030": 0}, {"CommId": "COM_haxr4", "TsId": "TS_111zn", "2020": 0, "2021": 0, "2022": 0, "2023": 0, "2024": 0, "2025": 0, "2026": 0, "2027": 0, "2028": 0, "2029": 0, "2030": 0}, {"CommId": "COM_haxr4", "TsId": "TS_kpan0", "2020": 0, "2021": 0, "2022": 0, "2023": 0, "2024": 0, "2025": 0, "2026": 0, "2027": 0, "2028": 0, "2029": 0, "2030": 0}, {"CommId": "COM_haxr4", "TsId": "TS_u6kiw", "2020": 0, "2021": 0, "2022": 0, "2023": 0, "2024": 0, "2025": 0, "2026": 0, "2027": 0, "2028": 0, "2029": 0, "2030": 0}, {"CommId": "COM_haxr4", "TsId": "TS_lxasb", "2020": 0, "2021": 0, "2022": 0, "2023": 0, "2024": 0, "2025": 0, "2026": 0, "2027": 0, "2028": 0, "2029": 0, "2030": 0}, {"CommId": "COM_9w543", "TsId": "TS_g96xi", "2020": 0, "2021": 0, "2022": 0, "2023": 0, "2024": 0, "2025": 0, "2026": 0, "2027": 0, "2028": 0, "2029": 0, "2030": 0}, {"CommId": "COM_9w543", "TsId": "TS_orifd", "2020": 0, "2021": 0, "2022": 0, "2023": 0, "2024": 0, "2025": 0, "2026": 0, "2027": 0, "2028": 0, "2029": 0, "2030": 0}, {"CommId": "COM_9w543", "TsId": "TS_agfn8", "2020": 0, "2021": 0, "2022": 0, "2023": 0, "2024": 0, "2025": 0, "2026": 0, "2027": 0, "2028": 0, "2029": 0, "2030": 0}, {"CommId": "COM_9w543", "TsId": "TS_7jt9l", "2020": 0, "2021": 0, "2022": 0, "2023": 0, "2024": 0, "2025": 0, "2026": 0, "2027": 0, "2028": 0, "2029": 0, "2030": 0}, {"CommId": "COM_9w543", "TsId": "TS_d2pp4", "2020": 0, "2021": 0, "2022": 0, "2023": 0, "2024": 0, "2025": 0, "2026": 0, "2027": 0, "2028": 0, "2029": 0, "2030": 0}, {"CommId": "COM_9w543", "TsId": "TS_xgjgm", "2020": 0, "2021": 0, "2022": 0, "2023": 0, "2024": 0, "2025": 0, "2026": 0, "2027": 0, "2028": 0, "2029": 0, "2030": 0}, {"CommId": "COM_9w543", "TsId": "TS_jftzk", "2020": 0, "2021": 0, "2022": 0, "2023": 0, "2024": 0, "2025": 0, "2026": 0, "2027": 0, "2028": 0, "2029": 0, "2030": 0}, {"CommId": "COM_9w543", "TsId": "TS_gd5pb", "2020": 0, "2021": 0, "2022": 0, "2023": 0, "2024": 0, "2025": 0, "2026": 0, "2027": 0, "2028": 0, "2029": 0, "2030": 0}, {"CommId": "COM_9w543", "TsId": "TS_95crx", "2020": 0, "2021": 0, "2022": 0, "2023": 0, "2024": 0, "2025": 0, "2026": 0, "2027": 0, "2028": 0, "2029": 0, "2030": 0}, {"CommId": "COM_9w543", "TsId": "TS_y5kiu", "2020": 0, "2021": 0, "2022": 0, "2023": 0, "2024": 0, "2025": 0, "2026": 0, "2027": 0, "2028": 0, "2029": 0, "2030": 0}, {"CommId": "COM_9w543", "TsId": "TS_p7ne8", "2020": 0, "2021": 0, "2022": 0, "2023": 0, "2024": 0, "2025": 0, "2026": 0, "2027": 0, "2028": 0, "2029": 0, "2030": 0}, {"CommId": "COM_9w543", "TsId": "TS_7a2xw", "2020": 0, "2021": 0, "2022": 0, "2023": 0, "2024": 0, "2025": 0, "2026": 0, "2027": 0, "2028": 0, "2029": 0, "2030": 0}, {"CommId": "COM_9w543", "TsId": "TS_2wklo", "2020": 0, "2021": 0, "2022": 0, "2023": 0, "2024": 0, "2025": 0, "2026": 0, "2027": 0, "2028": 0, "2029": 0, "2030": 0}, {"CommId": "COM_9w543", "TsId": "TS_gqaix", "2020": 0, "2021": 0, "2022": 0, "2023": 0, "2024": 0, "2025": 0, "2026": 0, "2027": 0, "2028": 0, "2029": 0, "2030": 0}, {"CommId": "COM_9w543", "TsId": "TS_6yyu1", "2020": 0, "2021": 0, "2022": 0, "2023": 0, "2024": 0, "2025": 0, "2026": 0, "2027": 0, "2028": 0, "2029": 0, "2030": 0}, {"CommId": "COM_9w543", "TsId": "TS_nz0lf", "2020": 0, "2021": 0, "2022": 0, "2023": 0, "2024": 0, "2025": 0, "2026": 0, "2027": 0, "2028": 0, "2029": 0, "2030": 0}, {"CommId": "COM_9w543", "TsId": "TS_ajq03", "2020": 0, "2021": 0, "2022": 0, "2023": 0, "2024": 0, "2025": 0, "2026": 0, "2027": 0, "2028": 0, "2029": 0, "2030": 0}, {"CommId": "COM_9w543", "TsId": "TS_f2o76", "2020": 0, "2021": 0, "2022": 0, "2023": 0, "2024": 0, "2025": 0, "2026": 0, "2027": 0, "2028": 0, "2029": 0, "2030": 0}, {"CommId": "COM_9w543", "TsId": "TS_ilcuv", "2020": 0, "2021": 0, "2022": 0, "2023": 0, "2024": 0, "2025": 0, "2026": 0, "2027": 0, "2028": 0, "2029": 0, "2030": 0}, {"CommId": "COM_9w543", "TsId": "TS_cvlhc", "2020": 0, "2021": 0, "2022": 0, "2023": 0, "2024": 0, "2025": 0, "2026": 0, "2027": 0, "2028": 0, "2029": 0, "2030": 0}, {"CommId": "COM_9w543", "TsId": "TS_111zn", "2020": 0, "2021": 0, "2022": 0, "2023": 0, "2024": 0, "2025": 0, "2026": 0, "2027": 0, "2028": 0, "2029": 0, "2030": 0}, {"CommId": "COM_9w543", "TsId": "TS_kpan0", "2020": 0, "2021": 0, "2022": 0, "2023": 0, "2024": 0, "2025": 0, "2026": 0, "2027": 0, "2028": 0, "2029": 0, "2030": 0}, {"CommId": "COM_9w543", "TsId": "TS_u6kiw", "2020": 0, "2021": 0, "2022": 0, "2023": 0, "2024": 0, "2025": 0, "2026": 0, "2027": 0, "2028": 0, "2029": 0, "2030": 0}, {"CommId": "COM_9w543", "TsId": "TS_lxasb", "2020": 0, "2021": 0, "2022": 0, "2023": 0, "2024": 0, "2025": 0, "2026": 0, "2027": 0, "2028": 0, "2029": 0, "2030": 0}, {"CommId": "COM_jolp6", "TsId": "TS_g96xi", "2020": 0, "2021": 0, "2022": 0, "2023": 0, "2024": 0, "2025": 0, "2026": 0, "2027": 0, "2028": 0, "2029": 0, "2030": 0}, {"CommId": "COM_jolp6", "TsId": "TS_orifd", "2020": 0, "2021": 0, "2022": 0, "2023": 0, "2024": 0, "2025": 0, "2026": 0, "2027": 0, "2028": 0, "2029": 0, "2030": 0}, {"CommId": "COM_jolp6", "TsId": "TS_agfn8", "2020": 0, "2021": 0, "2022": 0, "2023": 0, "2024": 0, "2025": 0, "2026": 0, "2027": 0, "2028": 0, "2029": 0, "2030": 0}, {"CommId": "COM_jolp6", "TsId": "TS_7jt9l", "2020": 0, "2021": 0, "2022": 0, "2023": 0, "2024": 0, "2025": 0, "2026": 0, "2027": 0, "2028": 0, "2029": 0, "2030": 0}, {"CommId": "COM_jolp6", "TsId": "TS_d2pp4", "2020": 0, "2021": 0, "2022": 0, "2023": 0, "2024": 0, "2025": 0, "2026": 0, "2027": 0, "2028": 0, "2029": 0, "2030": 0}, {"CommId": "COM_jolp6", "TsId": "TS_xgjgm", "2020": 0, "2021": 0, "2022": 0, "2023": 0, "2024": 0, "2025": 0, "2026": 0, "2027": 0, "2028": 0, "2029": 0, "2030": 0}, {"CommId": "COM_jolp6", "TsId": "TS_jftzk", "2020": 0, "2021": 0, "2022": 0, "2023": 0, "2024": 0, "2025": 0, "2026": 0, "2027": 0, "2028": 0, "2029": 0, "2030": 0}, {"CommId": "COM_jolp6", "TsId": "TS_gd5pb", "2020": 0, "2021": 0, "2022": 0, "2023": 0, "2024": 0, "2025": 0, "2026": 0, "2027": 0, "2028": 0, "2029": 0, "2030": 0}, {"CommId": "COM_jolp6", "TsId": "TS_95crx", "2020": 0, "2021": 0, "2022": 0, "2023": 0, "2024": 0, "2025": 0, "2026": 0, "2027": 0, "2028": 0, "2029": 0, "2030": 0}, {"CommId": "COM_jolp6", "TsId": "TS_y5kiu", "2020": 0, "2021": 0, "2022": 0, "2023": 0, "2024": 0, "2025": 0, "2026": 0, "2027": 0, "2028": 0, "2029": 0, "2030": 0}, {"CommId": "COM_jolp6", "TsId": "TS_p7ne8", "2020": 0, "2021": 0, "2022": 0, "2023": 0, "2024": 0, "2025": 0, "2026": 0, "2027": 0, "2028": 0, "2029": 0, "2030": 0}, {"CommId": "COM_jolp6", "TsId": "TS_7a2xw", "2020": 0, "2021": 0, "2022": 0, "2023": 0, "2024": 0, "2025": 0, "2026": 0, "2027": 0, "2028": 0, "2029": 0, "2030": 0}, {"CommId": "COM_jolp6", "TsId": "TS_2wklo", "2020": 0, "2021": 0, "2022": 0, "2023": 0, "2024": 0, "2025": 0, "2026": 0, "2027": 0, "2028": 0, "2029": 0, "2030": 0}, {"CommId": "COM_jolp6", "TsId": "TS_gqaix", "2020": 0, "2021": 0, "2022": 0, "2023": 0, "2024": 0, "2025": 0, "2026": 0, "2027": 0, "2028": 0, "2029": 0, "2030": 0}, {"CommId": "COM_jolp6", "TsId": "TS_6yyu1", "2020": 0, "2021": 0, "2022": 0, "2023": 0, "2024": 0, "2025": 0, "2026": 0, "2027": 0, "2028": 0, "2029": 0, "2030": 0}, {"CommId": "COM_jolp6", "TsId": "TS_nz0lf", "2020": 0, "2021": 0, "2022": 0, "2023": 0, "2024": 0, "2025": 0, "2026": 0, "2027": 0, "2028": 0, "2029": 0, "2030": 0}, {"CommId": "COM_jolp6", "TsId": "TS_ajq03", "2020": 0, "2021": 0, "2022": 0, "2023": 0, "2024": 0, "2025": 0, "2026": 0, "2027": 0, "2028": 0, "2029": 0, "2030": 0}, {"CommId": "COM_jolp6", "TsId": "TS_f2o76", "2020": 0, "2021": 0, "2022": 0, "2023": 0, "2024": 0, "2025": 0, "2026": 0, "2027": 0, "2028": 0, "2029": 0, "2030": 0}, {"CommId": "COM_jolp6", "TsId": "TS_ilcuv", "2020": 0, "2021": 0, "2022": 0, "2023": 0, "2024": 0, "2025": 0, "2026": 0, "2027": 0, "2028": 0, "2029": 0, "2030": 0}, {"CommId": "COM_jolp6", "TsId": "TS_cvlhc", "2020": 0, "2021": 0, "2022": 0, "2023": 0, "2024": 0, "2025": 0, "2026": 0, "2027": 0, "2028": 0, "2029": 0, "2030": 0}, {"CommId": "COM_jolp6", "TsId": "TS_111zn", "2020": 0, "2021": 0, "2022": 0, "2023": 0, "2024": 0, "2025": 0, "2026": 0, "2027": 0, "2028": 0, "2029": 0, "2030": 0}, {"CommId": "COM_jolp6", "TsId": "TS_kpan0", "2020": 0, "2021": 0, "2022": 0, "2023": 0, "2024": 0, "2025": 0, "2026": 0, "2027": 0, "2028": 0, "2029": 0, "2030": 0}, {"CommId": "COM_jolp6", "TsId": "TS_u6kiw", "2020": 0, "2021": 0, "2022": 0, "2023": 0, "2024": 0, "2025": 0, "2026": 0, "2027": 0, "2028": 0, "2029": 0, "2030": 0}, {"CommId": "COM_jolp6", "TsId": "TS_lxasb", "2020": 0, "2021": 0, "2022": 0, "2023": 0, "2024": 0, "2025": 0, "2026": 0, "2027": 0, "2028": 0, "2029": 0, "2030": 0}, {"CommId": "COM_85oug", "TsId": "TS_g96xi", "2020": 0, "2021": 0, "2022": 0, "2023": 0, "2024": 0, "2025": 0, "2026": 0, "2027": 0, "2028": 0, "2029": 0, "2030": 0}, {"CommId": "COM_85oug", "TsId": "TS_orifd", "2020": 0, "2021": 0, "2022": 0, "2023": 0, "2024": 0, "2025": 0, "2026": 0, "2027": 0, "2028": 0, "2029": 0, "2030": 0}, {"CommId": "COM_85oug", "TsId": "TS_agfn8", "2020": 0, "2021": 0, "2022": 0, "2023": 0, "2024": 0, "2025": 0, "2026": 0, "2027": 0, "2028": 0, "2029": 0, "2030": 0}, {"CommId": "COM_85oug", "TsId": "TS_7jt9l", "2020": 0, "2021": 0, "2022": 0, "2023": 0, "2024": 0, "2025": 0, "2026": 0, "2027": 0, "2028": 0, "2029": 0, "2030": 0}, {"CommId": "COM_85oug", "TsId": "TS_d2pp4", "2020": 0, "2021": 0, "2022": 0, "2023": 0, "2024": 0, "2025": 0, "2026": 0, "2027": 0, "2028": 0, "2029": 0, "2030": 0}, {"CommId": "COM_85oug", "TsId": "TS_xgjgm", "2020": 0, "2021": 0, "2022": 0, "2023": 0, "2024": 0, "2025": 0, "2026": 0, "2027": 0, "2028": 0, "2029": 0, "2030": 0}, {"CommId": "COM_85oug", "TsId": "TS_jftzk", "2020": 0, "2021": 0, "2022": 0, "2023": 0, "2024": 0, "2025": 0, "2026": 0, "2027": 0, "2028": 0, "2029": 0, "2030": 0}, {"CommId": "COM_85oug", "TsId": "TS_gd5pb", "2020": 0, "2021": 0, "2022": 0, "2023": 0, "2024": 0, "2025": 0, "2026": 0, "2027": 0, "2028": 0, "2029": 0, "2030": 0}, {"CommId": "COM_85oug", "TsId": "TS_95crx", "2020": 0, "2021": 0, "2022": 0, "2023": 0, "2024": 0, "2025": 0, "2026": 0, "2027": 0, "2028": 0, "2029": 0, "2030": 0}, {"CommId": "COM_85oug", "TsId": "TS_y5kiu", "2020": 0, "2021": 0, "2022": 0, "2023": 0, "2024": 0, "2025": 0, "2026": 0, "2027": 0, "2028": 0, "2029": 0, "2030": 0}, {"CommId": "COM_85oug", "TsId": "TS_p7ne8", "2020": 0, "2021": 0, "2022": 0, "2023": 0, "2024": 0, "2025": 0, "2026": 0, "2027": 0, "2028": 0, "2029": 0, "2030": 0}, {"CommId": "COM_85oug", "TsId": "TS_7a2xw", "2020": 0, "2021": 0, "2022": 0, "2023": 0, "2024": 0, "2025": 0, "2026": 0, "2027": 0, "2028": 0, "2029": 0, "2030": 0}, {"CommId": "COM_85oug", "TsId": "TS_2wklo", "2020": 0, "2021": 0, "2022": 0, "2023": 0, "2024": 0, "2025": 0, "2026": 0, "2027": 0, "2028": 0, "2029": 0, "2030": 0}, {"CommId": "COM_85oug", "TsId": "TS_gqaix", "2020": 0, "2021": 0, "2022": 0, "2023": 0, "2024": 0, "2025": 0, "2026": 0, "2027": 0, "2028": 0, "2029": 0, "2030": 0}, {"CommId": "COM_85oug", "TsId": "TS_6yyu1", "2020": 0, "2021": 0, "2022": 0, "2023": 0, "2024": 0, "2025": 0, "2026": 0, "2027": 0, "2028": 0, "2029": 0, "2030": 0}, {"CommId": "COM_85oug", "TsId": "TS_nz0lf", "2020": 0, "2021": 0, "2022": 0, "2023": 0, "2024": 0, "2025": 0, "2026": 0, "2027": 0, "2028": 0, "2029": 0, "2030": 0}, {"CommId": "COM_85oug", "TsId": "TS_ajq03", "2020": 0, "2021": 0, "2022": 0, "2023": 0, "2024": 0, "2025": 0, "2026": 0, "2027": 0, "2028": 0, "2029": 0, "2030": 0}, {"CommId": "COM_85oug", "TsId": "TS_f2o76", "2020": 0, "2021": 0, "2022": 0, "2023": 0, "2024": 0, "2025": 0, "2026": 0, "2027": 0, "2028": 0, "2029": 0, "2030": 0}, {"CommId": "COM_85oug", "TsId": "TS_ilcuv", "2020": 0, "2021": 0, "2022": 0, "2023": 0, "2024": 0, "2025": 0, "2026": 0, "2027": 0, "2028": 0, "2029": 0, "2030": 0}, {"CommId": "COM_85oug", "TsId": "TS_cvlhc", "2020": 0, "2021": 0, "2022": 0, "2023": 0, "2024": 0, "2025": 0, "2026": 0, "2027": 0, "2028": 0, "2029": 0, "2030": 0}, {"CommId": "COM_85oug", "TsId": "TS_111zn", "2020": 0, "2021": 0, "2022": 0, "2023": 0, "2024": 0, "2025": 0, "2026": 0, "2027": 0, "2028": 0, "2029": 0, "2030": 0}, {"CommId": "COM_85oug", "TsId": "TS_kpan0", "2020": 0, "2021": 0, "2022": 0, "2023": 0, "2024": 0, "2025": 0, "2026": 0, "2027": 0, "2028": 0, "2029": 0, "2030": 0}, {"CommId": "COM_85oug", "TsId": "TS_u6kiw", "2020": 0, "2021": 0, "2022": 0, "2023": 0, "2024": 0, "2025": 0, "2026": 0, "2027": 0, "2028": 0, "2029": 0, "2030": 0}, {"CommId": "COM_85oug", "TsId": "TS_lxasb", "2020": 0, "2021": 0, "2022": 0, "2023": 0, "2024": 0, "2025": 0, "2026": 0, "2027": 0, "2028": 0, "2029": 0, "2030": 0}, {"CommId": "COM_7alep", "TsId": "TS_g96xi", "2020": 0, "2021": 0, "2022": 0, "2023": 0, "2024": 0, "2025": 0, "2026": 0, "2027": 0, "2028": 0, "2029": 0, "2030": 0}, {"CommId": "COM_7alep", "TsId": "TS_orifd", "2020": 0, "2021": 0, "2022": 0, "2023": 0, "2024": 0, "2025": 0, "2026": 0, "2027": 0, "2028": 0, "2029": 0, "2030": 0}, {"CommId": "COM_7alep", "TsId": "TS_agfn8", "2020": 0, "2021": 0, "2022": 0, "2023": 0, "2024": 0, "2025": 0, "2026": 0, "2027": 0, "2028": 0, "2029": 0, "2030": 0}, {"CommId": "COM_7alep", "TsId": "TS_7jt9l", "2020": 0, "2021": 0, "2022": 0, "2023": 0, "2024": 0, "2025": 0, "2026": 0, "2027": 0, "2028": 0, "2029": 0, "2030": 0}, {"CommId": "COM_7alep", "TsId": "TS_d2pp4", "2020": 0, "2021": 0, "2022": 0, "2023": 0, "2024": 0, "2025": 0, "2026": 0, "2027": 0, "2028": 0, "2029": 0, "2030": 0}, {"CommId": "COM_7alep", "TsId": "TS_xgjgm", "2020": 0, "2021": 0, "2022": 0, "2023": 0, "2024": 0, "2025": 0, "2026": 0, "2027": 0, "2028": 0, "2029": 0, "2030": 0}, {"CommId": "COM_7alep", "TsId": "TS_jftzk", "2020": 0, "2021": 0, "2022": 0, "2023": 0, "2024": 0, "2025": 0, "2026": 0, "2027": 0, "2028": 0, "2029": 0, "2030": 0}, {"CommId": "COM_7alep", "TsId": "TS_gd5pb", "2020": 0, "2021": 0, "2022": 0, "2023": 0, "2024": 0, "2025": 0, "2026": 0, "2027": 0, "2028": 0, "2029": 0, "2030": 0}, {"CommId": "COM_7alep", "TsId": "TS_95crx", "2020": 0, "2021": 0, "2022": 0, "2023": 0, "2024": 0, "2025": 0, "2026": 0, "2027": 0, "2028": 0, "2029": 0, "2030": 0}, {"CommId": "COM_7alep", "TsId": "TS_y5kiu", "2020": 0, "2021": 0, "2022": 0, "2023": 0, "2024": 0, "2025": 0, "2026": 0, "2027": 0, "2028": 0, "2029": 0, "2030": 0}, {"CommId": "COM_7alep", "TsId": "TS_p7ne8", "2020": 0, "2021": 0, "2022": 0, "2023": 0, "2024": 0, "2025": 0, "2026": 0, "2027": 0, "2028": 0, "2029": 0, "2030": 0}, {"CommId": "COM_7alep", "TsId": "TS_7a2xw", "2020": 0, "2021": 0, "2022": 0, "2023": 0, "2024": 0, "2025": 0, "2026": 0, "2027": 0, "2028": 0, "2029": 0, "2030": 0}, {"CommId": "COM_7alep", "TsId": "TS_2wklo", "2020": 0, "2021": 0, "2022": 0, "2023": 0, "2024": 0, "2025": 0, "2026": 0, "2027": 0, "2028": 0, "2029": 0, "2030": 0}, {"CommId": "COM_7alep", "TsId": "TS_gqaix", "2020": 0, "2021": 0, "2022": 0, "2023": 0, "2024": 0, "2025": 0, "2026": 0, "2027": 0, "2028": 0, "2029": 0, "2030": 0}, {"CommId": "COM_7alep", "TsId": "TS_6yyu1", "2020": 0, "2021": 0, "2022": 0, "2023": 0, "2024": 0, "2025": 0, "2026": 0, "2027": 0, "2028": 0, "2029": 0, "2030": 0}, {"CommId": "COM_7alep", "TsId": "TS_nz0lf", "2020": 0, "2021": 0, "2022": 0, "2023": 0, "2024": 0, "2025": 0, "2026": 0, "2027": 0, "2028": 0, "2029": 0, "2030": 0}, {"CommId": "COM_7alep", "TsId": "TS_ajq03", "2020": 0, "2021": 0, "2022": 0, "2023": 0, "2024": 0, "2025": 0, "2026": 0, "2027": 0, "2028": 0, "2029": 0, "2030": 0}, {"CommId": "COM_7alep", "TsId": "TS_f2o76", "2020": 0, "2021": 0, "2022": 0, "2023": 0, "2024": 0, "2025": 0, "2026": 0, "2027": 0, "2028": 0, "2029": 0, "2030": 0}, {"CommId": "COM_7alep", "TsId": "TS_ilcuv", "2020": 0, "2021": 0, "2022": 0, "2023": 0, "2024": 0, "2025": 0, "2026": 0, "2027": 0, "2028": 0, "2029": 0, "2030": 0}, {"CommId": "COM_7alep", "TsId": "TS_cvlhc", "2020": 0, "2021": 0, "2022": 0, "2023": 0, "2024": 0, "2025": 0, "2026": 0, "2027": 0, "2028": 0, "2029": 0, "2030": 0}, {"CommId": "COM_7alep", "TsId": "TS_111zn", "2020": 0, "2021": 0, "2022": 0, "2023": 0, "2024": 0, "2025": 0, "2026": 0, "2027": 0, "2028": 0, "2029": 0, "2030": 0}, {"CommId": "COM_7alep", "TsId": "TS_kpan0", "2020": 0, "2021": 0, "2022": 0, "2023": 0, "2024": 0, "2025": 0, "2026": 0, "2027": 0, "2028": 0, "2029": 0, "2030": 0}, {"CommId": "COM_7alep", "TsId": "TS_u6kiw", "2020": 0, "2021": 0, "2022": 0, "2023": 0, "2024": 0, "2025": 0, "2026": 0, "2027": 0, "2028": 0, "2029": 0, "2030": 0}, {"CommId": "COM_7alep", "TsId": "TS_lxasb", "2020": 0, "2021": 0, "2022": 0, "2023": 0, "2024": 0, "2025": 0, "2026": 0, "2027": 0, "2028": 0, "2029": 0, "2030": 0}, {"CommId": "COM_vlqgh", "TsId": "TS_g96xi", "2020": 0, "2021": 0, "2022": 0, "2023": 0, "2024": 0, "2025": 0, "2026": 0, "2027": 0, "2028": 0, "2029": 0, "2030": 0}, {"CommId": "COM_vlqgh", "TsId": "TS_orifd", "2020": 0, "2021": 0, "2022": 0, "2023": 0, "2024": 0, "2025": 0, "2026": 0, "2027": 0, "2028": 0, "2029": 0, "2030": 0}, {"CommId": "COM_vlqgh", "TsId": "TS_agfn8", "2020": 0, "2021": 0, "2022": 0, "2023": 0, "2024": 0, "2025": 0, "2026": 0, "2027": 0, "2028": 0, "2029": 0, "2030": 0}, {"CommId": "COM_vlqgh", "TsId": "TS_7jt9l", "2020": 0, "2021": 0, "2022": 0, "2023": 0, "2024": 0, "2025": 0, "2026": 0, "2027": 0, "2028": 0, "2029": 0, "2030": 0}, {"CommId": "COM_vlqgh", "TsId": "TS_d2pp4", "2020": 0, "2021": 0, "2022": 0, "2023": 0, "2024": 0, "2025": 0, "2026": 0, "2027": 0, "2028": 0, "2029": 0, "2030": 0}, {"CommId": "COM_vlqgh", "TsId": "TS_xgjgm", "2020": 0, "2021": 0, "2022": 0, "2023": 0, "2024": 0, "2025": 0, "2026": 0, "2027": 0, "2028": 0, "2029": 0, "2030": 0}, {"CommId": "COM_vlqgh", "TsId": "TS_jftzk", "2020": 0, "2021": 0, "2022": 0, "2023": 0, "2024": 0, "2025": 0, "2026": 0, "2027": 0, "2028": 0, "2029": 0, "2030": 0}, {"CommId": "COM_vlqgh", "TsId": "TS_gd5pb", "2020": 0, "2021": 0, "2022": 0, "2023": 0, "2024": 0, "2025": 0, "2026": 0, "2027": 0, "2028": 0, "2029": 0, "2030": 0}, {"CommId": "COM_vlqgh", "TsId": "TS_95crx", "2020": 0, "2021": 0, "2022": 0, "2023": 0, "2024": 0, "2025": 0, "2026": 0, "2027": 0, "2028": 0, "2029": 0, "2030": 0}, {"CommId": "COM_vlqgh", "TsId": "TS_y5kiu", "2020": 0, "2021": 0, "2022": 0, "2023": 0, "2024": 0, "2025": 0, "2026": 0, "2027": 0, "2028": 0, "2029": 0, "2030": 0}, {"CommId": "COM_vlqgh", "TsId": "TS_p7ne8", "2020": 0, "2021": 0, "2022": 0, "2023": 0, "2024": 0, "2025": 0, "2026": 0, "2027": 0, "2028": 0, "2029": 0, "2030": 0}, {"CommId": "COM_vlqgh", "TsId": "TS_7a2xw", "2020": 0, "2021": 0, "2022": 0, "2023": 0, "2024": 0, "2025": 0, "2026": 0, "2027": 0, "2028": 0, "2029": 0, "2030": 0}, {"CommId": "COM_vlqgh", "TsId": "TS_2wklo", "2020": 0, "2021": 0, "2022": 0, "2023": 0, "2024": 0, "2025": 0, "2026": 0, "2027": 0, "2028": 0, "2029": 0, "2030": 0}, {"CommId": "COM_vlqgh", "TsId": "TS_gqaix", "2020": 0, "2021": 0, "2022": 0, "2023": 0, "2024": 0, "2025": 0, "2026": 0, "2027": 0, "2028": 0, "2029": 0, "2030": 0}, {"CommId": "COM_vlqgh", "TsId": "TS_6yyu1", "2020": 0, "2021": 0, "2022": 0, "2023": 0, "2024": 0, "2025": 0, "2026": 0, "2027": 0, "2028": 0, "2029": 0, "2030": 0}, {"CommId": "COM_vlqgh", "TsId": "TS_nz0lf", "2020": 0, "2021": 0, "2022": 0, "2023": 0, "2024": 0, "2025": 0, "2026": 0, "2027": 0, "2028": 0, "2029": 0, "2030": 0}, {"CommId": "COM_vlqgh", "TsId": "TS_ajq03", "2020": 0, "2021": 0, "2022": 0, "2023": 0, "2024": 0, "2025": 0, "2026": 0, "2027": 0, "2028": 0, "2029": 0, "2030": 0}, {"CommId": "COM_vlqgh", "TsId": "TS_f2o76", "2020": 0, "2021": 0, "2022": 0, "2023": 0, "2024": 0, "2025": 0, "2026": 0, "2027": 0, "2028": 0, "2029": 0, "2030": 0}, {"CommId": "COM_vlqgh", "TsId": "TS_ilcuv", "2020": 0, "2021": 0, "2022": 0, "2023": 0, "2024": 0, "2025": 0, "2026": 0, "2027": 0, "2028": 0, "2029": 0, "2030": 0}, {"CommId": "COM_vlqgh", "TsId": "TS_cvlhc", "2020": 0, "2021": 0, "2022": 0, "2023": 0, "2024": 0, "2025": 0, "2026": 0, "2027": 0, "2028": 0, "2029": 0, "2030": 0}, {"CommId": "COM_vlqgh", "TsId": "TS_111zn", "2020": 0, "2021": 0, "2022": 0, "2023": 0, "2024": 0, "2025": 0, "2026": 0, "2027": 0, "2028": 0, "2029": 0, "2030": 0}, {"CommId": "COM_vlqgh", "TsId": "TS_kpan0", "2020": 0, "2021": 0, "2022": 0, "2023": 0, "2024": 0, "2025": 0, "2026": 0, "2027": 0, "2028": 0, "2029": 0, "2030": 0}, {"CommId": "COM_vlqgh", "TsId": "TS_u6kiw", "2020": 0, "2021": 0, "2022": 0, "2023": 0, "2024": 0, "2025": 0, "2026": 0, "2027": 0, "2028": 0, "2029": 0, "2030": 0}, {"CommId": "COM_vlqgh", "TsId": "TS_lxasb", "2020": 0, "2021": 0, "2022": 0, "2023": 0, "2024": 0, "2025": 0, "2026": 0, "2027": 0, "2028": 0, "2029": 0, "2030": 0}, {"CommId": "COM_8xmyd", "TsId": "TS_g96xi", "2020": 0, "2021": 0, "2022": 0, "2023": 0, "2024": 0, "2025": 0, "2026": 0, "2027": 0, "2028": 0, "2029": 0, "2030": 0}, {"CommId": "COM_8xmyd", "TsId": "TS_orifd", "2020": 0, "2021": 0, "2022": 0, "2023": 0, "2024": 0, "2025": 0, "2026": 0, "2027": 0, "2028": 0, "2029": 0, "2030": 0}, {"CommId": "COM_8xmyd", "TsId": "TS_agfn8", "2020": 0, "2021": 0, "2022": 0, "2023": 0, "2024": 0, "2025": 0, "2026": 0, "2027": 0, "2028": 0, "2029": 0, "2030": 0}, {"CommId": "COM_8xmyd", "TsId": "TS_7jt9l", "2020": 0, "2021": 0, "2022": 0, "2023": 0, "2024": 0, "2025": 0, "2026": 0, "2027": 0, "2028": 0, "2029": 0, "2030": 0}, {"CommId": "COM_8xmyd", "TsId": "TS_d2pp4", "2020": 0, "2021": 0, "2022": 0, "2023": 0, "2024": 0, "2025": 0, "2026": 0, "2027": 0, "2028": 0, "2029": 0, "2030": 0}, {"CommId": "COM_8xmyd", "TsId": "TS_xgjgm", "2020": 0, "2021": 0, "2022": 0, "2023": 0, "2024": 0, "2025": 0, "2026": 0, "2027": 0, "2028": 0, "2029": 0, "2030": 0}, {"CommId": "COM_8xmyd", "TsId": "TS_jftzk", "2020": 0, "2021": 0, "2022": 0, "2023": 0, "2024": 0, "2025": 0, "2026": 0, "2027": 0, "2028": 0, "2029": 0, "2030": 0}, {"CommId": "COM_8xmyd", "TsId": "TS_gd5pb", "2020": 0, "2021": 0, "2022": 0, "2023": 0, "2024": 0, "2025": 0, "2026": 0, "2027": 0, "2028": 0, "2029": 0, "2030": 0}, {"CommId": "COM_8xmyd", "TsId": "TS_95crx", "2020": 0, "2021": 0, "2022": 0, "2023": 0, "2024": 0, "2025": 0, "2026": 0, "2027": 0, "2028": 0, "2029": 0, "2030": 0}, {"CommId": "COM_8xmyd", "TsId": "TS_y5kiu", "2020": 0, "2021": 0, "2022": 0, "2023": 0, "2024": 0, "2025": 0, "2026": 0, "2027": 0, "2028": 0, "2029": 0, "2030": 0}, {"CommId": "COM_8xmyd", "TsId": "TS_p7ne8", "2020": 0, "2021": 0, "2022": 0, "2023": 0, "2024": 0, "2025": 0, "2026": 0, "2027": 0, "2028": 0, "2029": 0, "2030": 0}, {"CommId": "COM_8xmyd", "TsId": "TS_7a2xw", "2020": 0, "2021": 0, "2022": 0, "2023": 0, "2024": 0, "2025": 0, "2026": 0, "2027": 0, "2028": 0, "2029": 0, "2030": 0}, {"CommId": "COM_8xmyd", "TsId": "TS_2wklo", "2020": 0, "2021": 0, "2022": 0, "2023": 0, "2024": 0, "2025": 0, "2026": 0, "2027": 0, "2028": 0, "2029": 0, "2030": 0}, {"CommId": "COM_8xmyd", "TsId": "TS_gqaix", "2020": 0, "2021": 0, "2022": 0, "2023": 0, "2024": 0, "2025": 0, "2026": 0, "2027": 0, "2028": 0, "2029": 0, "2030": 0}, {"CommId": "COM_8xmyd", "TsId": "TS_6yyu1", "2020": 0, "2021": 0, "2022": 0, "2023": 0, "2024": 0, "2025": 0, "2026": 0, "2027": 0, "2028": 0, "2029": 0, "2030": 0}, {"CommId": "COM_8xmyd", "TsId": "TS_nz0lf", "2020": 0, "2021": 0, "2022": 0, "2023": 0, "2024": 0, "2025": 0, "2026": 0, "2027": 0, "2028": 0, "2029": 0, "2030": 0}, {"CommId": "COM_8xmyd", "TsId": "TS_ajq03", "2020": 0, "2021": 0, "2022": 0, "2023": 0, "2024": 0, "2025": 0, "2026": 0, "2027": 0, "2028": 0, "2029": 0, "2030": 0}, {"CommId": "COM_8xmyd", "TsId": "TS_f2o76", "2020": 0, "2021": 0, "2022": 0, "2023": 0, "2024": 0, "2025": 0, "2026": 0, "2027": 0, "2028": 0, "2029": 0, "2030": 0}, {"CommId": "COM_8xmyd", "TsId": "TS_ilcuv", "2020": 0, "2021": 0, "2022": 0, "2023": 0, "2024": 0, "2025": 0, "2026": 0, "2027": 0, "2028": 0, "2029": 0, "2030": 0}, {"CommId": "COM_8xmyd", "TsId": "TS_cvlhc", "2020": 0, "2021": 0, "2022": 0, "2023": 0, "2024": 0, "2025": 0, "2026": 0, "2027": 0, "2028": 0, "2029": 0, "2030": 0}, {"CommId": "COM_8xmyd", "TsId": "TS_111zn", "2020": 0, "2021": 0, "2022": 0, "2023": 0, "2024": 0, "2025": 0, "2026": 0, "2027": 0, "2028": 0, "2029": 0, "2030": 0}, {"CommId": "COM_8xmyd", "TsId": "TS_kpan0", "2020": 0, "2021": 0, "2022": 0, "2023": 0, "2024": 0, "2025": 0, "2026": 0, "2027": 0, "2028": 0, "2029": 0, "2030": 0}, {"CommId": "COM_8xmyd", "TsId": "TS_u6kiw", "2020": 0, "2021": 0, "2022": 0, "2023": 0, "2024": 0, "2025": 0, "2026": 0, "2027": 0, "2028": 0, "2029": 0, "2030": 0}, {"CommId": "COM_8xmyd", "TsId": "TS_lxasb", "2020": 0, "2021": 0, "2022": 0, "2023": 0, "2024": 0, "2025": 0, "2026": 0, "2027": 0, "2028": 0, "2029": 0, "2030": 0}, {"CommId": "COM_zgbyv", "TsId": "TS_g96xi", "2020": 0.022, "2021": 0.022, "2022": 0.022, "2023": 0.022, "2024": 0.022, "2025": 0.022, "2026": 0.022, "2027": 0.022, "2028": 0.022, "2029": 0.022, "2030": 0.022}, {"CommId": "COM_zgbyv", "TsId": "TS_orifd", "2020": 0.022, "2021": 0.022, "2022": 0.022, "2023": 0.022, "2024": 0.022, "2025": 0.022, "2026": 0.022, "2027": 0.022, "2028": 0.022, "2029": 0.022, "2030": 0.022}, {"CommId": "COM_zgbyv", "TsId": "TS_agfn8", "2020": 0.025, "2021": 0.025, "2022": 0.025, "2023": 0.025, "2024": 0.025, "2025": 0.025, "2026": 0.025, "2027": 0.025, "2028": 0.025, "2029": 0.025, "2030": 0.025}, {"CommId": "COM_zgbyv", "TsId": "TS_7jt9l", "2020": 0.028, "2021": 0.028, "2022": 0.028, "2023": 0.028, "2024": 0.028, "2025": 0.028, "2026": 0.028, "2027": 0.028, "2028": 0.028, "2029": 0.028, "2030": 0.028}, {"CommId": "COM_zgbyv", "TsId": "TS_d2pp4", "2020": 0.03, "2021": 0.03, "2022": 0.03, "2023": 0.03, "2024": 0.03, "2025": 0.03, "2026": 0.03, "2027": 0.03, "2028": 0.03, "2029": 0.03, "2030": 0.03}, {"CommId": "COM_zgbyv", "TsId": "TS_xgjgm", "2020": 0.03, "2021": 0.03, "2022": 0.03, "2023": 0.03, "2024": 0.03, "2025": 0.03, "2026": 0.03, "2027": 0.03, "2028": 0.03, "2029": 0.03, "2030": 0.03}, {"CommId": "COM_zgbyv", "TsId": "TS_jftzk", "2020": 0.029, "2021": 0.029, "2022": 0.029, "2023": 0.029, "2024": 0.029, "2025": 0.029, "2026": 0.029, "2027": 0.029, "2028": 0.029, "2029": 0.029, "2030": 0.029}, {"CommId": "COM_zgbyv", "TsId": "TS_gd5pb", "2020": 0.028, "2021": 0.028, "2022": 0.028, "2023": 0.028, "2024": 0.028, "2025": 0.028, "2026": 0.028, "2027": 0.028, "2028": 0.028, "2029": 0.028, "2030": 0.028}, {"CommId": "COM_zgbyv", "TsId": "TS_95crx", "2020": 0.03, "2021": 0.03, "2022": 0.03, "2023": 0.03, "2024": 0.03, "2025": 0.03, "2026": 0.03, "2027": 0.03, "2028": 0.03, "2029": 0.03, "2030": 0.03}, {"CommId": "COM_zgbyv", "TsId": "TS_y5kiu", "2020": 0.032, "2021": 0.032, "2022": 0.032, "2023": 0.032, "2024": 0.032, "2025": 0.032, "2026": 0.032, "2027": 0.032, "2028": 0.032, "2029": 0.032, "2030": 0.032}, {"CommId": "COM_zgbyv", "TsId": "TS_p7ne8", "2020": 0.029, "2021": 0.029, "2022": 0.029, "2023": 0.029, "2024": 0.029, "2025": 0.029, "2026": 0.029, "2027": 0.029, "2028": 0.029, "2029": 0.029, "2030": 0.029}, {"CommId": "COM_zgbyv", "TsId": "TS_7a2xw", "2020": 0.024, "2021": 0.024, "2022": 0.024, "2023": 0.024, "2024": 0.024, "2025": 0.024, "2026": 0.024, "2027": 0.024, "2028": 0.024, "2029": 0.024, "2030": 0.024}, {"CommId": "COM_zgbyv", "TsId": "TS_2wklo", "2020": 0.047, "2021": 0.047, "2022": 0.047, "2023": 0.047, "2024": 0.047, "2025": 0.047, "2026": 0.047, "2027": 0.047, "2028": 0.047, "2029": 0.047, "2030": 0.047}, {"CommId": "COM_zgbyv", "TsId": "TS_gqaix", "2020": 0.047, "2021": 0.047, "2022": 0.047, "2023": 0.047, "2024": 0.047, "2025": 0.047, "2026": 0.047, "2027": 0.047, "2028": 0.047, "2029": 0.047, "2030": 0.047}, {"CommId": "COM_zgbyv", "TsId": "TS_6yyu1", "2020": 0.051, "2021": 0.051, "2022": 0.051, "2023": 0.051, "2024": 0.051, "2025": 0.051, "2026": 0.051, "2027": 0.051, "2028": 0.051, "2029": 0.051, "2030": 0.051}, {"CommId": "COM_zgbyv", "TsId": "TS_nz0lf", "2020": 0.057, "2021": 0.057, "2022": 0.057, "2023": 0.057, "2024": 0.057, "2025": 0.057, "2026": 0.057, "2027": 0.057, "2028": 0.057, "2029": 0.057, "2030": 0.057}, {"CommId": "COM_zgbyv", "TsId": "TS_ajq03", "2020": 0.06, "2021": 0.06, "2022": 0.06, "2023": 0.06, "2024": 0.06, "2025": 0.06, "2026": 0.06, "2027": 0.06, "2028": 0.06, "2029": 0.06, "2030": 0.06}, {"CommId": "COM_zgbyv", "TsId": "TS_f2o76", "2020": 0.06, "2021": 0.06, "2022": 0.06, "2023": 0.06, "2024": 0.06, "2025": 0.06, "2026": 0.06, "2027": 0.06, "2028": 0.06, "2029": 0.06, "2030": 0.06}, {"CommId": "COM_zgbyv", "TsId": "TS_ilcuv", "2020": 0.06, "2021": 0.06, "2022": 0.06, "2023": 0.06, "2024": 0.06, "2025": 0.06, "2026": 0.06, "2027": 0.06, "2028": 0.06, "2029": 0.06, "2030": 0.06}, {"CommId": "COM_zgbyv", "TsId": "TS_cvlhc", "2020": 0.059, "2021": 0.059, "2022": 0.059, "2023": 0.059, "2024": 0.059, "2025": 0.059, "2026": 0.059, "2027": 0.059, "2028": 0.059, "2029": 0.059, "2030": 0.059}, {"CommId": "COM_zgbyv", "TsId": "TS_111zn", "2020": 0.06, "2021": 0.06, "2022": 0.06, "2023": 0.06, "2024": 0.06, "2025": 0.06, "2026": 0.06, "2027": 0.06, "2028": 0.06, "2029": 0.06, "2030": 0.06}, {"CommId": "COM_zgbyv", "TsId": "TS_kpan0", "2020": 0.063, "2021": 0.063, "2022": 0.063, "2023": 0.063, "2024": 0.063, "2025": 0.063, "2026": 0.063, "2027": 0.063, "2028": 0.063, "2029": 0.063, "2030": 0.063}, {"CommId": "COM_zgbyv", "TsId": "TS_u6kiw", "2020": 0.058, "2021": 0.058, "2022": 0.058, "2023": 0.058, "2024": 0.058, "2025": 0.058, "2026": 0.058, "2027": 0.058, "2028": 0.058, "2029": 0.058, "2030": 0.058}, {"CommId": "COM_zgbyv", "TsId": "TS_lxasb", "2020": 0.05, "2021": 0.05, "2022": 0.05, "2023": 0.05, "2024": 0.05, "2025": 0.05, "2026": 0.05, "2027": 0.05, "2028": 0.05, "2029": 0.05, "2030": 0.05}]}}