{"CCM": {"SC_0": [{"2020": 1, "2021": 1, "2022": 1, "2023": 1, "2024": 1, "2025": 1, "2026": 1, "2027": 1, "2028": 1, "2029": 1, "2030": 1, "TechId": "TEC_bcfdi", "ConId": "CO_wybqe"}, {"2020": -1, "2021": -1, "2022": -1, "2023": -1, "2024": -1, "2025": -1, "2026": -1, "2027": -1, "2028": -1, "2029": -1, "2030": -1, "TechId": "TEC_akx9t", "ConId": "CO_wybqe"}]}, "CNCM": {"SC_0": [{"TechId": "TEC_bcfdi", "ConId": "CO_wybqe", "2020": 0, "2021": 0, "2022": 0, "2023": 0, "2024": 0, "2025": 0, "2026": 0, "2027": 0, "2028": 0, "2029": 0, "2030": 0}, {"TechId": "TEC_akx9t", "ConId": "CO_wybqe", "2020": 0, "2021": 0, "2022": 0, "2023": 0, "2024": 0, "2025": 0, "2026": 0, "2027": 0, "2028": 0, "2029": 0, "2030": 0}]}, "CAM": {"SC_0": [{"TechId": "TEC_bcfdi", "ConId": "CO_wybqe", "2020": 0, "2021": 0, "2022": 0, "2023": 0, "2024": 0, "2025": 0, "2026": 0, "2027": 0, "2028": 0, "2029": 0, "2030": 0}, {"TechId": "TEC_akx9t", "ConId": "CO_wybqe", "2020": 0, "2021": 0, "2022": 0, "2023": 0, "2024": 0, "2025": 0, "2026": 0, "2027": 0, "2028": 0, "2029": 0, "2030": 0}]}}