{"IAR": {"SC_0": [{"TechId": "TEC_h689z", "CommId": "COM_haxr4", "MoId": 1, "2020": 1, "2021": 1, "2022": 1, "2023": 1, "2024": 1, "2025": 1, "2026": 1, "2027": 1, "2028": 1, "2029": 1, "2030": 1}, {"TechId": "TEC_h689z", "CommId": "COM_haxr4", "MoId": 2, "2020": 0, "2021": 0, "2022": 0, "2023": 0, "2024": 0, "2025": 0, "2026": 0, "2027": 0, "2028": 0, "2029": 0, "2030": 0}, {"TechId": "TEC_ux5g9", "CommId": "COM_7alep", "MoId": 1, "2020": 1, "2021": 1, "2022": 1, "2023": 1, "2024": 1, "2025": 1, "2026": 1, "2027": 1, "2028": 1, "2029": 1, "2030": 1}, {"TechId": "TEC_ux5g9", "CommId": "COM_7alep", "MoId": 2, "2020": 0, "2021": 0, "2022": 0, "2023": 0, "2024": 0, "2025": 0, "2026": 0, "2027": 0, "2028": 0, "2029": 0, "2030": 0}, {"TechId": "TEC_klv3f", "CommId": "COM_85oug", "MoId": 1, "2020": 3, "2021": 3, "2022": 3, "2023": 3, "2024": 3, "2025": 3, "2026": 3, "2027": 3, "2028": 3, "2029": 3, "2030": 3}, {"TechId": "TEC_klv3f", "CommId": "COM_85oug", "MoId": 2, "2020": 0, "2021": 0, "2022": 0, "2023": 0, "2024": 0, "2025": 0, "2026": 0, "2027": 0, "2028": 0, "2029": 0, "2030": 0}, {"TechId": "TEC_r9tuz", "CommId": "COM_jolp6", "MoId": 1, "2020": 3, "2021": 3, "2022": 3, "2023": 3, "2024": 3, "2025": 3, "2026": 3, "2027": 3, "2028": 3, "2029": 3, "2030": 3}, {"TechId": "TEC_r9tuz", "CommId": "COM_jolp6", "MoId": 2, "2020": 0, "2021": 0, "2022": 0, "2023": 0, "2024": 0, "2025": 0, "2026": 0, "2027": 0, "2028": 0, "2029": 0, "2030": 0}, {"TechId": "TEC_y11dz", "CommId": "COM_9w543", "MoId": 1, "2020": 1, "2021": 1, "2022": 1, "2023": 1, "2024": 1, "2025": 1, "2026": 1, "2027": 1, "2028": 1, "2029": 1, "2030": 1}, {"TechId": "TEC_y11dz", "CommId": "COM_9w543", "MoId": 2, "2020": 0, "2021": 0, "2022": 0, "2023": 0, "2024": 0, "2025": 0, "2026": 0, "2027": 0, "2028": 0, "2029": 0, "2030": 0}, {"TechId": "TEC_k2clh", "CommId": "COM_vlqgh", "MoId": 1, "2020": 1, "2021": 1, "2022": 1, "2023": 1, "2024": 1, "2025": 1, "2026": 1, "2027": 1, "2028": 1, "2029": 1, "2030": 1}, {"TechId": "TEC_k2clh", "CommId": "COM_vlqgh", "MoId": 2, "2020": 0, "2021": 0, "2022": 0, "2023": 0, "2024": 0, "2025": 0, "2026": 0, "2027": 0, "2028": 0, "2029": 0, "2030": 0}, {"TechId": "TEC_doa91", "CommId": "COM_8xmyd", "MoId": 1, "2020": 1, "2021": 1, "2022": 1, "2023": 1, "2024": 1, "2025": 1, "2026": 1, "2027": 1, "2028": 1, "2029": 1, "2030": 1}, {"TechId": "TEC_doa91", "CommId": "COM_8xmyd", "MoId": 2, "2020": 0, "2021": 0, "2022": 0, "2023": 0, "2024": 0, "2025": 0, "2026": 0, "2027": 0, "2028": 0, "2029": 0, "2030": 0}, {"TechId": "TEC_bcfdi", "CommId": "COM_9w543", "MoId": 1, "2020": 1, "2021": 1, "2022": 1, "2023": 1, "2024": 1, "2025": 1, "2026": 1, "2027": 1, "2028": 1, "2029": 1, "2030": 1}, {"TechId": "TEC_bcfdi", "CommId": "COM_9w543", "MoId": 2, "2020": 0, "2021": 0, "2022": 0, "2023": 0, "2024": 0, "2025": 0, "2026": 0, "2027": 0, "2028": 0, "2029": 0, "2030": 0}]}, "OAR": {"SC_0": [{"TechId": "TEC_cs6qk", "CommId": "COM_haxr4", "MoId": 1, "2020": 1, "2021": 1, "2022": 1, "2023": 1, "2024": 1, "2025": 1, "2026": 1, "2027": 1, "2028": 1, "2029": 1, "2030": 1}, {"TechId": "TEC_cs6qk", "CommId": "COM_haxr4", "MoId": 2, "2020": 0, "2021": 0, "2022": 0, "2023": 0, "2024": 0, "2025": 0, "2026": 0, "2027": 0, "2028": 0, "2029": 0, "2030": 0}, {"TechId": "TEC_h689z", "CommId": "COM_9w543", "MoId": 1, "2020": 1, "2021": 1, "2022": 1, "2023": 1, "2024": 1, "2025": 1, "2026": 1, "2027": 1, "2028": 1, "2029": 1, "2030": 1}, {"TechId": "TEC_h689z", "CommId": "COM_9w543", "MoId": 2, "2020": 0, "2021": 0, "2022": 0, "2023": 0, "2024": 0, "2025": 0, "2026": 0, "2027": 0, "2028": 0, "2029": 0, "2030": 0}, {"TechId": "TEC_ypjbd", "CommId": "COM_7alep", "MoId": 1, "2020": 1, "2021": 1, "2022": 1, "2023": 1, "2024": 1, "2025": 1, "2026": 1, "2027": 1, "2028": 1, "2029": 1, "2030": 1}, {"TechId": "TEC_ypjbd", "CommId": "COM_7alep", "MoId": 2, "2020": 0, "2021": 0, "2022": 0, "2023": 0, "2024": 0, "2025": 0, "2026": 0, "2027": 0, "2028": 0, "2029": 0, "2030": 0}, {"TechId": "TEC_ux5g9", "CommId": "COM_9w543", "MoId": 1, "2020": 1, "2021": 1, "2022": 1, "2023": 1, "2024": 1, "2025": 1, "2026": 1, "2027": 1, "2028": 1, "2029": 1, "2030": 1}, {"TechId": "TEC_ux5g9", "CommId": "COM_9w543", "MoId": 2, "2020": 0, "2021": 0, "2022": 0, "2023": 0, "2024": 0, "2025": 0, "2026": 0, "2027": 0, "2028": 0, "2029": 0, "2030": 0}, {"TechId": "TEC_33p16", "CommId": "COM_85oug", "MoId": 1, "2020": 1, "2021": 1, "2022": 1, "2023": 1, "2024": 1, "2025": 1, "2026": 1, "2027": 1, "2028": 1, "2029": 1, "2030": 1}, {"TechId": "TEC_33p16", "CommId": "COM_85oug", "MoId": 2, "2020": 0, "2021": 0, "2022": 0, "2023": 0, "2024": 0, "2025": 0, "2026": 0, "2027": 0, "2028": 0, "2029": 0, "2030": 0}, {"TechId": "TEC_klv3f", "CommId": "COM_9w543", "MoId": 1, "2020": 1, "2021": 1, "2022": 1, "2023": 1, "2024": 1, "2025": 1, "2026": 1, "2027": 1, "2028": 1, "2029": 1, "2030": 1}, {"TechId": "TEC_klv3f", "CommId": "COM_9w543", "MoId": 2, "2020": 0, "2021": 0, "2022": 0, "2023": 0, "2024": 0, "2025": 0, "2026": 0, "2027": 0, "2028": 0, "2029": 0, "2030": 0}, {"TechId": "TEC_65khz", "CommId": "COM_jolp6", "MoId": 1, "2020": 1, "2021": 1, "2022": 1, "2023": 1, "2024": 1, "2025": 1, "2026": 1, "2027": 1, "2028": 1, "2029": 1, "2030": 1}, {"TechId": "TEC_65khz", "CommId": "COM_jolp6", "MoId": 2, "2020": 0, "2021": 0, "2022": 0, "2023": 0, "2024": 0, "2025": 0, "2026": 0, "2027": 0, "2028": 0, "2029": 0, "2030": 0}, {"TechId": "TEC_r9tuz", "CommId": "COM_9w543", "MoId": 1, "2020": 1, "2021": 1, "2022": 1, "2023": 1, "2024": 1, "2025": 1, "2026": 1, "2027": 1, "2028": 1, "2029": 1, "2030": 1}, {"TechId": "TEC_r9tuz", "CommId": "COM_9w543", "MoId": 2, "2020": 0, "2021": 0, "2022": 0, "2023": 0, "2024": 0, "2025": 0, "2026": 0, "2027": 0, "2028": 0, "2029": 0, "2030": 0}, {"TechId": "TEC_y11dz", "CommId": "COM_vlqgh", "MoId": 1, "2020": 1, "2021": 1, "2022": 1, "2023": 1, "2024": 1, "2025": 1, "2026": 1, "2027": 1, "2028": 1, "2029": 1, "2030": 1}, {"TechId": "TEC_y11dz", "CommId": "COM_vlqgh", "MoId": 2, "2020": 0, "2021": 0, "2022": 0, "2023": 0, "2024": 0, "2025": 0, "2026": 0, "2027": 0, "2028": 0, "2029": 0, "2030": 0}, {"TechId": "TEC_k2clh", "CommId": "COM_8xmyd", "MoId": 1, "2020": 1, "2021": 1, "2022": 1, "2023": 1, "2024": 1, "2025": 1, "2026": 1, "2027": 1, "2028": 1, "2029": 1, "2030": 1}, {"TechId": "TEC_k2clh", "CommId": "COM_8xmyd", "MoId": 2, "2020": 0, "2021": 0, "2022": 0, "2023": 0, "2024": 0, "2025": 0, "2026": 0, "2027": 0, "2028": 0, "2029": 0, "2030": 0}, {"TechId": "TEC_doa91", "CommId": "COM_zgbyv", "MoId": 1, "2020": 1, "2021": 1, "2022": 1, "2023": 1, "2024": 1, "2025": 1, "2026": 1, "2027": 1, "2028": 1, "2029": 1, "2030": 1}, {"TechId": "TEC_doa91", "CommId": "COM_zgbyv", "MoId": 2, "2020": 0, "2021": 0, "2022": 0, "2023": 0, "2024": 0, "2025": 0, "2026": 0, "2027": 0, "2028": 0, "2029": 0, "2030": 0}, {"TechId": "TEC_akx9t", "CommId": "COM_9w543", "MoId": 1, "2020": 0, "2021": 0, "2022": 0, "2023": 0, "2024": 0, "2025": 0, "2026": 0, "2027": 0, "2028": 0, "2029": 0, "2030": 0}, {"TechId": "TEC_akx9t", "CommId": "COM_9w543", "MoId": 2, "2020": 1, "2021": 1, "2022": 1, "2023": 1, "2024": 1, "2025": 1, "2026": 1, "2027": 1, "2028": 1, "2029": 1, "2030": 1}]}}